id,url_id,user_id,event_type,timestamp,details
1,1,1,created,2025-10-12 20:32:37,"{""short_code"":""demo01"",""original_url"":""https://example.com/demo/landing""}"
2,2,341,created,2025-03-26 11:27:06,"{""short_code"":""7dgVFn"",""original_url"":""https://acme.dev/forest/beacon/2""}"
3,3,284,created,2025-11-13 21:33:08,"{""short_code"":""7zDKBD"",""original_url"":""https://acme.dev/young/window/3""}"
4,4,305,created,2025-02-25 21:51:32,"{""short_code"":""9nMjTK"",""original_url"":""https://opswise.net/rapid/meadow/4""}"
5,5,260,created,2025-09-17 19:59:05,"{""short_code"":""0ENnEp"",""original_url"":""https://relay.cloud/dawn/garden/5""}"
6,6,136,created,2025-11-14 07:30:58,"{""short_code"":""yJ04xm"",""original_url"":""https://example.com/quiet/network/6""}"
7,7,149,created,2025-12-16 14:16:58,"{""short_code"":""maAmLR"",""original_url"":""https://hackstack.io/navy/island/7""}"
8,8,261,created,2025-07-06 00:30:35,"{""short_code"":""Uzur13"",""original_url"":""https://relay.cloud/rapid/uplink/8""}"
9,9,272,created,2025-07-17 07:22:21,"{""short_code"":""ieji8t"",""original_url"":""https://hackstack.io/amber/pioneer/9""}"
10,10,173,created,2025-03-26 07:43:34,"{""short_code"":""fV54NC"",""original_url"":""https://relay.cloud/lively/pioneer/10""}"
11,11,295,created,2025-12-13 10:20:08,"{""short_code"":""hW0ogM"",""original_url"":""https://example.com/rapid/trail/11""}"
12,12,165,created,2025-12-03 01:46:29,"{""short_code"":""pcASAz"",""original_url"":""https://opswise.net/dawn/anchor/12""}"
13,13,254,created,2026-02-14 14:45:41,"{""short_code"":""PpX3LU"",""original_url"":""https://example.com/rapid/beacon/13""}"
14,14,155,created,2025-12-29 08:27:37,"{""short_code"":""VvliC1"",""original_url"":""https://hackstack.io/gold/yard/14""}"
15,15,273,created,2025-01-29 10:40:18,"{""short_code"":""irqcej"",""original_url"":""https://relay.cloud/rapid/trail/15""}"
16,16,306,created,2025-02-06 15:56:47,"{""short_code"":""OZoAlm"",""original_url"":""https://hackstack.io/quiet/signal/16""}"
17,17,381,created,2025-12-02 20:39:47,"{""short_code"":""GBFhVp"",""original_url"":""https://relay.cloud/gold/journey/17""}"
18,18,45,created,2026-01-02 06:59:14,"{""short_code"":""SGQA3H"",""original_url"":""https://example.com/brisk/trail/18""}"
19,19,149,created,2025-03-02 07:28:46,"{""short_code"":""0Oy28t"",""original_url"":""https://acme.dev/lively/network/19""}"
20,20,149,created,2025-07-05 06:13:04,"{""short_code"":""zdlezd"",""original_url"":""https://acme.dev/proud/engine/20""}"
21,21,21,created,2025-01-12 05:49:12,"{""short_code"":""tijaFw"",""original_url"":""https://relay.cloud/keen/garden/21""}"
22,22,60,created,2026-02-06 05:32:14,"{""short_code"":""5mlEPU"",""original_url"":""https://acme.dev/forest/journey/22""}"
23,23,151,created,2025-10-07 03:32:57,"{""short_code"":""lmihmM"",""original_url"":""https://acme.dev/ivory/lagoon/23""}"
24,24,87,created,2025-03-23 12:03:34,"{""short_code"":""Z1YZ5c"",""original_url"":""https://acme.dev/lively/network/24""}"
25,25,257,created,2025-03-18 10:34:25,"{""short_code"":""MMoF7z"",""original_url"":""https://relay.cloud/keen/meadow/25""}"
26,26,109,created,2025-06-02 00:32:18,"{""short_code"":""wyc9ZQ"",""original_url"":""https://example.com/harbor/quartz/26""}"
27,27,337,created,2025-06-23 03:04:09,"{""short_code"":""c5govL"",""original_url"":""https://seeded.app/navy/river/27""}"
28,28,71,created,2025-03-22 03:10:59,"{""short_code"":""C59ETO"",""original_url"":""https://acme.dev/gold/garden/28""}"
29,29,74,created,2025-01-06 22:35:25,"{""short_code"":""65ol3l"",""original_url"":""https://hackstack.io/lively/pioneer/29""}"
30,30,42,created,2025-03-19 00:12:45,"{""short_code"":""9cri9i"",""original_url"":""https://hackstack.io/cobalt/river/30""}"
31,31,23,created,2025-11-20 16:58:31,"{""short_code"":""LSRloR"",""original_url"":""https://acme.dev/tidy/delta/31""}"
32,32,258,created,2025-08-13 14:10:17,"{""short_code"":""Nd4415"",""original_url"":""https://relay.cloud/dawn/anchor/32""}"
33,33,340,created,2026-01-23 04:00:45,"{""short_code"":""X2FCwu"",""original_url"":""https://opswise.net/silver/signal/33""}"
34,34,320,created,2025-07-25 03:03:51,"{""short_code"":""rQBxQx"",""original_url"":""https://acme.dev/amber/valley/34""}"
35,35,22,created,2025-05-22 18:58:53,"{""short_code"":""I3EPwA"",""original_url"":""https://hackstack.io/warm/zenith/35""}"
36,36,101,created,2025-04-04 10:20:08,"{""short_code"":""of6ZCb"",""original_url"":""https://seeded.app/urban/field/36""}"
37,37,165,created,2026-01-29 16:29:03,"{""short_code"":""gUxpVQ"",""original_url"":""https://seeded.app/mellow/island/37""}"
38,38,398,created,2025-10-15 15:49:22,"{""short_code"":""gIQ2z1"",""original_url"":""https://seeded.app/proud/uplink/38""}"
39,39,40,created,2025-10-06 06:34:32,"{""short_code"":""CYLaJO"",""original_url"":""https://hackstack.io/navy/kernel/39""}"
40,40,76,created,2025-05-16 09:30:06,"{""short_code"":""Ba1BP1"",""original_url"":""https://opswise.net/young/network/40""}"
41,41,328,created,2025-03-03 22:16:49,"{""short_code"":""3zA6Uq"",""original_url"":""https://relay.cloud/quiet/valley/41""}"
42,42,130,created,2025-07-02 08:05:03,"{""short_code"":""ZvcnV6"",""original_url"":""https://acme.dev/brisk/orbit/42""}"
43,43,125,created,2025-04-14 19:31:39,"{""short_code"":""veOhtJ"",""original_url"":""https://example.com/dawn/beacon/43""}"
44,44,373,created,2025-01-28 03:29:41,"{""short_code"":""lVl8HA"",""original_url"":""https://example.com/ember/yard/44""}"
45,45,189,created,2025-02-16 21:09:30,"{""short_code"":""bDd3EC"",""original_url"":""https://opswise.net/harbor/uplink/45""}"
46,46,399,created,2026-02-15 22:15:50,"{""short_code"":""mHQSiq"",""original_url"":""https://acme.dev/proud/zenith/46""}"
47,47,363,created,2026-01-17 06:32:28,"{""short_code"":""mM8cAg"",""original_url"":""https://relay.cloud/brisk/trail/47""}"
48,48,152,created,2025-07-22 20:15:12,"{""short_code"":""8lgNyH"",""original_url"":""https://relay.cloud/tidy/field/48""}"
49,49,138,created,2025-12-10 00:06:52,"{""short_code"":""EzFSi4"",""original_url"":""https://example.com/navy/quartz/49""}"
50,50,117,created,2025-08-04 03:32:27,"{""short_code"":""ohyl3X"",""original_url"":""https://seeded.app/mellow/engine/50""}"
51,51,382,created,2025-01-02 16:20:49,"{""short_code"":""7W32yP"",""original_url"":""https://relay.cloud/rapid/network/51""}"
52,52,262,created,2025-02-10 14:11:57,"{""short_code"":""XMTAt3"",""original_url"":""https://example.com/jade/pioneer/52""}"
53,53,52,created,2026-01-26 04:25:37,"{""short_code"":""BSkKUS"",""original_url"":""https://opswise.net/proud/lagoon/53""}"
54,54,389,created,2025-05-14 02:15:50,"{""short_code"":""DzfXt0"",""original_url"":""https://seeded.app/forest/meadow/54""}"
55,55,112,created,2025-01-20 20:18:57,"{""short_code"":""J4nLaG"",""original_url"":""https://example.com/young/river/55""}"
56,56,54,created,2025-12-09 15:09:02,"{""short_code"":""q1oL5v"",""original_url"":""https://acme.dev/ivory/journey/56""}"
57,57,219,created,2025-01-12 08:41:47,"{""short_code"":""qbGeEx"",""original_url"":""https://relay.cloud/mellow/anchor/57""}"
58,58,11,created,2025-01-08 15:50:57,"{""short_code"":""6IqN6o"",""original_url"":""https://relay.cloud/amber/delta/58""}"
59,59,85,created,2025-04-20 07:39:53,"{""short_code"":""aegYgG"",""original_url"":""https://acme.dev/harbor/valley/59""}"
60,60,300,created,2026-01-05 03:47:24,"{""short_code"":""IdIDDm"",""original_url"":""https://hackstack.io/keen/beacon/60""}"
61,61,136,created,2025-03-22 12:38:15,"{""short_code"":""t7iVpH"",""original_url"":""https://seeded.app/gold/valley/61""}"
62,62,90,created,2025-11-14 22:02:47,"{""short_code"":""VrWoUp"",""original_url"":""https://opswise.net/young/network/62""}"
63,63,256,created,2025-11-16 06:30:58,"{""short_code"":""ZU4aj1"",""original_url"":""https://seeded.app/navy/delta/63""}"
64,64,25,created,2025-01-07 09:03:42,"{""short_code"":""DRGRbd"",""original_url"":""https://relay.cloud/young/journey/64""}"
65,65,382,created,2025-05-04 07:14:16,"{""short_code"":""FOE9f7"",""original_url"":""https://acme.dev/lively/yard/65""}"
66,66,162,created,2025-04-12 07:07:18,"{""short_code"":""EMQmgr"",""original_url"":""https://relay.cloud/navy/meadow/66""}"
67,67,385,created,2025-05-24 04:15:24,"{""short_code"":""c2m07F"",""original_url"":""https://acme.dev/mellow/journey/67""}"
68,68,200,created,2025-08-26 10:17:43,"{""short_code"":""AgaUwA"",""original_url"":""https://acme.dev/harbor/delta/68""}"
69,69,394,created,2025-10-05 03:36:28,"{""short_code"":""scc2hE"",""original_url"":""https://example.com/navy/valley/69""}"
70,70,223,created,2025-10-21 11:38:27,"{""short_code"":""SMnLuE"",""original_url"":""https://acme.dev/urban/quartz/70""}"
71,71,76,created,2025-06-22 18:16:14,"{""short_code"":""XRa9K2"",""original_url"":""https://acme.dev/mellow/garden/71""}"
72,72,341,created,2025-02-03 05:04:05,"{""short_code"":""lWZdTA"",""original_url"":""https://example.com/proud/quartz/72""}"
73,73,337,created,2026-01-18 05:18:57,"{""short_code"":""HBl6J7"",""original_url"":""https://example.com/navy/harvest/73""}"
74,74,230,created,2025-02-02 01:23:20,"{""short_code"":""5F7cJa"",""original_url"":""https://opswise.net/quiet/yard/74""}"
75,75,258,created,2026-02-10 11:31:02,"{""short_code"":""3fMGhs"",""original_url"":""https://hackstack.io/opal/meadow/75""}"
76,76,302,created,2025-09-30 04:00:49,"{""short_code"":""g5tav6"",""original_url"":""https://relay.cloud/quiet/lagoon/76""}"
77,77,116,created,2025-08-07 00:30:59,"{""short_code"":""2T14iG"",""original_url"":""https://hackstack.io/ember/signal/77""}"
78,78,298,created,2025-07-19 12:21:49,"{""short_code"":""2ytD4m"",""original_url"":""https://opswise.net/jade/engine/78""}"
79,79,123,created,2025-05-05 18:56:33,"{""short_code"":""IFf1ar"",""original_url"":""https://opswise.net/warm/zenith/79""}"
80,80,61,created,2025-04-23 16:12:05,"{""short_code"":""e2BXRl"",""original_url"":""https://seeded.app/ember/window/80""}"
81,81,95,created,2025-09-18 02:15:30,"{""short_code"":""5ogrva"",""original_url"":""https://acme.dev/clear/engine/81""}"
82,82,150,created,2025-12-11 06:58:38,"{""short_code"":""XoQWm8"",""original_url"":""https://example.com/opal/river/82""}"
83,83,160,created,2025-11-05 12:25:46,"{""short_code"":""FK4xtJ"",""original_url"":""https://hackstack.io/amber/field/83""}"
84,84,94,created,2025-06-14 03:50:29,"{""short_code"":""NXoSL2"",""original_url"":""https://example.com/mellow/valley/84""}"
85,85,80,created,2026-01-11 13:20:26,"{""short_code"":""VQMim3"",""original_url"":""https://relay.cloud/proud/lagoon/85""}"
86,86,90,created,2025-10-24 03:28:47,"{""short_code"":""8evGrM"",""original_url"":""https://acme.dev/ember/signal/86""}"
87,87,232,created,2025-08-20 07:51:31,"{""short_code"":""OarvRs"",""original_url"":""https://example.com/rapid/zenith/87""}"
88,88,151,created,2025-08-14 02:41:03,"{""short_code"":""8me8XZ"",""original_url"":""https://hackstack.io/forest/zenith/88""}"
89,89,324,created,2025-07-30 12:55:49,"{""short_code"":""4dWVvD"",""original_url"":""https://opswise.net/proud/pioneer/89""}"
90,90,219,created,2025-07-24 08:42:14,"{""short_code"":""EM3n3M"",""original_url"":""https://opswise.net/keen/yard/90""}"
91,91,360,created,2025-03-31 07:25:03,"{""short_code"":""7rAVuB"",""original_url"":""https://seeded.app/calm/quartz/91""}"
92,92,189,created,2025-06-09 11:35:29,"{""short_code"":""fHY5yZ"",""original_url"":""https://acme.dev/calm/orbit/92""}"
93,93,198,created,2025-08-11 22:56:22,"{""short_code"":""rElCC5"",""original_url"":""https://example.com/harbor/engine/93""}"
94,94,314,created,2025-11-13 23:00:36,"{""short_code"":""JVIE4Q"",""original_url"":""https://opswise.net/vivid/valley/94""}"
95,95,164,created,2025-02-12 02:19:43,"{""short_code"":""HBuwJV"",""original_url"":""https://seeded.app/ember/journey/95""}"
96,96,160,created,2025-12-29 18:44:52,"{""short_code"":""2fqdrO"",""original_url"":""https://hackstack.io/mellow/delta/96""}"
97,97,261,created,2025-03-16 10:52:50,"{""short_code"":""0u5cA4"",""original_url"":""https://opswise.net/urban/engine/97""}"
98,98,56,created,2025-03-03 12:01:55,"{""short_code"":""MHr4ia"",""original_url"":""https://seeded.app/rapid/orbit/98""}"
99,99,384,created,2025-01-11 20:01:26,"{""short_code"":""YAYQYK"",""original_url"":""https://example.com/vivid/orbit/99""}"
100,100,394,created,2025-08-29 01:25:48,"{""short_code"":""azf2fK"",""original_url"":""https://example.com/silver/delta/100""}"
101,101,298,created,2025-10-22 02:41:26,"{""short_code"":""z15SSz"",""original_url"":""https://relay.cloud/opal/anchor/101""}"
102,102,253,created,2026-02-01 01:14:36,"{""short_code"":""3VMqoV"",""original_url"":""https://acme.dev/opal/field/102""}"
103,103,273,created,2025-11-11 02:35:24,"{""short_code"":""VujZNg"",""original_url"":""https://example.com/young/journey/103""}"
104,104,158,created,2025-07-16 10:33:07,"{""short_code"":""nvJ9ke"",""original_url"":""https://opswise.net/gold/network/104""}"
105,105,94,created,2026-01-25 01:22:48,"{""short_code"":""DjeFSo"",""original_url"":""https://relay.cloud/brisk/delta/105""}"
106,106,27,created,2025-03-25 07:14:42,"{""short_code"":""6qrXMw"",""original_url"":""https://opswise.net/jade/zenith/106""}"
107,107,358,created,2026-02-17 16:14:51,"{""short_code"":""O3tIOW"",""original_url"":""https://relay.cloud/clear/valley/107""}"
108,108,157,created,2025-01-31 00:31:05,"{""short_code"":""a2bA8K"",""original_url"":""https://acme.dev/quiet/delta/108""}"
109,109,138,created,2025-01-04 04:02:44,"{""short_code"":""gUp2Oq"",""original_url"":""https://hackstack.io/amber/window/109""}"
110,110,347,created,2025-06-14 06:06:08,"{""short_code"":""ejNVKX"",""original_url"":""https://acme.dev/dawn/kernel/110""}"
111,111,98,created,2025-04-16 15:49:22,"{""short_code"":""3DzG31"",""original_url"":""https://seeded.app/ember/zenith/111""}"
112,112,9,created,2025-05-08 09:51:27,"{""short_code"":""tRWNsw"",""original_url"":""https://acme.dev/forest/network/112""}"
113,113,155,created,2025-05-03 06:53:23,"{""short_code"":""rZWbsR"",""original_url"":""https://seeded.app/opal/window/113""}"
114,114,355,created,2026-01-01 16:47:21,"{""short_code"":""TthcpA"",""original_url"":""https://seeded.app/navy/kernel/114""}"
115,115,157,created,2025-11-14 03:13:23,"{""short_code"":""dkD2xP"",""original_url"":""https://acme.dev/jade/kernel/115""}"
116,116,313,created,2025-11-16 20:05:42,"{""short_code"":""dTwoJr"",""original_url"":""https://relay.cloud/ember/beacon/116""}"
117,117,290,created,2025-01-13 06:14:20,"{""short_code"":""qqWxsJ"",""original_url"":""https://relay.cloud/dawn/anchor/117""}"
118,118,99,created,2026-02-01 01:23:31,"{""short_code"":""4VM1oU"",""original_url"":""https://acme.dev/harbor/trail/118""}"
119,119,80,created,2025-12-01 12:50:59,"{""short_code"":""8hfzc1"",""original_url"":""https://opswise.net/warm/canyon/119""}"
120,120,173,created,2025-06-08 00:27:02,"{""short_code"":""20DD36"",""original_url"":""https://hackstack.io/amber/delta/120""}"
121,121,58,created,2025-02-23 00:58:00,"{""short_code"":""GUyKCW"",""original_url"":""https://acme.dev/opal/kernel/121""}"
122,122,212,created,2025-12-06 22:55:10,"{""short_code"":""d2EpwF"",""original_url"":""https://opswise.net/young/quartz/122""}"
123,123,330,created,2026-02-16 22:58:17,"{""short_code"":""D7pNOO"",""original_url"":""https://seeded.app/gold/island/123""}"
124,124,293,created,2025-05-25 21:18:29,"{""short_code"":""HldeSM"",""original_url"":""https://opswise.net/amber/zenith/124""}"
125,125,104,created,2025-06-01 16:20:06,"{""short_code"":""TTigSU"",""original_url"":""https://relay.cloud/urban/journey/125""}"
126,126,322,created,2025-07-26 11:44:04,"{""short_code"":""7PlDgo"",""original_url"":""https://relay.cloud/ivory/field/126""}"
127,127,296,created,2025-05-10 21:27:08,"{""short_code"":""szngDz"",""original_url"":""https://hackstack.io/amber/signal/127""}"
128,128,228,created,2025-04-30 08:09:13,"{""short_code"":""OCy9HY"",""original_url"":""https://example.com/harbor/field/128""}"
129,129,386,created,2025-10-21 03:43:58,"{""short_code"":""gKnNAM"",""original_url"":""https://seeded.app/jade/valley/129""}"
130,130,247,created,2025-10-11 00:03:47,"{""short_code"":""CSowku"",""original_url"":""https://acme.dev/silver/meadow/130""}"
131,131,243,created,2025-01-08 01:33:06,"{""short_code"":""ivkdkt"",""original_url"":""https://opswise.net/brisk/kernel/131""}"
132,132,351,created,2025-08-10 17:01:06,"{""short_code"":""TDRfjf"",""original_url"":""https://example.com/harbor/pioneer/132""}"
133,133,174,created,2025-06-20 21:44:15,"{""short_code"":""90fFXG"",""original_url"":""https://relay.cloud/quiet/valley/133""}"
134,134,95,created,2025-06-09 08:33:20,"{""short_code"":""PAIQjf"",""original_url"":""https://opswise.net/gold/island/134""}"
135,135,244,created,2025-01-26 23:49:25,"{""short_code"":""Dg2qXU"",""original_url"":""https://example.com/amber/orbit/135""}"
136,136,206,created,2025-12-21 00:46:34,"{""short_code"":""F3d1kf"",""original_url"":""https://opswise.net/clear/river/136""}"
137,137,1,created,2025-01-12 17:53:51,"{""short_code"":""WQrvRv"",""original_url"":""https://hackstack.io/warm/kernel/137""}"
138,138,238,created,2025-10-04 17:03:25,"{""short_code"":""epoteu"",""original_url"":""https://opswise.net/young/valley/138""}"
139,139,269,created,2025-12-20 05:54:16,"{""short_code"":""aU9oKB"",""original_url"":""https://seeded.app/proud/quartz/139""}"
140,140,126,created,2025-11-22 09:09:34,"{""short_code"":""AdC4ss"",""original_url"":""https://acme.dev/urban/beacon/140""}"
141,141,140,created,2025-02-05 11:48:40,"{""short_code"":""khQMlU"",""original_url"":""https://opswise.net/harbor/network/141""}"
142,142,374,created,2025-01-26 11:47:44,"{""short_code"":""ftxXvU"",""original_url"":""https://opswise.net/rapid/canyon/142""}"
143,143,390,created,2026-01-05 15:40:06,"{""short_code"":""5ThU8j"",""original_url"":""https://seeded.app/proud/zenith/143""}"
144,144,112,created,2025-06-01 10:35:50,"{""short_code"":""Zq6De9"",""original_url"":""https://opswise.net/ivory/valley/144""}"
145,145,62,created,2025-05-26 01:17:52,"{""short_code"":""FEKlto"",""original_url"":""https://relay.cloud/calm/yard/145""}"
146,146,57,created,2025-03-06 03:10:37,"{""short_code"":""rOcrRz"",""original_url"":""https://seeded.app/calm/river/146""}"
147,147,345,created,2026-01-20 20:08:38,"{""short_code"":""qS5s1m"",""original_url"":""https://seeded.app/ember/river/147""}"
148,148,32,created,2026-02-07 16:57:19,"{""short_code"":""MMrihm"",""original_url"":""https://acme.dev/lively/beacon/148""}"
149,149,292,created,2025-11-23 07:56:10,"{""short_code"":""Y0sSuU"",""original_url"":""https://hackstack.io/dawn/engine/149""}"
150,150,3,created,2025-04-25 14:33:54,"{""short_code"":""y55XXY"",""original_url"":""https://acme.dev/cobalt/canyon/150""}"
151,151,386,created,2025-05-16 06:33:37,"{""short_code"":""YflrPN"",""original_url"":""https://seeded.app/amber/anchor/151""}"
152,152,47,created,2025-03-10 15:14:44,"{""short_code"":""33PxLs"",""original_url"":""https://acme.dev/cobalt/island/152""}"
153,153,9,created,2025-12-18 05:02:26,"{""short_code"":""ziEqIf"",""original_url"":""https://acme.dev/dawn/window/153""}"
154,154,109,created,2025-06-20 11:35:27,"{""short_code"":""LdUizN"",""original_url"":""https://hackstack.io/brisk/meadow/154""}"
155,155,388,created,2025-01-23 07:48:06,"{""short_code"":""fK9dLD"",""original_url"":""https://seeded.app/ivory/kernel/155""}"
156,156,40,created,2025-05-27 01:20:32,"{""short_code"":""9YXq6N"",""original_url"":""https://acme.dev/silver/signal/156""}"
157,157,239,created,2026-01-18 02:52:03,"{""short_code"":""aYjXZR"",""original_url"":""https://opswise.net/clear/delta/157""}"
158,158,33,created,2025-04-21 00:04:17,"{""short_code"":""eWU32S"",""original_url"":""https://example.com/lively/network/158""}"
159,159,33,created,2025-09-04 19:00:21,"{""short_code"":""oK1VLb"",""original_url"":""https://acme.dev/rapid/field/159""}"
160,160,146,created,2025-08-15 14:39:59,"{""short_code"":""A5Iiis"",""original_url"":""https://acme.dev/warm/yard/160""}"
161,161,178,created,2026-01-25 14:43:20,"{""short_code"":""6nZM8J"",""original_url"":""https://hackstack.io/harbor/field/161""}"
162,162,157,created,2025-10-08 12:39:14,"{""short_code"":""hvXQwP"",""original_url"":""https://seeded.app/harbor/field/162""}"
163,163,134,created,2025-06-07 11:50:58,"{""short_code"":""jLpG7N"",""original_url"":""https://relay.cloud/keen/harvest/163""}"
164,164,291,created,2025-11-24 05:41:35,"{""short_code"":""hh64nA"",""original_url"":""https://example.com/urban/delta/164""}"
165,165,39,created,2026-02-14 12:42:49,"{""short_code"":""vbVg2H"",""original_url"":""https://opswise.net/gold/anchor/165""}"
166,166,304,created,2025-04-05 17:21:10,"{""short_code"":""jTQ3Cu"",""original_url"":""https://hackstack.io/brisk/river/166""}"
167,167,232,created,2025-12-27 17:37:06,"{""short_code"":""AyYdFY"",""original_url"":""https://opswise.net/vivid/zenith/167""}"
168,168,371,created,2025-03-26 06:24:49,"{""short_code"":""S0mXAB"",""original_url"":""https://acme.dev/mellow/anchor/168""}"
169,169,45,created,2025-02-08 01:14:29,"{""short_code"":""Esg3Ba"",""original_url"":""https://example.com/quiet/journey/169""}"
170,170,202,created,2025-10-15 22:42:39,"{""short_code"":""IHZx0D"",""original_url"":""https://relay.cloud/silver/zenith/170""}"
171,171,318,created,2025-02-01 17:08:18,"{""short_code"":""KyjJhg"",""original_url"":""https://opswise.net/jade/signal/171""}"
172,172,23,created,2026-02-06 07:14:32,"{""short_code"":""5PvRmi"",""original_url"":""https://seeded.app/proud/harvest/172""}"
173,173,46,created,2025-08-29 04:22:21,"{""short_code"":""VaM4Zm"",""original_url"":""https://relay.cloud/urban/network/173""}"
174,174,91,created,2025-12-04 02:40:21,"{""short_code"":""HFyIxp"",""original_url"":""https://example.com/urban/canyon/174""}"
175,175,2,created,2025-05-05 15:46:47,"{""short_code"":""zKWIvB"",""original_url"":""https://opswise.net/ivory/journey/175""}"
176,176,156,created,2025-05-25 01:49:35,"{""short_code"":""38IyV4"",""original_url"":""https://seeded.app/silver/beacon/176""}"
177,177,280,created,2025-12-19 13:29:06,"{""short_code"":""mO5VAi"",""original_url"":""https://example.com/jade/delta/177""}"
178,178,46,created,2025-02-24 05:17:06,"{""short_code"":""Q56LQs"",""original_url"":""https://hackstack.io/young/delta/178""}"
179,179,78,created,2026-01-31 07:52:33,"{""short_code"":""2qtmm8"",""original_url"":""https://acme.dev/ember/canyon/179""}"
180,180,274,created,2025-12-28 01:30:40,"{""short_code"":""kH3Kz4"",""original_url"":""https://acme.dev/harbor/journey/180""}"
181,181,106,created,2026-02-08 11:26:26,"{""short_code"":""CDZ9YZ"",""original_url"":""https://hackstack.io/calm/signal/181""}"
182,182,321,created,2025-04-23 04:11:36,"{""short_code"":""p02oSV"",""original_url"":""https://relay.cloud/clear/zenith/182""}"
183,183,295,created,2025-06-16 10:00:44,"{""short_code"":""32vq05"",""original_url"":""https://seeded.app/brisk/kernel/183""}"
184,184,383,created,2025-02-22 07:15:00,"{""short_code"":""PBrVFE"",""original_url"":""https://seeded.app/warm/orbit/184""}"
185,185,238,created,2025-10-19 14:34:53,"{""short_code"":""5lV8bO"",""original_url"":""https://relay.cloud/ember/yard/185""}"
186,186,27,created,2025-05-06 13:06:15,"{""short_code"":""RUozB5"",""original_url"":""https://opswise.net/ivory/orbit/186""}"
187,187,92,created,2025-04-06 13:13:11,"{""short_code"":""p8MoaC"",""original_url"":""https://hackstack.io/silver/quartz/187""}"
188,188,23,created,2026-02-08 20:57:19,"{""short_code"":""4OGWvX"",""original_url"":""https://opswise.net/calm/quartz/188""}"
189,189,103,created,2025-02-16 01:47:39,"{""short_code"":""wEFrRE"",""original_url"":""https://relay.cloud/dawn/beacon/189""}"
190,190,313,created,2025-01-18 09:33:54,"{""short_code"":""M0IIpL"",""original_url"":""https://seeded.app/gold/river/190""}"
191,191,15,created,2025-07-18 17:01:32,"{""short_code"":""musyto"",""original_url"":""https://hackstack.io/silver/canyon/191""}"
192,192,299,created,2025-03-04 22:28:25,"{""short_code"":""kMfYuY"",""original_url"":""https://hackstack.io/cobalt/pioneer/192""}"
193,193,107,created,2025-07-22 06:49:35,"{""short_code"":""XNqkjZ"",""original_url"":""https://opswise.net/proud/orbit/193""}"
194,194,143,created,2025-12-02 10:48:02,"{""short_code"":""BrkWoU"",""original_url"":""https://example.com/lively/beacon/194""}"
195,195,190,created,2025-05-13 05:44:16,"{""short_code"":""DxEWJL"",""original_url"":""https://hackstack.io/cobalt/island/195""}"
196,196,86,created,2025-08-20 12:02:43,"{""short_code"":""Hy24Tu"",""original_url"":""https://acme.dev/forest/trail/196""}"
197,197,153,created,2025-12-19 21:01:36,"{""short_code"":""t2sflR"",""original_url"":""https://opswise.net/brisk/river/197""}"
198,198,164,created,2025-05-05 10:37:55,"{""short_code"":""AK4CKD"",""original_url"":""https://seeded.app/dawn/yard/198""}"
199,199,232,created,2025-01-03 03:45:38,"{""short_code"":""arTLAn"",""original_url"":""https://hackstack.io/warm/journey/199""}"
200,200,262,created,2025-03-08 21:54:22,"{""short_code"":""6Jc11H"",""original_url"":""https://example.com/vivid/window/200""}"
201,201,204,created,2025-12-01 10:08:04,"{""short_code"":""MAE24A"",""original_url"":""https://opswise.net/calm/pioneer/201""}"
202,202,56,created,2025-08-23 18:36:53,"{""short_code"":""cNTuYT"",""original_url"":""https://acme.dev/proud/network/202""}"
203,203,312,created,2025-06-16 04:31:13,"{""short_code"":""T2jYy2"",""original_url"":""https://opswise.net/ivory/signal/203""}"
204,204,342,created,2025-06-11 04:51:07,"{""short_code"":""J12j6f"",""original_url"":""https://acme.dev/cobalt/window/204""}"
205,205,80,created,2025-06-05 19:50:20,"{""short_code"":""B6Wajt"",""original_url"":""https://hackstack.io/amber/quartz/205""}"
206,206,81,created,2025-05-11 07:27:34,"{""short_code"":""5irn69"",""original_url"":""https://acme.dev/brisk/harvest/206""}"
207,207,102,created,2026-01-09 22:55:45,"{""short_code"":""9XExdc"",""original_url"":""https://hackstack.io/forest/network/207""}"
208,208,168,created,2025-01-19 00:10:54,"{""short_code"":""uF7SzQ"",""original_url"":""https://opswise.net/ivory/window/208""}"
209,209,388,created,2025-06-03 09:52:43,"{""short_code"":""qIWz5p"",""original_url"":""https://relay.cloud/ivory/uplink/209""}"
210,210,318,created,2025-11-02 12:59:18,"{""short_code"":""Cw82kt"",""original_url"":""https://example.com/rapid/uplink/210""}"
211,211,136,created,2026-01-05 11:37:48,"{""short_code"":""IsEXpz"",""original_url"":""https://acme.dev/navy/signal/211""}"
212,212,329,created,2025-11-01 02:10:05,"{""short_code"":""SQxhzo"",""original_url"":""https://opswise.net/urban/river/212""}"
213,213,127,created,2025-04-18 17:12:42,"{""short_code"":""b1GYri"",""original_url"":""https://opswise.net/cobalt/signal/213""}"
214,214,194,created,2025-01-12 13:41:55,"{""short_code"":""b3zHSa"",""original_url"":""https://acme.dev/dawn/harvest/214""}"
215,215,117,created,2025-05-17 01:25:53,"{""short_code"":""FiiFmq"",""original_url"":""https://relay.cloud/forest/harvest/215""}"
216,216,21,created,2025-02-03 06:25:55,"{""short_code"":""pEPvoS"",""original_url"":""https://seeded.app/clear/engine/216""}"
217,217,98,created,2025-03-23 08:19:28,"{""short_code"":""PersmN"",""original_url"":""https://hackstack.io/forest/pioneer/217""}"
218,218,18,created,2025-12-06 13:40:06,"{""short_code"":""8uXVCE"",""original_url"":""https://seeded.app/tidy/orbit/218""}"
219,219,153,created,2025-11-20 21:06:51,"{""short_code"":""sxDXNE"",""original_url"":""https://example.com/warm/signal/219""}"
220,220,142,created,2025-09-07 03:16:37,"{""short_code"":""oc8gTS"",""original_url"":""https://seeded.app/mellow/orbit/220""}"
221,221,99,created,2025-11-24 23:29:35,"{""short_code"":""MsCAJT"",""original_url"":""https://relay.cloud/clear/delta/221""}"
222,222,78,created,2025-10-18 20:17:59,"{""short_code"":""eFfsOG"",""original_url"":""https://example.com/silver/engine/222""}"
223,223,211,created,2025-08-14 03:53:56,"{""short_code"":""1j70MW"",""original_url"":""https://opswise.net/forest/zenith/223""}"
224,224,339,created,2025-12-14 11:53:47,"{""short_code"":""H3dUEi"",""original_url"":""https://hackstack.io/young/anchor/224""}"
225,225,351,created,2025-01-13 23:40:37,"{""short_code"":""TgaZNB"",""original_url"":""https://hackstack.io/calm/lagoon/225""}"
226,226,271,created,2026-01-16 03:42:18,"{""short_code"":""XZzAcy"",""original_url"":""https://opswise.net/ivory/canyon/226""}"
227,227,58,created,2025-02-12 19:16:39,"{""short_code"":""Ft2XrU"",""original_url"":""https://relay.cloud/clear/island/227""}"
228,228,342,created,2025-05-04 13:09:02,"{""short_code"":""WsatUA"",""original_url"":""https://opswise.net/vivid/signal/228""}"
229,229,150,created,2025-06-25 22:33:11,"{""short_code"":""wEcVpU"",""original_url"":""https://example.com/mellow/quartz/229""}"
230,230,4,created,2025-07-26 02:48:45,"{""short_code"":""gSStSp"",""original_url"":""https://opswise.net/young/island/230""}"
231,231,68,created,2025-09-04 21:31:43,"{""short_code"":""kjcrPh"",""original_url"":""https://hackstack.io/harbor/uplink/231""}"
232,232,65,created,2025-05-28 19:06:13,"{""short_code"":""89b1fZ"",""original_url"":""https://acme.dev/silver/canyon/232""}"
233,233,110,created,2025-06-18 04:51:47,"{""short_code"":""RKbVUr"",""original_url"":""https://hackstack.io/young/orbit/233""}"
234,234,107,created,2026-01-27 11:23:51,"{""short_code"":""rP0wXB"",""original_url"":""https://example.com/proud/anchor/234""}"
235,235,93,created,2025-06-26 12:08:17,"{""short_code"":""Bx9jS3"",""original_url"":""https://example.com/brisk/uplink/235""}"
236,236,230,created,2025-11-02 03:37:39,"{""short_code"":""7cZCUp"",""original_url"":""https://acme.dev/silver/yard/236""}"
237,237,388,created,2026-01-06 10:46:41,"{""short_code"":""9zJKmu"",""original_url"":""https://example.com/young/meadow/237""}"
238,238,184,created,2025-07-15 17:59:14,"{""short_code"":""wieve7"",""original_url"":""https://acme.dev/dawn/network/238""}"
239,239,103,created,2025-07-23 20:40:25,"{""short_code"":""yUDwzL"",""original_url"":""https://acme.dev/urban/river/239""}"
240,240,72,created,2025-08-18 08:31:52,"{""short_code"":""0TNJrX"",""original_url"":""https://opswise.net/proud/window/240""}"
241,241,283,created,2025-02-01 21:09:09,"{""short_code"":""uQsiw4"",""original_url"":""https://example.com/amber/orbit/241""}"
242,242,207,created,2026-01-31 07:36:29,"{""short_code"":""cpeWp0"",""original_url"":""https://hackstack.io/lively/zenith/242""}"
243,243,19,created,2025-03-11 12:28:35,"{""short_code"":""JEfFU0"",""original_url"":""https://example.com/ember/engine/243""}"
244,244,295,created,2025-08-31 08:31:39,"{""short_code"":""Z0wsD9"",""original_url"":""https://example.com/calm/yard/244""}"
245,245,80,created,2025-12-06 15:03:49,"{""short_code"":""dG8ICq"",""original_url"":""https://seeded.app/harbor/beacon/245""}"
246,246,339,created,2025-06-03 06:25:39,"{""short_code"":""nwzfkC"",""original_url"":""https://opswise.net/harbor/valley/246""}"
247,247,50,created,2025-07-05 00:11:07,"{""short_code"":""rVYJiZ"",""original_url"":""https://opswise.net/jade/signal/247""}"
248,248,223,created,2025-02-23 04:25:18,"{""short_code"":""S3fyfO"",""original_url"":""https://relay.cloud/calm/trail/248""}"
249,249,273,created,2025-07-25 14:54:47,"{""short_code"":""61xQ32"",""original_url"":""https://example.com/clear/signal/249""}"
250,250,234,created,2025-09-25 17:35:18,"{""short_code"":""qJpOtk"",""original_url"":""https://seeded.app/keen/signal/250""}"
251,251,209,created,2025-09-11 18:55:56,"{""short_code"":""ELbhBN"",""original_url"":""https://seeded.app/amber/meadow/251""}"
252,252,126,created,2025-02-01 22:52:56,"{""short_code"":""uNkTVi"",""original_url"":""https://acme.dev/urban/network/252""}"
253,253,236,created,2025-12-04 08:27:35,"{""short_code"":""pP6FAh"",""original_url"":""https://relay.cloud/tidy/uplink/253""}"
254,254,160,created,2025-01-29 18:51:54,"{""short_code"":""jdgXAX"",""original_url"":""https://hackstack.io/gold/zenith/254""}"
255,255,379,created,2025-02-10 11:34:57,"{""short_code"":""323n14"",""original_url"":""https://opswise.net/calm/harvest/255""}"
256,256,138,created,2025-09-13 05:41:04,"{""short_code"":""ZJwBRd"",""original_url"":""https://hackstack.io/warm/garden/256""}"
257,257,398,created,2025-12-25 16:50:51,"{""short_code"":""RJpzPp"",""original_url"":""https://seeded.app/forest/beacon/257""}"
258,258,155,created,2025-08-11 18:19:29,"{""short_code"":""HrYopK"",""original_url"":""https://acme.dev/navy/pioneer/258""}"
259,259,178,created,2025-04-10 06:51:32,"{""short_code"":""Y1q6Qa"",""original_url"":""https://hackstack.io/tidy/quartz/259""}"
260,260,62,created,2025-06-01 09:52:40,"{""short_code"":""8WVZPw"",""original_url"":""https://opswise.net/young/garden/260""}"
261,261,321,created,2025-02-21 01:08:41,"{""short_code"":""4gxW4p"",""original_url"":""https://hackstack.io/dawn/yard/261""}"
262,262,181,created,2025-02-28 03:49:06,"{""short_code"":""mYy3PI"",""original_url"":""https://opswise.net/young/lagoon/262""}"
263,263,63,created,2025-07-20 13:45:04,"{""short_code"":""8eL7Yr"",""original_url"":""https://relay.cloud/warm/kernel/263""}"
264,264,260,created,2025-03-29 15:03:30,"{""short_code"":""tOz9Yv"",""original_url"":""https://hackstack.io/calm/yard/264""}"
265,265,211,created,2025-03-09 13:55:31,"{""short_code"":""daOybO"",""original_url"":""https://relay.cloud/gold/kernel/265""}"
266,266,233,created,2026-01-11 16:55:08,"{""short_code"":""JGA7Yc"",""original_url"":""https://opswise.net/jade/harvest/266""}"
267,267,7,created,2025-12-23 04:47:53,"{""short_code"":""bwtdi9"",""original_url"":""https://seeded.app/warm/canyon/267""}"
268,268,220,created,2025-08-18 06:36:15,"{""short_code"":""9Nca20"",""original_url"":""https://seeded.app/calm/trail/268""}"
269,269,75,created,2026-02-20 12:11:55,"{""short_code"":""8csLHm"",""original_url"":""https://example.com/ember/garden/269""}"
270,270,208,created,2025-12-28 23:24:27,"{""short_code"":""CYNlZi"",""original_url"":""https://acme.dev/rapid/network/270""}"
271,271,138,created,2026-01-23 16:20:11,"{""short_code"":""cYiHDI"",""original_url"":""https://example.com/opal/quartz/271""}"
272,272,52,created,2025-03-10 21:20:11,"{""short_code"":""yiNiqu"",""original_url"":""https://opswise.net/mellow/river/272""}"
273,273,148,created,2025-01-24 02:51:56,"{""short_code"":""cAWl7f"",""original_url"":""https://hackstack.io/urban/anchor/273""}"
274,274,1,created,2026-02-06 03:54:41,"{""short_code"":""zKgntS"",""original_url"":""https://acme.dev/vivid/network/274""}"
275,275,27,created,2025-12-30 02:19:17,"{""short_code"":""fK6Lhd"",""original_url"":""https://acme.dev/clear/uplink/275""}"
276,276,212,created,2025-03-14 09:20:40,"{""short_code"":""hhz71O"",""original_url"":""https://example.com/tidy/field/276""}"
277,277,123,created,2025-11-21 04:38:04,"{""short_code"":""paLd7b"",""original_url"":""https://acme.dev/gold/lagoon/277""}"
278,278,305,created,2025-09-23 06:02:57,"{""short_code"":""p4P13J"",""original_url"":""https://relay.cloud/calm/engine/278""}"
279,279,170,created,2025-05-22 07:28:16,"{""short_code"":""aEaKXH"",""original_url"":""https://seeded.app/silver/delta/279""}"
280,280,193,created,2025-02-24 13:41:40,"{""short_code"":""cU8iig"",""original_url"":""https://opswise.net/brisk/canyon/280""}"
281,281,344,created,2025-08-10 14:54:26,"{""short_code"":""4kRv5u"",""original_url"":""https://relay.cloud/lively/journey/281""}"
282,282,253,created,2025-08-09 04:10:49,"{""short_code"":""ySKKUX"",""original_url"":""https://acme.dev/urban/valley/282""}"
283,283,214,created,2025-02-03 19:30:44,"{""short_code"":""GhUS6c"",""original_url"":""https://acme.dev/harbor/delta/283""}"
284,284,392,created,2025-10-24 17:15:39,"{""short_code"":""hUTSlI"",""original_url"":""https://example.com/quiet/trail/284""}"
285,285,254,created,2025-12-27 14:16:15,"{""short_code"":""Nat0UY"",""original_url"":""https://hackstack.io/urban/island/285""}"
286,286,60,created,2025-03-05 07:02:38,"{""short_code"":""BH0gOn"",""original_url"":""https://seeded.app/urban/engine/286""}"
287,287,48,created,2026-02-17 07:48:51,"{""short_code"":""1yJzOb"",""original_url"":""https://seeded.app/jade/harvest/287""}"
288,288,379,created,2026-02-03 12:06:39,"{""short_code"":""3PGJY5"",""original_url"":""https://seeded.app/harbor/kernel/288""}"
289,289,394,created,2025-11-26 11:00:04,"{""short_code"":""W6LgYI"",""original_url"":""https://seeded.app/quiet/uplink/289""}"
290,290,381,created,2025-07-11 14:44:33,"{""short_code"":""Udwkyz"",""original_url"":""https://example.com/cobalt/island/290""}"
291,291,293,created,2025-11-21 08:48:37,"{""short_code"":""asyDI8"",""original_url"":""https://relay.cloud/amber/harvest/291""}"
292,292,325,created,2025-11-16 04:17:01,"{""short_code"":""6YoB1s"",""original_url"":""https://relay.cloud/silver/journey/292""}"
293,293,225,created,2025-04-17 00:19:53,"{""short_code"":""MvTJBT"",""original_url"":""https://example.com/calm/uplink/293""}"
294,294,36,created,2025-01-10 08:47:41,"{""short_code"":""fPIsFT"",""original_url"":""https://hackstack.io/forest/river/294""}"
295,295,384,created,2025-10-06 04:19:35,"{""short_code"":""lUWzAH"",""original_url"":""https://hackstack.io/vivid/uplink/295""}"
296,296,230,created,2025-02-06 02:05:55,"{""short_code"":""NgtEJ2"",""original_url"":""https://relay.cloud/mellow/trail/296""}"
297,297,129,created,2025-04-22 20:42:31,"{""short_code"":""17p9DN"",""original_url"":""https://hackstack.io/warm/signal/297""}"
298,298,2,created,2025-05-28 22:06:21,"{""short_code"":""XfaDWC"",""original_url"":""https://example.com/keen/kernel/298""}"
299,299,85,created,2025-05-05 13:40:43,"{""short_code"":""WEnPUQ"",""original_url"":""https://opswise.net/jade/engine/299""}"
300,300,348,created,2025-01-29 07:21:07,"{""short_code"":""ElIXZ0"",""original_url"":""https://opswise.net/mellow/yard/300""}"
301,301,353,created,2025-07-03 07:12:52,"{""short_code"":""CQLQ7e"",""original_url"":""https://relay.cloud/mellow/harvest/301""}"
302,302,30,created,2025-02-09 21:49:10,"{""short_code"":""0rQ4XP"",""original_url"":""https://hackstack.io/proud/kernel/302""}"
303,303,92,created,2025-12-04 01:52:47,"{""short_code"":""mAmUMj"",""original_url"":""https://acme.dev/navy/zenith/303""}"
304,304,400,created,2025-06-15 11:32:16,"{""short_code"":""dgxNnV"",""original_url"":""https://seeded.app/calm/quartz/304""}"
305,305,155,created,2025-08-11 09:55:44,"{""short_code"":""5AR4oe"",""original_url"":""https://opswise.net/dawn/uplink/305""}"
306,306,71,created,2025-05-17 11:32:40,"{""short_code"":""bT3mwn"",""original_url"":""https://acme.dev/amber/engine/306""}"
307,307,96,created,2025-01-19 14:03:29,"{""short_code"":""jImUim"",""original_url"":""https://example.com/lively/canyon/307""}"
308,308,213,created,2025-08-04 23:23:54,"{""short_code"":""l8bYW4"",""original_url"":""https://relay.cloud/clear/journey/308""}"
309,309,107,created,2025-10-09 00:32:52,"{""short_code"":""4ucuAN"",""original_url"":""https://opswise.net/ivory/signal/309""}"
310,310,177,created,2026-01-31 04:00:20,"{""short_code"":""Q8281p"",""original_url"":""https://relay.cloud/navy/field/310""}"
311,311,211,created,2026-01-19 05:57:25,"{""short_code"":""ydbyMu"",""original_url"":""https://hackstack.io/rapid/canyon/311""}"
312,312,346,created,2026-02-18 08:37:47,"{""short_code"":""OiWcR4"",""original_url"":""https://seeded.app/gold/trail/312""}"
313,313,110,created,2025-12-15 13:22:16,"{""short_code"":""UYEGSc"",""original_url"":""https://seeded.app/ember/garden/313""}"
314,314,201,created,2025-09-12 22:43:50,"{""short_code"":""1165kT"",""original_url"":""https://hackstack.io/ivory/valley/314""}"
315,315,205,created,2025-09-11 09:18:56,"{""short_code"":""RFEm3y"",""original_url"":""https://seeded.app/ember/orbit/315""}"
316,316,61,created,2025-05-13 22:03:52,"{""short_code"":""ryoUkf"",""original_url"":""https://hackstack.io/harbor/meadow/316""}"
317,317,123,created,2026-01-17 00:41:42,"{""short_code"":""9wDgvv"",""original_url"":""https://acme.dev/brisk/lagoon/317""}"
318,318,126,created,2025-05-11 14:15:10,"{""short_code"":""5aow6Q"",""original_url"":""https://acme.dev/ivory/canyon/318""}"
319,319,242,created,2026-01-20 21:39:58,"{""short_code"":""c1ZKLv"",""original_url"":""https://opswise.net/gold/anchor/319""}"
320,320,393,created,2026-01-16 00:58:53,"{""short_code"":""Ms0JIB"",""original_url"":""https://acme.dev/calm/island/320""}"
321,321,140,created,2025-10-10 00:57:20,"{""short_code"":""Ovcotg"",""original_url"":""https://example.com/keen/delta/321""}"
322,322,200,created,2025-03-15 19:30:11,"{""short_code"":""onFruJ"",""original_url"":""https://example.com/proud/meadow/322""}"
323,323,368,created,2026-02-19 14:12:44,"{""short_code"":""2NWY7s"",""original_url"":""https://example.com/jade/trail/323""}"
324,324,28,created,2026-02-14 02:52:18,"{""short_code"":""0VlTE5"",""original_url"":""https://acme.dev/urban/engine/324""}"
325,325,314,created,2025-05-10 20:32:51,"{""short_code"":""7fBbNp"",""original_url"":""https://acme.dev/gold/field/325""}"
326,326,230,created,2025-11-22 15:32:56,"{""short_code"":""hfijfv"",""original_url"":""https://seeded.app/amber/beacon/326""}"
327,327,141,created,2025-03-12 12:12:47,"{""short_code"":""PYrq11"",""original_url"":""https://acme.dev/mellow/beacon/327""}"
328,328,2,created,2025-05-16 02:48:29,"{""short_code"":""T3JFTR"",""original_url"":""https://seeded.app/silver/garden/328""}"
329,329,143,created,2026-01-03 22:41:53,"{""short_code"":""3ojcss"",""original_url"":""https://acme.dev/brisk/anchor/329""}"
330,330,199,created,2025-08-02 13:56:03,"{""short_code"":""Ogq1iV"",""original_url"":""https://relay.cloud/opal/lagoon/330""}"
331,331,208,created,2025-12-24 17:28:00,"{""short_code"":""IowArd"",""original_url"":""https://example.com/cobalt/journey/331""}"
332,332,367,created,2025-10-03 01:31:52,"{""short_code"":""0PPUHI"",""original_url"":""https://seeded.app/navy/field/332""}"
333,333,96,created,2025-07-23 17:45:14,"{""short_code"":""I51Um2"",""original_url"":""https://acme.dev/lively/garden/333""}"
334,334,210,created,2025-11-05 22:26:11,"{""short_code"":""imzuHc"",""original_url"":""https://seeded.app/navy/zenith/334""}"
335,335,354,created,2025-02-16 13:34:33,"{""short_code"":""BZSlK8"",""original_url"":""https://acme.dev/warm/network/335""}"
336,336,219,created,2025-01-04 06:10:04,"{""short_code"":""hgUOKa"",""original_url"":""https://opswise.net/harbor/zenith/336""}"
337,337,275,created,2025-01-20 00:48:50,"{""short_code"":""tat2bp"",""original_url"":""https://opswise.net/navy/trail/337""}"
338,338,177,created,2025-12-25 21:37:33,"{""short_code"":""vvHPhc"",""original_url"":""https://relay.cloud/forest/window/338""}"
339,339,354,created,2026-02-04 11:56:10,"{""short_code"":""pix2k3"",""original_url"":""https://example.com/warm/engine/339""}"
340,340,120,created,2025-03-14 04:42:05,"{""short_code"":""shluwp"",""original_url"":""https://seeded.app/gold/pioneer/340""}"
341,341,121,created,2025-07-13 10:13:40,"{""short_code"":""iX2dZp"",""original_url"":""https://relay.cloud/vivid/yard/341""}"
342,342,87,created,2025-11-24 15:42:20,"{""short_code"":""sSvg4N"",""original_url"":""https://example.com/mellow/zenith/342""}"
343,343,69,created,2025-09-13 06:41:05,"{""short_code"":""UXz74n"",""original_url"":""https://hackstack.io/warm/uplink/343""}"
344,344,260,created,2025-03-27 18:58:44,"{""short_code"":""E1M5KK"",""original_url"":""https://hackstack.io/ember/anchor/344""}"
345,345,25,created,2025-12-12 06:31:42,"{""short_code"":""r3XXfS"",""original_url"":""https://opswise.net/gold/delta/345""}"
346,346,182,created,2025-11-23 00:28:58,"{""short_code"":""vWjaCE"",""original_url"":""https://example.com/dawn/kernel/346""}"
347,347,351,created,2025-08-15 14:10:03,"{""short_code"":""76J4Vh"",""original_url"":""https://acme.dev/warm/valley/347""}"
348,348,89,created,2025-07-31 08:47:58,"{""short_code"":""PkV4wg"",""original_url"":""https://relay.cloud/urban/delta/348""}"
349,349,183,created,2026-01-29 05:04:43,"{""short_code"":""V877M7"",""original_url"":""https://example.com/clear/harvest/349""}"
350,350,365,created,2025-04-15 15:18:26,"{""short_code"":""mRUrHR"",""original_url"":""https://opswise.net/urban/field/350""}"
351,351,33,created,2025-07-18 05:50:46,"{""short_code"":""MtHrTD"",""original_url"":""https://example.com/jade/lagoon/351""}"
352,352,176,created,2025-01-14 22:58:41,"{""short_code"":""gHWDeM"",""original_url"":""https://opswise.net/lively/orbit/352""}"
353,353,249,created,2025-04-27 15:09:29,"{""short_code"":""qTlm4k"",""original_url"":""https://seeded.app/clear/delta/353""}"
354,354,136,created,2025-12-20 00:40:45,"{""short_code"":""6j4zMZ"",""original_url"":""https://acme.dev/forest/garden/354""}"
355,355,380,created,2026-01-21 20:02:44,"{""short_code"":""9Sp7Dv"",""original_url"":""https://hackstack.io/navy/anchor/355""}"
356,356,354,created,2025-01-31 10:40:44,"{""short_code"":""TIZ5sM"",""original_url"":""https://seeded.app/quiet/garden/356""}"
357,357,3,created,2025-05-02 21:57:22,"{""short_code"":""DRk6wp"",""original_url"":""https://example.com/ember/river/357""}"
358,358,33,created,2025-09-09 07:58:25,"{""short_code"":""rrS2EC"",""original_url"":""https://opswise.net/forest/orbit/358""}"
359,359,257,created,2025-03-04 03:53:44,"{""short_code"":""dYa5r7"",""original_url"":""https://acme.dev/amber/window/359""}"
360,360,324,created,2025-09-07 03:35:39,"{""short_code"":""yZgfro"",""original_url"":""https://relay.cloud/ivory/lagoon/360""}"
361,361,105,created,2025-01-04 05:51:30,"{""short_code"":""mPh31R"",""original_url"":""https://acme.dev/forest/field/361""}"
362,362,358,created,2025-03-09 17:01:45,"{""short_code"":""2dXMgX"",""original_url"":""https://acme.dev/urban/signal/362""}"
363,363,308,created,2025-04-06 22:34:36,"{""short_code"":""e6rj4c"",""original_url"":""https://acme.dev/clear/trail/363""}"
364,364,230,created,2025-05-07 00:57:32,"{""short_code"":""o5XCPh"",""original_url"":""https://seeded.app/proud/quartz/364""}"
365,365,201,created,2026-02-09 08:51:51,"{""short_code"":""H82Jc0"",""original_url"":""https://acme.dev/vivid/signal/365""}"
366,366,36,created,2025-12-13 05:33:42,"{""short_code"":""vpSeAl"",""original_url"":""https://relay.cloud/mellow/orbit/366""}"
367,367,244,created,2026-01-14 16:50:01,"{""short_code"":""FigTHI"",""original_url"":""https://opswise.net/ember/quartz/367""}"
368,368,357,created,2025-06-13 04:15:19,"{""short_code"":""Jubz2i"",""original_url"":""https://relay.cloud/calm/pioneer/368""}"
369,369,153,created,2025-05-13 12:47:11,"{""short_code"":""JJxzRx"",""original_url"":""https://acme.dev/brisk/island/369""}"
370,370,220,created,2026-01-13 03:39:45,"{""short_code"":""a8YUxs"",""original_url"":""https://example.com/quiet/trail/370""}"
371,371,332,created,2025-06-18 15:56:03,"{""short_code"":""svYAhn"",""original_url"":""https://example.com/silver/canyon/371""}"
372,372,339,created,2025-06-20 16:23:15,"{""short_code"":""Io8MPw"",""original_url"":""https://example.com/clear/network/372""}"
373,373,59,created,2025-01-09 20:23:47,"{""short_code"":""ojn8GW"",""original_url"":""https://opswise.net/gold/uplink/373""}"
374,374,221,created,2025-12-31 12:18:34,"{""short_code"":""03hYLf"",""original_url"":""https://acme.dev/gold/field/374""}"
375,375,134,created,2026-01-27 08:17:43,"{""short_code"":""jtZNjA"",""original_url"":""https://acme.dev/clear/orbit/375""}"
376,376,98,created,2025-12-27 08:26:50,"{""short_code"":""ftpaoR"",""original_url"":""https://hackstack.io/clear/trail/376""}"
377,377,144,created,2025-12-19 16:38:38,"{""short_code"":""z7Uy05"",""original_url"":""https://opswise.net/silver/pioneer/377""}"
378,378,252,created,2025-12-14 12:56:03,"{""short_code"":""VDrG0r"",""original_url"":""https://opswise.net/vivid/river/378""}"
379,379,363,created,2025-11-13 18:14:48,"{""short_code"":""ZP1pXZ"",""original_url"":""https://example.com/clear/window/379""}"
380,380,307,created,2025-11-18 07:02:46,"{""short_code"":""qcgpkO"",""original_url"":""https://seeded.app/rapid/quartz/380""}"
381,381,21,created,2025-10-30 05:38:16,"{""short_code"":""A3kAi7"",""original_url"":""https://opswise.net/vivid/quartz/381""}"
382,382,218,created,2025-12-20 17:23:40,"{""short_code"":""GjYPoO"",""original_url"":""https://opswise.net/cobalt/beacon/382""}"
383,383,250,created,2025-04-17 08:02:35,"{""short_code"":""YUwwsU"",""original_url"":""https://hackstack.io/navy/anchor/383""}"
384,384,394,created,2025-08-28 01:26:33,"{""short_code"":""AZpZto"",""original_url"":""https://hackstack.io/brisk/meadow/384""}"
385,385,19,created,2025-05-25 20:06:44,"{""short_code"":""J1tcen"",""original_url"":""https://opswise.net/cobalt/pioneer/385""}"
386,386,345,created,2025-09-10 22:37:34,"{""short_code"":""F7zEDk"",""original_url"":""https://opswise.net/cobalt/delta/386""}"
387,387,174,created,2025-02-17 07:15:33,"{""short_code"":""Xg1XbP"",""original_url"":""https://example.com/gold/canyon/387""}"
388,388,91,created,2025-08-07 17:04:14,"{""short_code"":""9ny67B"",""original_url"":""https://relay.cloud/warm/window/388""}"
389,389,26,created,2025-02-05 14:26:30,"{""short_code"":""dQun73"",""original_url"":""https://example.com/jade/garden/389""}"
390,390,304,created,2025-09-07 23:00:22,"{""short_code"":""gMRHMl"",""original_url"":""https://acme.dev/amber/canyon/390""}"
391,391,329,created,2025-04-16 19:25:56,"{""short_code"":""u8CzcF"",""original_url"":""https://seeded.app/silver/journey/391""}"
392,392,109,created,2025-01-18 18:37:50,"{""short_code"":""KAmX7y"",""original_url"":""https://relay.cloud/ivory/window/392""}"
393,393,321,created,2025-06-27 08:53:21,"{""short_code"":""u3FrS4"",""original_url"":""https://opswise.net/ivory/beacon/393""}"
394,394,102,created,2025-01-18 08:38:01,"{""short_code"":""ga7e51"",""original_url"":""https://example.com/young/harvest/394""}"
395,395,260,created,2025-02-03 14:18:37,"{""short_code"":""OpJNoR"",""original_url"":""https://relay.cloud/harbor/journey/395""}"
396,396,16,created,2025-03-21 08:38:33,"{""short_code"":""XIllzl"",""original_url"":""https://example.com/gold/network/396""}"
397,397,235,created,2025-08-04 21:29:08,"{""short_code"":""dGpA0q"",""original_url"":""https://opswise.net/harbor/river/397""}"
398,398,77,created,2026-01-24 06:08:14,"{""short_code"":""laeElY"",""original_url"":""https://relay.cloud/brisk/pioneer/398""}"
399,399,306,created,2025-08-12 19:35:44,"{""short_code"":""lwzLrE"",""original_url"":""https://relay.cloud/ivory/valley/399""}"
400,400,392,created,2025-11-03 03:37:39,"{""short_code"":""HkNE8V"",""original_url"":""https://hackstack.io/warm/zenith/400""}"
401,401,33,created,2025-05-10 10:11:01,"{""short_code"":""GZuunV"",""original_url"":""https://opswise.net/harbor/garden/401""}"
402,402,350,created,2025-01-13 23:03:23,"{""short_code"":""0WNP8l"",""original_url"":""https://relay.cloud/silver/island/402""}"
403,403,40,created,2025-02-02 12:17:40,"{""short_code"":""Egyqng"",""original_url"":""https://relay.cloud/warm/kernel/403""}"
404,404,262,created,2025-03-03 00:25:41,"{""short_code"":""CkqBJa"",""original_url"":""https://relay.cloud/harbor/valley/404""}"
405,405,359,created,2025-05-28 15:07:18,"{""short_code"":""osmcsT"",""original_url"":""https://seeded.app/keen/canyon/405""}"
406,406,179,created,2025-10-01 18:52:53,"{""short_code"":""RhJwp0"",""original_url"":""https://seeded.app/brisk/trail/406""}"
407,407,360,created,2025-06-09 07:47:37,"{""short_code"":""7r6axx"",""original_url"":""https://acme.dev/cobalt/trail/407""}"
408,408,13,created,2026-01-23 17:05:28,"{""short_code"":""ZIwCSn"",""original_url"":""https://opswise.net/ivory/yard/408""}"
409,409,295,created,2025-08-01 17:39:15,"{""short_code"":""HdTzYP"",""original_url"":""https://hackstack.io/quiet/uplink/409""}"
410,410,245,created,2025-07-03 16:37:09,"{""short_code"":""HOlvlA"",""original_url"":""https://relay.cloud/amber/quartz/410""}"
411,411,1,created,2025-03-14 11:44:53,"{""short_code"":""uZWalv"",""original_url"":""https://hackstack.io/cobalt/zenith/411""}"
412,412,35,created,2026-02-02 05:28:37,"{""short_code"":""wv09ic"",""original_url"":""https://example.com/ivory/canyon/412""}"
413,413,399,created,2025-12-08 09:32:00,"{""short_code"":""GaT8Tc"",""original_url"":""https://relay.cloud/lively/island/413""}"
414,414,213,created,2025-01-22 10:00:52,"{""short_code"":""QDNN48"",""original_url"":""https://acme.dev/urban/harvest/414""}"
415,415,326,created,2025-06-30 15:28:23,"{""short_code"":""E9wCYH"",""original_url"":""https://opswise.net/forest/harvest/415""}"
416,416,171,created,2025-08-12 03:20:26,"{""short_code"":""V0wIiR"",""original_url"":""https://relay.cloud/jade/kernel/416""}"
417,417,214,created,2025-04-16 23:49:26,"{""short_code"":""NOea0X"",""original_url"":""https://acme.dev/opal/island/417""}"
418,418,276,created,2025-02-24 06:50:05,"{""short_code"":""Jyxgv8"",""original_url"":""https://example.com/urban/pioneer/418""}"
419,419,103,created,2026-02-20 06:21:09,"{""short_code"":""BLDiiD"",""original_url"":""https://seeded.app/lively/river/419""}"
420,420,111,created,2025-02-18 16:45:07,"{""short_code"":""nFVEsw"",""original_url"":""https://acme.dev/gold/zenith/420""}"
421,421,342,created,2025-04-11 04:26:16,"{""short_code"":""mS6oCv"",""original_url"":""https://acme.dev/opal/island/421""}"
422,422,219,created,2025-04-26 00:25:47,"{""short_code"":""MV8bfr"",""original_url"":""https://example.com/cobalt/delta/422""}"
423,423,170,created,2025-03-19 10:25:28,"{""short_code"":""cFz7Aj"",""original_url"":""https://seeded.app/rapid/island/423""}"
424,424,338,created,2025-03-26 17:57:41,"{""short_code"":""mgzSke"",""original_url"":""https://relay.cloud/rapid/lagoon/424""}"
425,425,263,created,2025-01-15 21:36:19,"{""short_code"":""q71b1t"",""original_url"":""https://opswise.net/gold/pioneer/425""}"
426,426,250,created,2025-07-10 10:10:09,"{""short_code"":""TYH3UL"",""original_url"":""https://seeded.app/proud/river/426""}"
427,427,15,created,2025-08-26 07:14:00,"{""short_code"":""73osZM"",""original_url"":""https://opswise.net/young/orbit/427""}"
428,428,146,created,2025-08-20 13:08:42,"{""short_code"":""fyqvkd"",""original_url"":""https://hackstack.io/young/signal/428""}"
429,429,20,created,2025-11-18 21:28:35,"{""short_code"":""JlEz37"",""original_url"":""https://opswise.net/proud/canyon/429""}"
430,430,38,created,2025-05-14 14:29:17,"{""short_code"":""rdhWt5"",""original_url"":""https://hackstack.io/warm/lagoon/430""}"
431,431,357,created,2025-03-24 14:42:08,"{""short_code"":""2Rgw5G"",""original_url"":""https://relay.cloud/young/quartz/431""}"
432,432,4,created,2026-01-17 13:47:49,"{""short_code"":""iKQhvy"",""original_url"":""https://acme.dev/vivid/island/432""}"
433,433,371,created,2025-06-05 04:52:15,"{""short_code"":""oU3ZlV"",""original_url"":""https://hackstack.io/opal/yard/433""}"
434,434,81,created,2025-10-22 22:16:49,"{""short_code"":""QamjXF"",""original_url"":""https://seeded.app/warm/kernel/434""}"
435,435,249,created,2025-07-30 05:54:07,"{""short_code"":""axNrkr"",""original_url"":""https://example.com/young/anchor/435""}"
436,436,10,created,2025-06-27 15:40:57,"{""short_code"":""f91Ms6"",""original_url"":""https://acme.dev/urban/river/436""}"
437,437,97,created,2025-04-19 10:24:31,"{""short_code"":""PmjFfE"",""original_url"":""https://opswise.net/cobalt/delta/437""}"
438,438,348,created,2026-01-18 21:19:34,"{""short_code"":""zG0Pbn"",""original_url"":""https://seeded.app/cobalt/quartz/438""}"
439,439,197,created,2025-02-05 02:07:42,"{""short_code"":""bmrKP3"",""original_url"":""https://seeded.app/young/quartz/439""}"
440,440,195,created,2025-02-12 11:52:28,"{""short_code"":""bapKWj"",""original_url"":""https://acme.dev/cobalt/orbit/440""}"
441,441,12,created,2025-05-08 16:03:52,"{""short_code"":""6aFz05"",""original_url"":""https://seeded.app/brisk/network/441""}"
442,442,275,created,2025-07-20 06:00:57,"{""short_code"":""6974AY"",""original_url"":""https://hackstack.io/brisk/harvest/442""}"
443,443,68,created,2025-11-30 00:24:42,"{""short_code"":""0cFsq7"",""original_url"":""https://seeded.app/dawn/zenith/443""}"
444,444,5,created,2025-12-01 01:41:30,"{""short_code"":""or1xqj"",""original_url"":""https://relay.cloud/calm/field/444""}"
445,445,300,created,2025-04-07 02:40:59,"{""short_code"":""gYZGJE"",""original_url"":""https://relay.cloud/urban/trail/445""}"
446,446,35,created,2025-08-07 18:56:24,"{""short_code"":""vVuh7M"",""original_url"":""https://relay.cloud/gold/meadow/446""}"
447,447,146,created,2025-12-18 17:54:00,"{""short_code"":""xQyZb8"",""original_url"":""https://example.com/urban/uplink/447""}"
448,448,18,created,2026-01-05 13:45:31,"{""short_code"":""Dlkrsu"",""original_url"":""https://relay.cloud/mellow/valley/448""}"
449,449,142,created,2025-09-13 22:57:24,"{""short_code"":""R7wJYG"",""original_url"":""https://acme.dev/ember/network/449""}"
450,450,184,created,2025-04-08 05:41:32,"{""short_code"":""1JEI18"",""original_url"":""https://opswise.net/clear/quartz/450""}"
451,451,251,created,2025-12-23 09:01:07,"{""short_code"":""A73ayT"",""original_url"":""https://relay.cloud/urban/engine/451""}"
452,452,113,created,2025-07-17 11:19:52,"{""short_code"":""CjjM9t"",""original_url"":""https://hackstack.io/mellow/engine/452""}"
453,453,264,created,2026-01-16 17:55:25,"{""short_code"":""g0W6y9"",""original_url"":""https://example.com/opal/quartz/453""}"
454,454,175,created,2025-03-19 13:45:17,"{""short_code"":""Sx9uFD"",""original_url"":""https://example.com/cobalt/engine/454""}"
455,455,156,created,2025-03-13 14:55:42,"{""short_code"":""Ew3KXN"",""original_url"":""https://seeded.app/forest/window/455""}"
456,456,16,created,2025-12-18 05:49:31,"{""short_code"":""vWpYqj"",""original_url"":""https://acme.dev/tidy/lagoon/456""}"
457,457,359,created,2025-07-31 20:12:48,"{""short_code"":""Zc0grb"",""original_url"":""https://relay.cloud/tidy/zenith/457""}"
458,458,64,created,2025-07-04 12:03:02,"{""short_code"":""lxpStQ"",""original_url"":""https://example.com/dawn/beacon/458""}"
459,459,155,created,2025-07-24 11:39:40,"{""short_code"":""h1DcWB"",""original_url"":""https://example.com/dawn/pioneer/459""}"
460,460,76,created,2025-05-27 04:23:23,"{""short_code"":""ldrNUP"",""original_url"":""https://example.com/vivid/lagoon/460""}"
461,461,6,created,2025-09-23 08:44:17,"{""short_code"":""GIi6Ue"",""original_url"":""https://acme.dev/urban/canyon/461""}"
462,462,103,created,2025-03-16 22:23:44,"{""short_code"":""Uzjksa"",""original_url"":""https://acme.dev/gold/quartz/462""}"
463,463,381,created,2025-11-20 23:10:47,"{""short_code"":""2s9tAi"",""original_url"":""https://opswise.net/amber/delta/463""}"
464,464,240,created,2025-08-05 09:19:14,"{""short_code"":""8Ng8go"",""original_url"":""https://acme.dev/vivid/yard/464""}"
465,465,271,created,2025-04-27 19:56:52,"{""short_code"":""aBjavC"",""original_url"":""https://seeded.app/opal/network/465""}"
466,466,232,created,2025-05-12 06:58:45,"{""short_code"":""sNV1ac"",""original_url"":""https://seeded.app/vivid/uplink/466""}"
467,467,11,created,2025-08-09 07:25:43,"{""short_code"":""zP2XRh"",""original_url"":""https://seeded.app/mellow/canyon/467""}"
468,468,144,created,2025-01-31 23:59:05,"{""short_code"":""nYN190"",""original_url"":""https://opswise.net/vivid/meadow/468""}"
469,469,134,created,2025-07-11 03:29:29,"{""short_code"":""prQd3f"",""original_url"":""https://relay.cloud/dawn/canyon/469""}"
470,470,397,created,2026-02-15 02:55:41,"{""short_code"":""TH9PkR"",""original_url"":""https://example.com/proud/field/470""}"
471,471,134,created,2026-01-08 05:34:46,"{""short_code"":""vXKCyJ"",""original_url"":""https://opswise.net/opal/harvest/471""}"
472,472,294,created,2025-07-31 13:55:34,"{""short_code"":""EIobq9"",""original_url"":""https://hackstack.io/calm/beacon/472""}"
473,473,284,created,2025-06-04 14:27:49,"{""short_code"":""4v0gCP"",""original_url"":""https://opswise.net/brisk/river/473""}"
474,474,93,created,2025-05-23 19:26:07,"{""short_code"":""igdREc"",""original_url"":""https://acme.dev/silver/pioneer/474""}"
475,475,385,created,2025-11-03 13:57:35,"{""short_code"":""g0rhPl"",""original_url"":""https://hackstack.io/warm/kernel/475""}"
476,476,278,created,2025-04-15 00:14:26,"{""short_code"":""y1cLpq"",""original_url"":""https://opswise.net/navy/anchor/476""}"
477,477,265,created,2025-06-22 07:56:23,"{""short_code"":""TchTpe"",""original_url"":""https://acme.dev/ivory/orbit/477""}"
478,478,292,created,2025-10-18 00:42:30,"{""short_code"":""T1MDHQ"",""original_url"":""https://acme.dev/brisk/quartz/478""}"
479,479,384,created,2026-01-14 13:47:00,"{""short_code"":""liMQMT"",""original_url"":""https://acme.dev/dawn/lagoon/479""}"
480,480,249,created,2025-01-25 01:38:55,"{""short_code"":""9yppqL"",""original_url"":""https://seeded.app/warm/anchor/480""}"
481,481,311,created,2025-06-21 22:20:29,"{""short_code"":""ljIdgs"",""original_url"":""https://relay.cloud/mellow/garden/481""}"
482,482,200,created,2025-10-19 14:28:33,"{""short_code"":""2P2Uvm"",""original_url"":""https://acme.dev/vivid/field/482""}"
483,483,321,created,2025-02-18 23:34:40,"{""short_code"":""Mqs9KO"",""original_url"":""https://relay.cloud/proud/trail/483""}"
484,484,78,created,2025-07-03 07:27:30,"{""short_code"":""elFbXM"",""original_url"":""https://example.com/proud/journey/484""}"
485,485,339,created,2025-09-18 01:13:30,"{""short_code"":""MEeIhc"",""original_url"":""https://example.com/warm/orbit/485""}"
486,486,203,created,2025-04-30 10:30:14,"{""short_code"":""ojzQqm"",""original_url"":""https://opswise.net/brisk/anchor/486""}"
487,487,355,created,2025-01-06 04:33:14,"{""short_code"":""FV6md6"",""original_url"":""https://acme.dev/jade/beacon/487""}"
488,488,313,created,2025-05-20 01:42:40,"{""short_code"":""T6HELO"",""original_url"":""https://seeded.app/harbor/anchor/488""}"
489,489,377,created,2026-01-30 19:59:28,"{""short_code"":""NAdUmq"",""original_url"":""https://seeded.app/harbor/orbit/489""}"
490,490,7,created,2025-02-04 07:22:01,"{""short_code"":""LNej1q"",""original_url"":""https://acme.dev/jade/kernel/490""}"
491,491,70,created,2025-09-11 11:35:46,"{""short_code"":""ZUQeSR"",""original_url"":""https://hackstack.io/mellow/river/491""}"
492,492,131,created,2025-04-08 05:06:43,"{""short_code"":""UOsj4S"",""original_url"":""https://acme.dev/vivid/island/492""}"
493,493,174,created,2025-03-15 06:51:44,"{""short_code"":""2S95wK"",""original_url"":""https://acme.dev/jade/uplink/493""}"
494,494,307,created,2025-05-20 18:04:53,"{""short_code"":""ekNumC"",""original_url"":""https://acme.dev/cobalt/engine/494""}"
495,495,188,created,2025-04-18 23:18:12,"{""short_code"":""Q51R1Z"",""original_url"":""https://example.com/quiet/pioneer/495""}"
496,496,377,created,2025-10-18 03:55:03,"{""short_code"":""4DNI52"",""original_url"":""https://relay.cloud/vivid/signal/496""}"
497,497,64,created,2025-02-27 06:02:36,"{""short_code"":""feyn8J"",""original_url"":""https://example.com/warm/window/497""}"
498,498,191,created,2025-12-10 23:37:17,"{""short_code"":""z3J7La"",""original_url"":""https://hackstack.io/urban/journey/498""}"
499,499,67,created,2025-05-11 06:34:17,"{""short_code"":""TqQhIJ"",""original_url"":""https://hackstack.io/vivid/engine/499""}"
500,500,153,created,2025-04-27 06:43:13,"{""short_code"":""3tY9c8"",""original_url"":""https://hackstack.io/calm/quartz/500""}"
501,501,237,created,2025-01-22 13:06:43,"{""short_code"":""1pHlOA"",""original_url"":""https://opswise.net/navy/network/501""}"
502,502,140,created,2025-05-29 06:38:40,"{""short_code"":""W8a7YN"",""original_url"":""https://example.com/forest/meadow/502""}"
503,503,71,created,2025-01-23 08:32:26,"{""short_code"":""Iaf8HR"",""original_url"":""https://hackstack.io/urban/engine/503""}"
504,504,232,created,2025-01-10 20:43:38,"{""short_code"":""gei5BR"",""original_url"":""https://opswise.net/ember/engine/504""}"
505,505,13,created,2025-12-07 07:59:05,"{""short_code"":""o5AanX"",""original_url"":""https://example.com/ivory/kernel/505""}"
506,506,208,created,2026-01-24 16:52:13,"{""short_code"":""cJrvmu"",""original_url"":""https://opswise.net/cobalt/trail/506""}"
507,507,334,created,2025-11-21 01:26:07,"{""short_code"":""TKgGlU"",""original_url"":""https://acme.dev/cobalt/delta/507""}"
508,508,373,created,2025-01-28 15:54:32,"{""short_code"":""rn07pL"",""original_url"":""https://seeded.app/calm/anchor/508""}"
509,509,339,created,2025-09-28 12:24:43,"{""short_code"":""z6IcWi"",""original_url"":""https://hackstack.io/quiet/harvest/509""}"
510,510,394,created,2025-02-22 23:59:36,"{""short_code"":""bMCgfl"",""original_url"":""https://opswise.net/brisk/quartz/510""}"
511,511,185,created,2025-11-02 03:43:32,"{""short_code"":""Zzhm54"",""original_url"":""https://opswise.net/opal/quartz/511""}"
512,512,162,created,2025-04-29 04:26:03,"{""short_code"":""UjPLpc"",""original_url"":""https://example.com/jade/lagoon/512""}"
513,513,240,created,2026-02-04 22:06:37,"{""short_code"":""yni4CQ"",""original_url"":""https://seeded.app/dawn/delta/513""}"
514,514,344,created,2025-06-04 11:02:15,"{""short_code"":""IYlRM1"",""original_url"":""https://relay.cloud/navy/orbit/514""}"
515,515,315,created,2025-01-05 01:20:48,"{""short_code"":""MxXsIK"",""original_url"":""https://hackstack.io/quiet/valley/515""}"
516,516,195,created,2026-01-08 18:43:48,"{""short_code"":""qUC8ul"",""original_url"":""https://hackstack.io/young/engine/516""}"
517,517,298,created,2025-12-27 06:24:39,"{""short_code"":""lqvZ3S"",""original_url"":""https://acme.dev/keen/kernel/517""}"
518,518,199,created,2025-11-04 10:12:30,"{""short_code"":""tVD7C2"",""original_url"":""https://acme.dev/ember/island/518""}"
519,519,91,created,2025-03-19 15:41:21,"{""short_code"":""Pt385q"",""original_url"":""https://example.com/forest/kernel/519""}"
520,520,7,created,2025-04-14 02:33:09,"{""short_code"":""BBkBsQ"",""original_url"":""https://relay.cloud/brisk/signal/520""}"
521,521,38,created,2026-02-18 04:38:06,"{""short_code"":""NaI0ie"",""original_url"":""https://opswise.net/ember/orbit/521""}"
522,522,274,created,2025-09-01 23:29:48,"{""short_code"":""4SdMEq"",""original_url"":""https://acme.dev/young/canyon/522""}"
523,523,211,created,2025-04-28 20:34:56,"{""short_code"":""0A8lv1"",""original_url"":""https://seeded.app/keen/journey/523""}"
524,524,9,created,2025-05-20 18:53:12,"{""short_code"":""IMNIMu"",""original_url"":""https://seeded.app/dawn/journey/524""}"
525,525,20,created,2026-02-07 10:29:01,"{""short_code"":""asAN8Y"",""original_url"":""https://hackstack.io/ember/journey/525""}"
526,526,163,created,2025-02-18 14:53:43,"{""short_code"":""4CrlAY"",""original_url"":""https://relay.cloud/ember/engine/526""}"
527,527,371,created,2025-07-20 19:59:30,"{""short_code"":""nPq5Uw"",""original_url"":""https://hackstack.io/dawn/journey/527""}"
528,528,33,created,2025-05-02 05:39:01,"{""short_code"":""RsJMiE"",""original_url"":""https://seeded.app/young/window/528""}"
529,529,367,created,2026-01-25 20:53:23,"{""short_code"":""dkt0xs"",""original_url"":""https://opswise.net/lively/island/529""}"
530,530,198,created,2026-02-08 01:14:24,"{""short_code"":""zjP1Qb"",""original_url"":""https://seeded.app/warm/field/530""}"
531,531,23,created,2025-11-12 20:19:39,"{""short_code"":""31msTp"",""original_url"":""https://seeded.app/ivory/delta/531""}"
532,532,297,created,2025-05-31 07:18:03,"{""short_code"":""qtxKJH"",""original_url"":""https://seeded.app/tidy/signal/532""}"
533,533,75,created,2025-01-16 03:23:57,"{""short_code"":""qBqtfx"",""original_url"":""https://hackstack.io/young/meadow/533""}"
534,534,78,created,2025-02-19 20:06:58,"{""short_code"":""UKJ6eZ"",""original_url"":""https://example.com/ivory/beacon/534""}"
535,535,312,created,2025-05-30 13:10:37,"{""short_code"":""MIiC4h"",""original_url"":""https://hackstack.io/keen/journey/535""}"
536,536,268,created,2026-02-18 07:35:19,"{""short_code"":""kmRncr"",""original_url"":""https://relay.cloud/young/meadow/536""}"
537,537,289,created,2025-06-12 10:38:15,"{""short_code"":""SBzFJ8"",""original_url"":""https://example.com/cobalt/trail/537""}"
538,538,256,created,2025-09-26 09:44:52,"{""short_code"":""PQmgqN"",""original_url"":""https://hackstack.io/keen/delta/538""}"
539,539,355,created,2026-01-18 15:20:44,"{""short_code"":""fGSxQo"",""original_url"":""https://relay.cloud/cobalt/valley/539""}"
540,540,226,created,2026-01-12 19:45:03,"{""short_code"":""v09sKC"",""original_url"":""https://example.com/jade/kernel/540""}"
541,541,270,created,2025-02-11 10:35:39,"{""short_code"":""RO0Wrf"",""original_url"":""https://acme.dev/jade/orbit/541""}"
542,542,44,created,2025-03-16 08:04:31,"{""short_code"":""Hxhczg"",""original_url"":""https://acme.dev/amber/lagoon/542""}"
543,543,8,created,2025-09-14 14:13:58,"{""short_code"":""cM6zYr"",""original_url"":""https://hackstack.io/amber/valley/543""}"
544,544,145,created,2025-03-05 02:22:36,"{""short_code"":""SW1GhJ"",""original_url"":""https://example.com/urban/meadow/544""}"
545,545,42,created,2026-01-09 23:22:12,"{""short_code"":""cQvhP3"",""original_url"":""https://acme.dev/mellow/uplink/545""}"
546,546,245,created,2026-02-15 01:20:56,"{""short_code"":""ozsrZg"",""original_url"":""https://acme.dev/ember/quartz/546""}"
547,547,136,created,2025-01-17 00:03:26,"{""short_code"":""IObRSL"",""original_url"":""https://opswise.net/proud/signal/547""}"
548,548,1,created,2025-02-20 07:29:16,"{""short_code"":""VPNiLA"",""original_url"":""https://hackstack.io/brisk/window/548""}"
549,549,120,created,2025-02-18 02:15:58,"{""short_code"":""1keyzI"",""original_url"":""https://acme.dev/quiet/kernel/549""}"
550,550,231,created,2025-03-17 08:03:12,"{""short_code"":""zzvunc"",""original_url"":""https://example.com/mellow/window/550""}"
551,551,297,created,2025-06-01 23:28:58,"{""short_code"":""FoN9Td"",""original_url"":""https://opswise.net/amber/delta/551""}"
552,552,344,created,2025-12-14 16:58:32,"{""short_code"":""brAYyH"",""original_url"":""https://opswise.net/vivid/orbit/552""}"
553,553,113,created,2025-03-16 14:59:54,"{""short_code"":""saiX0H"",""original_url"":""https://seeded.app/jade/canyon/553""}"
554,554,185,created,2025-09-10 03:38:03,"{""short_code"":""m9iF64"",""original_url"":""https://seeded.app/forest/journey/554""}"
555,555,173,created,2025-02-20 18:41:49,"{""short_code"":""Q6MIOq"",""original_url"":""https://opswise.net/urban/delta/555""}"
556,556,176,created,2025-09-07 22:28:40,"{""short_code"":""mIWC00"",""original_url"":""https://example.com/urban/river/556""}"
557,557,362,created,2025-05-21 12:47:59,"{""short_code"":""opr6y9"",""original_url"":""https://example.com/warm/valley/557""}"
558,558,331,created,2025-10-07 12:09:03,"{""short_code"":""Rq6QJo"",""original_url"":""https://hackstack.io/opal/field/558""}"
559,559,134,created,2025-06-24 05:23:23,"{""short_code"":""hRdFM3"",""original_url"":""https://example.com/opal/harvest/559""}"
560,560,167,created,2025-03-25 09:21:46,"{""short_code"":""fB1np4"",""original_url"":""https://acme.dev/navy/lagoon/560""}"
561,561,353,created,2025-07-13 13:09:09,"{""short_code"":""BDRxfO"",""original_url"":""https://acme.dev/amber/orbit/561""}"
562,562,320,created,2025-03-19 02:17:31,"{""short_code"":""DfdHOs"",""original_url"":""https://opswise.net/silver/trail/562""}"
563,563,66,created,2025-02-09 16:24:42,"{""short_code"":""SFrxxQ"",""original_url"":""https://seeded.app/dawn/journey/563""}"
564,564,217,created,2025-10-19 19:41:46,"{""short_code"":""mN4fLa"",""original_url"":""https://acme.dev/clear/network/564""}"
565,565,56,created,2025-10-05 05:34:05,"{""short_code"":""2twSHv"",""original_url"":""https://opswise.net/rapid/river/565""}"
566,566,279,created,2025-05-18 06:13:01,"{""short_code"":""mbHem7"",""original_url"":""https://example.com/ember/uplink/566""}"
567,567,307,created,2025-10-15 07:25:09,"{""short_code"":""4m6XV1"",""original_url"":""https://seeded.app/clear/delta/567""}"
568,568,115,created,2025-01-13 04:54:02,"{""short_code"":""T26cyo"",""original_url"":""https://relay.cloud/mellow/lagoon/568""}"
569,569,344,created,2025-08-04 13:06:18,"{""short_code"":""RpaLqu"",""original_url"":""https://example.com/quiet/meadow/569""}"
570,570,72,created,2025-02-02 20:24:34,"{""short_code"":""h7TlFh"",""original_url"":""https://example.com/dawn/harvest/570""}"
571,571,318,created,2025-04-02 20:29:20,"{""short_code"":""DUOXXl"",""original_url"":""https://hackstack.io/ember/lagoon/571""}"
572,572,298,created,2025-08-21 02:32:18,"{""short_code"":""1N2IIC"",""original_url"":""https://relay.cloud/quiet/beacon/572""}"
573,573,369,created,2025-02-07 03:14:33,"{""short_code"":""UFN0sp"",""original_url"":""https://hackstack.io/harbor/kernel/573""}"
574,574,173,created,2025-07-25 00:37:44,"{""short_code"":""uOvp5z"",""original_url"":""https://relay.cloud/rapid/pioneer/574""}"
575,575,83,created,2025-12-06 20:37:41,"{""short_code"":""CN8SEX"",""original_url"":""https://acme.dev/urban/pioneer/575""}"
576,576,241,created,2025-02-12 19:28:25,"{""short_code"":""g9iGMf"",""original_url"":""https://opswise.net/young/valley/576""}"
577,577,144,created,2025-09-24 20:25:47,"{""short_code"":""WaLZzR"",""original_url"":""https://opswise.net/silver/engine/577""}"
578,578,12,created,2026-01-11 20:28:09,"{""short_code"":""zoV0gf"",""original_url"":""https://relay.cloud/harbor/kernel/578""}"
579,579,123,created,2025-01-07 03:07:50,"{""short_code"":""5EEiPR"",""original_url"":""https://acme.dev/forest/meadow/579""}"
580,580,269,created,2025-09-28 18:54:18,"{""short_code"":""fzVdcx"",""original_url"":""https://seeded.app/quiet/uplink/580""}"
581,581,289,created,2025-04-22 02:36:48,"{""short_code"":""vg8TQl"",""original_url"":""https://example.com/quiet/valley/581""}"
582,582,244,created,2025-06-21 05:57:55,"{""short_code"":""ZbDDoR"",""original_url"":""https://opswise.net/brisk/anchor/582""}"
583,583,22,created,2025-11-17 13:22:30,"{""short_code"":""g1JFHp"",""original_url"":""https://hackstack.io/forest/zenith/583""}"
584,584,177,created,2025-06-25 23:55:38,"{""short_code"":""AYxsxS"",""original_url"":""https://seeded.app/rapid/uplink/584""}"
585,585,36,created,2025-02-24 21:26:31,"{""short_code"":""yaEodl"",""original_url"":""https://relay.cloud/amber/garden/585""}"
586,586,320,created,2026-02-05 03:42:25,"{""short_code"":""Em27ll"",""original_url"":""https://example.com/ivory/quartz/586""}"
587,587,125,created,2025-08-22 06:50:07,"{""short_code"":""mZ2oOV"",""original_url"":""https://example.com/navy/trail/587""}"
588,588,88,created,2025-05-16 00:24:34,"{""short_code"":""xnUrWI"",""original_url"":""https://opswise.net/clear/journey/588""}"
589,589,287,created,2025-01-23 03:12:33,"{""short_code"":""RiAOOV"",""original_url"":""https://opswise.net/vivid/uplink/589""}"
590,590,168,created,2025-08-30 08:26:41,"{""short_code"":""xjixRq"",""original_url"":""https://seeded.app/harbor/meadow/590""}"
591,591,127,created,2026-01-02 20:03:05,"{""short_code"":""vFSRu7"",""original_url"":""https://hackstack.io/forest/meadow/591""}"
592,592,92,created,2025-09-24 18:03:08,"{""short_code"":""FMzYpI"",""original_url"":""https://acme.dev/opal/orbit/592""}"
593,593,205,created,2025-12-05 18:40:15,"{""short_code"":""y1Lo3V"",""original_url"":""https://opswise.net/mellow/canyon/593""}"
594,594,190,created,2025-11-02 22:19:30,"{""short_code"":""YuVJXu"",""original_url"":""https://example.com/ivory/canyon/594""}"
595,595,64,created,2025-09-10 08:25:56,"{""short_code"":""qqSynq"",""original_url"":""https://relay.cloud/clear/engine/595""}"
596,596,337,created,2025-05-22 04:17:47,"{""short_code"":""mPxuvw"",""original_url"":""https://example.com/brisk/zenith/596""}"
597,597,364,created,2025-12-31 14:56:45,"{""short_code"":""E9pE2W"",""original_url"":""https://seeded.app/tidy/river/597""}"
598,598,291,created,2025-02-19 21:11:24,"{""short_code"":""ZGG95V"",""original_url"":""https://relay.cloud/rapid/canyon/598""}"
599,599,69,created,2025-07-07 20:17:10,"{""short_code"":""D2QKEs"",""original_url"":""https://relay.cloud/gold/meadow/599""}"
600,600,195,created,2025-09-01 05:52:05,"{""short_code"":""D7R1Da"",""original_url"":""https://hackstack.io/vivid/island/600""}"
601,601,38,created,2025-05-25 07:02:28,"{""short_code"":""BooCN1"",""original_url"":""https://seeded.app/harbor/harvest/601""}"
602,602,47,created,2026-02-11 13:35:36,"{""short_code"":""Rq2s4J"",""original_url"":""https://seeded.app/warm/window/602""}"
603,603,43,created,2025-08-25 02:53:55,"{""short_code"":""CZMfaV"",""original_url"":""https://opswise.net/rapid/river/603""}"
604,604,129,created,2025-01-06 12:21:08,"{""short_code"":""M7TRTt"",""original_url"":""https://hackstack.io/dawn/valley/604""}"
605,605,92,created,2026-01-06 07:14:31,"{""short_code"":""c25AHt"",""original_url"":""https://opswise.net/proud/pioneer/605""}"
606,606,247,created,2025-11-04 15:53:25,"{""short_code"":""QMsihV"",""original_url"":""https://relay.cloud/brisk/orbit/606""}"
607,607,199,created,2025-09-03 19:42:26,"{""short_code"":""Gr2gaF"",""original_url"":""https://example.com/silver/lagoon/607""}"
608,608,106,created,2025-11-05 11:45:56,"{""short_code"":""OE3Wdm"",""original_url"":""https://hackstack.io/gold/engine/608""}"
609,609,368,created,2025-04-03 01:42:46,"{""short_code"":""nKOI15"",""original_url"":""https://relay.cloud/vivid/quartz/609""}"
610,610,144,created,2025-07-05 06:38:58,"{""short_code"":""vRsX1l"",""original_url"":""https://opswise.net/brisk/signal/610""}"
611,611,203,created,2025-10-16 15:47:41,"{""short_code"":""LTL4bX"",""original_url"":""https://relay.cloud/urban/canyon/611""}"
612,612,355,created,2025-10-06 03:14:33,"{""short_code"":""fq38FA"",""original_url"":""https://relay.cloud/urban/lagoon/612""}"
613,613,186,created,2025-07-13 10:04:54,"{""short_code"":""Npm8mV"",""original_url"":""https://hackstack.io/tidy/orbit/613""}"
614,614,189,created,2025-12-10 18:10:07,"{""short_code"":""CKqMlO"",""original_url"":""https://example.com/ivory/window/614""}"
615,615,246,created,2025-07-30 00:52:20,"{""short_code"":""ShwqRl"",""original_url"":""https://hackstack.io/opal/yard/615""}"
616,616,168,created,2025-04-15 02:47:20,"{""short_code"":""OnRzbp"",""original_url"":""https://relay.cloud/cobalt/uplink/616""}"
617,617,295,created,2025-09-08 12:39:08,"{""short_code"":""MaBAqf"",""original_url"":""https://acme.dev/proud/canyon/617""}"
618,618,310,created,2025-08-02 16:04:32,"{""short_code"":""q2lgWx"",""original_url"":""https://hackstack.io/jade/trail/618""}"
619,619,68,created,2025-11-23 19:39:51,"{""short_code"":""xJALOx"",""original_url"":""https://relay.cloud/warm/lagoon/619""}"
620,620,161,created,2025-11-04 11:13:47,"{""short_code"":""N0kMCk"",""original_url"":""https://acme.dev/rapid/beacon/620""}"
621,621,341,created,2025-02-04 05:39:34,"{""short_code"":""pIgJ8f"",""original_url"":""https://hackstack.io/clear/delta/621""}"
622,622,372,created,2025-01-18 13:03:18,"{""short_code"":""lDDGzq"",""original_url"":""https://relay.cloud/urban/garden/622""}"
623,623,11,created,2025-12-28 14:41:25,"{""short_code"":""F3bero"",""original_url"":""https://acme.dev/opal/engine/623""}"
624,624,105,created,2025-12-07 04:46:26,"{""short_code"":""EE4qRR"",""original_url"":""https://example.com/navy/yard/624""}"
625,625,372,created,2025-07-17 21:31:18,"{""short_code"":""OMIphP"",""original_url"":""https://seeded.app/vivid/canyon/625""}"
626,626,387,created,2025-11-04 12:50:04,"{""short_code"":""2rDxlo"",""original_url"":""https://relay.cloud/ivory/field/626""}"
627,627,162,created,2025-06-11 00:33:18,"{""short_code"":""A4q4Cx"",""original_url"":""https://relay.cloud/silver/zenith/627""}"
628,628,31,created,2025-03-17 22:33:02,"{""short_code"":""0AmBuc"",""original_url"":""https://hackstack.io/vivid/network/628""}"
629,629,334,created,2025-02-07 13:46:37,"{""short_code"":""RxB8PD"",""original_url"":""https://seeded.app/ember/zenith/629""}"
630,630,243,created,2025-01-05 00:03:25,"{""short_code"":""pKDGjf"",""original_url"":""https://acme.dev/jade/anchor/630""}"
631,631,386,created,2025-02-01 20:48:01,"{""short_code"":""3RxHZv"",""original_url"":""https://acme.dev/tidy/field/631""}"
632,632,126,created,2025-02-06 20:47:23,"{""short_code"":""rXAI4l"",""original_url"":""https://seeded.app/navy/trail/632""}"
633,633,274,created,2025-03-16 16:00:30,"{""short_code"":""Z6SOjJ"",""original_url"":""https://example.com/keen/canyon/633""}"
634,634,3,created,2025-09-04 10:50:47,"{""short_code"":""uYmug8"",""original_url"":""https://example.com/keen/journey/634""}"
635,635,301,created,2025-12-06 06:27:01,"{""short_code"":""8mZB5K"",""original_url"":""https://opswise.net/silver/garden/635""}"
636,636,196,created,2026-02-07 10:20:26,"{""short_code"":""Sdd5L3"",""original_url"":""https://seeded.app/amber/network/636""}"
637,637,30,created,2025-08-17 16:17:17,"{""short_code"":""S4gHSu"",""original_url"":""https://relay.cloud/cobalt/network/637""}"
638,638,156,created,2025-12-11 16:49:17,"{""short_code"":""KL73If"",""original_url"":""https://opswise.net/silver/field/638""}"
639,639,86,created,2025-12-13 09:45:00,"{""short_code"":""JK0AIC"",""original_url"":""https://hackstack.io/warm/pioneer/639""}"
640,640,12,created,2025-12-10 10:50:24,"{""short_code"":""N4Xjpr"",""original_url"":""https://acme.dev/amber/island/640""}"
641,641,315,created,2025-05-05 18:54:42,"{""short_code"":""rYnt1x"",""original_url"":""https://example.com/mellow/window/641""}"
642,642,221,created,2026-01-05 06:01:33,"{""short_code"":""LYLnGC"",""original_url"":""https://seeded.app/tidy/quartz/642""}"
643,643,240,created,2025-01-09 04:58:08,"{""short_code"":""rj7fUO"",""original_url"":""https://hackstack.io/ember/window/643""}"
644,644,170,created,2025-07-23 00:55:39,"{""short_code"":""WWtMmT"",""original_url"":""https://relay.cloud/jade/kernel/644""}"
645,645,266,created,2025-06-06 10:10:25,"{""short_code"":""486rPg"",""original_url"":""https://opswise.net/gold/orbit/645""}"
646,646,237,created,2026-02-19 11:39:04,"{""short_code"":""izrzDP"",""original_url"":""https://opswise.net/vivid/pioneer/646""}"
647,647,172,created,2025-09-21 04:09:25,"{""short_code"":""4DsWVH"",""original_url"":""https://acme.dev/keen/uplink/647""}"
648,648,168,created,2025-09-30 05:12:12,"{""short_code"":""MeDxDd"",""original_url"":""https://seeded.app/opal/uplink/648""}"
649,649,126,created,2025-11-13 18:46:13,"{""short_code"":""FGDjyn"",""original_url"":""https://seeded.app/proud/signal/649""}"
650,650,347,created,2026-01-14 02:28:55,"{""short_code"":""RPzlHR"",""original_url"":""https://hackstack.io/urban/engine/650""}"
651,651,335,created,2025-02-12 21:19:29,"{""short_code"":""9m6VB7"",""original_url"":""https://acme.dev/opal/river/651""}"
652,652,292,created,2025-05-02 12:48:19,"{""short_code"":""hbTHIw"",""original_url"":""https://relay.cloud/urban/engine/652""}"
653,653,378,created,2025-06-29 16:40:07,"{""short_code"":""vF4JDx"",""original_url"":""https://example.com/lively/window/653""}"
654,654,116,created,2025-09-24 23:35:47,"{""short_code"":""a0oWw2"",""original_url"":""https://opswise.net/clear/field/654""}"
655,655,136,created,2025-08-15 12:51:56,"{""short_code"":""czEldl"",""original_url"":""https://seeded.app/mellow/network/655""}"
656,656,102,created,2025-08-31 10:35:38,"{""short_code"":""Qsp4GP"",""original_url"":""https://hackstack.io/navy/engine/656""}"
657,657,34,created,2025-12-21 13:29:07,"{""short_code"":""CRW1Ir"",""original_url"":""https://opswise.net/ember/signal/657""}"
658,658,61,created,2025-09-28 19:36:19,"{""short_code"":""682P1i"",""original_url"":""https://acme.dev/lively/harvest/658""}"
659,659,346,created,2025-11-11 02:31:38,"{""short_code"":""PJrJf0"",""original_url"":""https://seeded.app/warm/zenith/659""}"
660,660,136,created,2025-05-01 17:13:53,"{""short_code"":""Zj4kQ9"",""original_url"":""https://opswise.net/ivory/island/660""}"
661,661,118,created,2025-03-21 15:13:18,"{""short_code"":""r05KYA"",""original_url"":""https://acme.dev/ivory/valley/661""}"
662,662,279,created,2026-02-19 10:48:44,"{""short_code"":""xvCEq8"",""original_url"":""https://relay.cloud/jade/delta/662""}"
663,663,172,created,2025-04-11 22:08:24,"{""short_code"":""36gQ68"",""original_url"":""https://hackstack.io/harbor/field/663""}"
664,664,132,created,2025-03-10 19:47:29,"{""short_code"":""Qyf8L6"",""original_url"":""https://opswise.net/tidy/delta/664""}"
665,665,81,created,2025-08-21 11:58:19,"{""short_code"":""q0vDmD"",""original_url"":""https://relay.cloud/lively/kernel/665""}"
666,666,192,created,2025-11-24 03:20:03,"{""short_code"":""uCKQSd"",""original_url"":""https://acme.dev/dawn/pioneer/666""}"
667,667,379,created,2026-02-07 16:42:07,"{""short_code"":""wsHTIl"",""original_url"":""https://hackstack.io/amber/meadow/667""}"
668,668,197,created,2025-07-02 18:52:16,"{""short_code"":""CA1gqO"",""original_url"":""https://relay.cloud/silver/anchor/668""}"
669,669,381,created,2025-01-28 10:50:36,"{""short_code"":""fTJJU8"",""original_url"":""https://example.com/cobalt/field/669""}"
670,670,354,created,2025-12-18 17:49:38,"{""short_code"":""PxiMA8"",""original_url"":""https://seeded.app/calm/journey/670""}"
671,671,176,created,2025-12-05 12:42:33,"{""short_code"":""rmJjco"",""original_url"":""https://relay.cloud/navy/window/671""}"
672,672,165,created,2025-03-14 08:56:42,"{""short_code"":""ZZlGEp"",""original_url"":""https://hackstack.io/urban/harvest/672""}"
673,673,130,created,2026-02-16 03:12:54,"{""short_code"":""dWr5TA"",""original_url"":""https://opswise.net/forest/orbit/673""}"
674,674,34,created,2025-10-30 22:59:03,"{""short_code"":""poMm2p"",""original_url"":""https://opswise.net/lively/delta/674""}"
675,675,233,created,2026-01-25 21:55:10,"{""short_code"":""sel9sK"",""original_url"":""https://opswise.net/dawn/harvest/675""}"
676,676,372,created,2025-02-12 01:08:53,"{""short_code"":""SS5xWe"",""original_url"":""https://opswise.net/jade/garden/676""}"
677,677,58,created,2025-09-21 22:49:15,"{""short_code"":""CzpRIP"",""original_url"":""https://relay.cloud/clear/trail/677""}"
678,678,28,created,2025-07-24 09:39:41,"{""short_code"":""2ZCvX5"",""original_url"":""https://opswise.net/jade/field/678""}"
679,679,113,created,2025-07-17 06:02:31,"{""short_code"":""YKp69A"",""original_url"":""https://relay.cloud/mellow/pioneer/679""}"
680,680,329,created,2025-04-22 02:16:23,"{""short_code"":""pK7xfR"",""original_url"":""https://acme.dev/tidy/meadow/680""}"
681,681,198,created,2025-10-04 05:07:09,"{""short_code"":""BDfTM4"",""original_url"":""https://opswise.net/brisk/garden/681""}"
682,682,18,created,2025-01-05 15:56:57,"{""short_code"":""X1bhFg"",""original_url"":""https://opswise.net/lively/zenith/682""}"
683,683,317,created,2025-01-16 21:09:21,"{""short_code"":""TICNdd"",""original_url"":""https://acme.dev/tidy/anchor/683""}"
684,684,144,created,2025-06-24 17:07:00,"{""short_code"":""zwxz8E"",""original_url"":""https://example.com/amber/quartz/684""}"
685,685,1,created,2026-01-18 08:47:22,"{""short_code"":""I8LCFo"",""original_url"":""https://seeded.app/quiet/zenith/685""}"
686,686,76,created,2025-02-18 00:10:14,"{""short_code"":""2ZzMZT"",""original_url"":""https://relay.cloud/amber/garden/686""}"
687,687,377,created,2025-03-31 09:20:45,"{""short_code"":""y0Q6VD"",""original_url"":""https://opswise.net/calm/uplink/687""}"
688,688,161,created,2026-01-29 15:57:46,"{""short_code"":""2fgIcc"",""original_url"":""https://acme.dev/ivory/window/688""}"
689,689,53,created,2025-02-02 01:27:41,"{""short_code"":""GB1Ykd"",""original_url"":""https://hackstack.io/keen/zenith/689""}"
690,690,258,created,2025-05-27 02:21:22,"{""short_code"":""rKnLSO"",""original_url"":""https://hackstack.io/lively/valley/690""}"
691,691,384,created,2025-03-30 16:05:23,"{""short_code"":""NhvzsE"",""original_url"":""https://relay.cloud/ivory/quartz/691""}"
692,692,135,created,2025-10-22 05:03:34,"{""short_code"":""HPcgNf"",""original_url"":""https://hackstack.io/warm/quartz/692""}"
693,693,399,created,2025-11-28 03:01:28,"{""short_code"":""fpAsZ4"",""original_url"":""https://relay.cloud/quiet/delta/693""}"
694,694,361,created,2025-03-18 19:34:30,"{""short_code"":""5vKB0h"",""original_url"":""https://acme.dev/jade/river/694""}"
695,695,302,created,2025-12-16 12:06:32,"{""short_code"":""6uHcms"",""original_url"":""https://relay.cloud/ember/uplink/695""}"
696,696,165,created,2025-04-14 13:24:53,"{""short_code"":""YJEK9U"",""original_url"":""https://acme.dev/gold/zenith/696""}"
697,697,38,created,2025-05-08 20:20:18,"{""short_code"":""aFAsof"",""original_url"":""https://opswise.net/brisk/window/697""}"
698,698,219,created,2026-01-15 01:36:21,"{""short_code"":""IKStln"",""original_url"":""https://acme.dev/calm/pioneer/698""}"
699,699,174,created,2025-08-24 18:21:49,"{""short_code"":""SOJ644"",""original_url"":""https://seeded.app/quiet/yard/699""}"
700,700,295,created,2025-01-17 20:07:21,"{""short_code"":""dWeKYJ"",""original_url"":""https://hackstack.io/urban/trail/700""}"
701,701,179,created,2025-01-23 22:49:36,"{""short_code"":""3FyPmk"",""original_url"":""https://seeded.app/dawn/field/701""}"
702,702,177,created,2025-01-04 20:58:02,"{""short_code"":""n6Rk4e"",""original_url"":""https://seeded.app/navy/pioneer/702""}"
703,703,216,created,2025-08-22 23:09:50,"{""short_code"":""7NzKEp"",""original_url"":""https://seeded.app/lively/valley/703""}"
704,704,135,created,2025-06-20 14:31:01,"{""short_code"":""TwZSw3"",""original_url"":""https://relay.cloud/navy/window/704""}"
705,705,62,created,2026-02-18 04:12:44,"{""short_code"":""4Z0RSY"",""original_url"":""https://relay.cloud/forest/beacon/705""}"
706,706,57,created,2025-11-03 20:59:55,"{""short_code"":""8T3VMW"",""original_url"":""https://seeded.app/silver/zenith/706""}"
707,707,134,created,2025-08-07 01:46:41,"{""short_code"":""6isD3n"",""original_url"":""https://acme.dev/silver/river/707""}"
708,708,64,created,2025-09-28 11:26:11,"{""short_code"":""a10mQe"",""original_url"":""https://opswise.net/calm/lagoon/708""}"
709,709,272,created,2025-07-28 00:05:21,"{""short_code"":""iKPQ2x"",""original_url"":""https://example.com/navy/pioneer/709""}"
710,710,170,created,2025-09-20 23:46:55,"{""short_code"":""J9mwOL"",""original_url"":""https://acme.dev/opal/beacon/710""}"
711,711,108,created,2025-01-14 06:06:30,"{""short_code"":""Fa7ev7"",""original_url"":""https://opswise.net/warm/window/711""}"
712,712,224,created,2025-07-12 16:29:04,"{""short_code"":""FqNtU1"",""original_url"":""https://hackstack.io/urban/field/712""}"
713,713,58,created,2026-01-21 17:30:44,"{""short_code"":""1EtNh5"",""original_url"":""https://seeded.app/rapid/engine/713""}"
714,714,353,created,2025-01-03 02:14:40,"{""short_code"":""JlqTU6"",""original_url"":""https://opswise.net/ember/journey/714""}"
715,715,239,created,2025-02-23 21:41:07,"{""short_code"":""iUXlEj"",""original_url"":""https://seeded.app/dawn/island/715""}"
716,716,391,created,2025-06-26 00:46:00,"{""short_code"":""wVlaRG"",""original_url"":""https://acme.dev/navy/quartz/716""}"
717,717,378,created,2025-09-18 09:32:27,"{""short_code"":""QCad2U"",""original_url"":""https://example.com/gold/garden/717""}"
718,718,369,created,2025-01-10 00:28:07,"{""short_code"":""2EEeRk"",""original_url"":""https://opswise.net/rapid/kernel/718""}"
719,719,237,created,2025-08-08 17:36:29,"{""short_code"":""YY8uDr"",""original_url"":""https://example.com/ember/island/719""}"
720,720,211,created,2025-01-11 20:37:56,"{""short_code"":""7oIE57"",""original_url"":""https://seeded.app/quiet/pioneer/720""}"
721,721,112,created,2025-06-29 20:35:28,"{""short_code"":""fyhzS1"",""original_url"":""https://acme.dev/forest/field/721""}"
722,722,365,created,2025-04-12 03:17:26,"{""short_code"":""LYo0SZ"",""original_url"":""https://seeded.app/jade/window/722""}"
723,723,100,created,2025-12-28 06:09:19,"{""short_code"":""d5dVE3"",""original_url"":""https://opswise.net/brisk/network/723""}"
724,724,280,created,2025-08-30 00:52:46,"{""short_code"":""Hs8D3T"",""original_url"":""https://opswise.net/quiet/canyon/724""}"
725,725,371,created,2025-12-30 18:37:12,"{""short_code"":""UqvSfw"",""original_url"":""https://relay.cloud/proud/trail/725""}"
726,726,205,created,2025-01-08 21:24:37,"{""short_code"":""4ON2UW"",""original_url"":""https://seeded.app/harbor/valley/726""}"
727,727,174,created,2025-06-29 02:23:50,"{""short_code"":""iPvODl"",""original_url"":""https://opswise.net/silver/anchor/727""}"
728,728,138,created,2025-12-11 13:41:04,"{""short_code"":""o8sOLP"",""original_url"":""https://seeded.app/amber/garden/728""}"
729,729,179,created,2025-12-13 09:56:18,"{""short_code"":""KVSLjz"",""original_url"":""https://opswise.net/jade/window/729""}"
730,730,144,created,2025-03-16 12:39:33,"{""short_code"":""LWkzbj"",""original_url"":""https://relay.cloud/gold/river/730""}"
731,731,106,created,2025-11-03 06:54:29,"{""short_code"":""pdmvFd"",""original_url"":""https://seeded.app/clear/zenith/731""}"
732,732,398,created,2025-02-06 23:06:36,"{""short_code"":""jqYyJR"",""original_url"":""https://seeded.app/harbor/anchor/732""}"
733,733,366,created,2025-12-07 19:33:35,"{""short_code"":""zq3lPn"",""original_url"":""https://example.com/ember/network/733""}"
734,734,167,created,2025-07-13 00:34:30,"{""short_code"":""nmI4R0"",""original_url"":""https://seeded.app/jade/yard/734""}"
735,735,164,created,2025-11-29 00:15:50,"{""short_code"":""kdT7Qb"",""original_url"":""https://hackstack.io/mellow/uplink/735""}"
736,736,348,created,2025-06-13 00:01:30,"{""short_code"":""WgP9I2"",""original_url"":""https://relay.cloud/brisk/anchor/736""}"
737,737,342,created,2025-08-11 09:16:55,"{""short_code"":""8pnXE4"",""original_url"":""https://opswise.net/ivory/journey/737""}"
738,738,142,created,2025-10-11 04:57:56,"{""short_code"":""gmDrCD"",""original_url"":""https://opswise.net/tidy/trail/738""}"
739,739,304,created,2025-03-17 02:33:46,"{""short_code"":""uy5YsF"",""original_url"":""https://opswise.net/urban/harvest/739""}"
740,740,227,created,2025-07-27 00:38:13,"{""short_code"":""ZDfXZD"",""original_url"":""https://seeded.app/navy/trail/740""}"
741,741,384,created,2025-10-27 19:17:27,"{""short_code"":""PYYGSU"",""original_url"":""https://seeded.app/navy/beacon/741""}"
742,742,351,created,2026-01-04 10:54:24,"{""short_code"":""7j6sZA"",""original_url"":""https://opswise.net/silver/meadow/742""}"
743,743,221,created,2025-01-10 17:14:14,"{""short_code"":""LX3LCD"",""original_url"":""https://relay.cloud/lively/uplink/743""}"
744,744,161,created,2025-03-31 15:20:29,"{""short_code"":""DJvjPD"",""original_url"":""https://example.com/young/island/744""}"
745,745,399,created,2025-10-14 09:59:06,"{""short_code"":""prL3zi"",""original_url"":""https://seeded.app/navy/yard/745""}"
746,746,217,created,2025-05-01 08:58:27,"{""short_code"":""8U0UAE"",""original_url"":""https://opswise.net/ivory/engine/746""}"
747,747,46,created,2025-12-31 13:21:04,"{""short_code"":""oloVfj"",""original_url"":""https://hackstack.io/young/kernel/747""}"
748,748,124,created,2026-02-05 16:43:08,"{""short_code"":""kbys7H"",""original_url"":""https://relay.cloud/opal/network/748""}"
749,749,290,created,2026-01-07 04:52:24,"{""short_code"":""qhRzjB"",""original_url"":""https://example.com/brisk/engine/749""}"
750,750,158,created,2025-10-11 00:43:17,"{""short_code"":""oLkD24"",""original_url"":""https://opswise.net/harbor/garden/750""}"
751,751,294,created,2025-07-16 11:01:12,"{""short_code"":""ZR6K4J"",""original_url"":""https://acme.dev/harbor/engine/751""}"
752,752,110,created,2025-04-11 19:28:45,"{""short_code"":""9qUHB3"",""original_url"":""https://relay.cloud/tidy/trail/752""}"
753,753,288,created,2025-11-01 11:07:06,"{""short_code"":""t2c30n"",""original_url"":""https://example.com/silver/trail/753""}"
754,754,334,created,2026-01-10 19:53:43,"{""short_code"":""pGgfEw"",""original_url"":""https://acme.dev/gold/delta/754""}"
755,755,113,created,2025-02-22 02:30:56,"{""short_code"":""rz6KS9"",""original_url"":""https://example.com/clear/window/755""}"
756,756,257,created,2025-01-24 21:20:13,"{""short_code"":""oTR3mv"",""original_url"":""https://acme.dev/ember/uplink/756""}"
757,757,339,created,2025-10-17 12:49:44,"{""short_code"":""cSVPdy"",""original_url"":""https://relay.cloud/jade/signal/757""}"
758,758,90,created,2025-08-07 16:19:36,"{""short_code"":""UffhJb"",""original_url"":""https://seeded.app/lively/quartz/758""}"
759,759,24,created,2025-12-18 21:39:30,"{""short_code"":""WuXjAf"",""original_url"":""https://acme.dev/vivid/pioneer/759""}"
760,760,134,created,2025-03-21 08:14:00,"{""short_code"":""SPZJdy"",""original_url"":""https://relay.cloud/urban/journey/760""}"
761,761,317,created,2025-05-11 19:22:45,"{""short_code"":""lr9Mp8"",""original_url"":""https://seeded.app/warm/orbit/761""}"
762,762,171,created,2025-01-06 15:59:15,"{""short_code"":""tHJE2y"",""original_url"":""https://example.com/quiet/quartz/762""}"
763,763,382,created,2025-10-03 08:23:07,"{""short_code"":""topp7c"",""original_url"":""https://hackstack.io/dawn/zenith/763""}"
764,764,92,created,2025-10-15 13:52:47,"{""short_code"":""B5G7EL"",""original_url"":""https://opswise.net/mellow/valley/764""}"
765,765,288,created,2026-01-29 01:20:18,"{""short_code"":""VYTYxU"",""original_url"":""https://seeded.app/vivid/pioneer/765""}"
766,766,324,created,2025-07-31 09:37:04,"{""short_code"":""wNfq9T"",""original_url"":""https://opswise.net/navy/lagoon/766""}"
767,767,207,created,2026-01-08 03:46:51,"{""short_code"":""Q5dpqS"",""original_url"":""https://seeded.app/dawn/garden/767""}"
768,768,231,created,2026-01-09 05:39:15,"{""short_code"":""GZAeJL"",""original_url"":""https://acme.dev/amber/window/768""}"
769,769,114,created,2025-06-06 05:47:08,"{""short_code"":""c128m1"",""original_url"":""https://opswise.net/silver/quartz/769""}"
770,770,57,created,2025-11-13 19:12:05,"{""short_code"":""QXKsGD"",""original_url"":""https://acme.dev/navy/kernel/770""}"
771,771,390,created,2025-10-03 09:09:52,"{""short_code"":""luGFCN"",""original_url"":""https://seeded.app/cobalt/pioneer/771""}"
772,772,386,created,2026-02-03 02:36:54,"{""short_code"":""Vt9Qch"",""original_url"":""https://seeded.app/ivory/river/772""}"
773,773,391,created,2025-08-03 00:58:08,"{""short_code"":""LUhvzF"",""original_url"":""https://example.com/calm/pioneer/773""}"
774,774,331,created,2025-12-22 00:43:00,"{""short_code"":""z6Wk0o"",""original_url"":""https://hackstack.io/mellow/garden/774""}"
775,775,131,created,2025-11-29 16:52:26,"{""short_code"":""dkQO6f"",""original_url"":""https://seeded.app/gold/trail/775""}"
776,776,26,created,2026-02-15 14:03:33,"{""short_code"":""ucRUuP"",""original_url"":""https://relay.cloud/dawn/pioneer/776""}"
777,777,172,created,2025-12-31 05:04:35,"{""short_code"":""QjYoLc"",""original_url"":""https://example.com/lively/delta/777""}"
778,778,122,created,2025-01-02 04:23:47,"{""short_code"":""gZzSpI"",""original_url"":""https://acme.dev/gold/lagoon/778""}"
779,779,131,created,2026-02-11 02:39:08,"{""short_code"":""KPswdE"",""original_url"":""https://acme.dev/tidy/pioneer/779""}"
780,780,36,created,2025-03-19 02:30:54,"{""short_code"":""qpTsZo"",""original_url"":""https://seeded.app/vivid/quartz/780""}"
781,781,377,created,2026-01-30 18:42:48,"{""short_code"":""jjc8hR"",""original_url"":""https://acme.dev/cobalt/pioneer/781""}"
782,782,253,created,2025-10-18 15:21:51,"{""short_code"":""PTF1ly"",""original_url"":""https://relay.cloud/rapid/beacon/782""}"
783,783,357,created,2025-11-27 17:52:33,"{""short_code"":""rrww6v"",""original_url"":""https://acme.dev/quiet/harvest/783""}"
784,784,277,created,2025-06-20 04:06:59,"{""short_code"":""jSdpiv"",""original_url"":""https://seeded.app/amber/zenith/784""}"
785,785,371,created,2025-04-17 11:56:24,"{""short_code"":""ZZBPgf"",""original_url"":""https://opswise.net/dawn/canyon/785""}"
786,786,97,created,2025-12-15 13:13:13,"{""short_code"":""qdrKUc"",""original_url"":""https://relay.cloud/navy/anchor/786""}"
787,787,16,created,2025-10-15 04:43:40,"{""short_code"":""Kow4AC"",""original_url"":""https://seeded.app/brisk/window/787""}"
788,788,365,created,2025-05-08 16:10:46,"{""short_code"":""qdeEVi"",""original_url"":""https://relay.cloud/lively/journey/788""}"
789,789,102,created,2025-06-13 02:35:14,"{""short_code"":""A95QBr"",""original_url"":""https://seeded.app/opal/journey/789""}"
790,790,318,created,2025-11-04 20:24:35,"{""short_code"":""6i0p4y"",""original_url"":""https://opswise.net/clear/journey/790""}"
791,791,151,created,2025-05-29 17:54:43,"{""short_code"":""zQnq9v"",""original_url"":""https://seeded.app/lively/trail/791""}"
792,792,137,created,2025-06-09 03:36:25,"{""short_code"":""NY19Y5"",""original_url"":""https://example.com/opal/valley/792""}"
793,793,43,created,2025-05-20 09:27:12,"{""short_code"":""3OY4nC"",""original_url"":""https://seeded.app/vivid/pioneer/793""}"
794,794,111,created,2025-06-25 05:46:16,"{""short_code"":""76VwkI"",""original_url"":""https://opswise.net/harbor/garden/794""}"
795,795,47,created,2025-10-31 08:29:12,"{""short_code"":""TtHI0A"",""original_url"":""https://acme.dev/silver/yard/795""}"
796,796,75,created,2025-08-24 15:35:52,"{""short_code"":""STWYjI"",""original_url"":""https://example.com/brisk/harvest/796""}"
797,797,57,created,2025-08-15 01:12:51,"{""short_code"":""wvuun2"",""original_url"":""https://relay.cloud/brisk/garden/797""}"
798,798,274,created,2026-02-13 04:18:09,"{""short_code"":""MIyNxk"",""original_url"":""https://example.com/opal/river/798""}"
799,799,73,created,2025-08-01 08:45:20,"{""short_code"":""8QQQYP"",""original_url"":""https://acme.dev/navy/window/799""}"
800,800,119,created,2025-04-12 19:07:45,"{""short_code"":""GuNW5j"",""original_url"":""https://acme.dev/ember/delta/800""}"
801,801,397,created,2025-01-29 16:12:21,"{""short_code"":""RfXd2g"",""original_url"":""https://acme.dev/harbor/field/801""}"
802,802,397,created,2026-01-07 12:59:41,"{""short_code"":""RAd1rM"",""original_url"":""https://example.com/amber/network/802""}"
803,803,396,created,2025-07-22 09:20:51,"{""short_code"":""fFQSrC"",""original_url"":""https://hackstack.io/rapid/network/803""}"
804,804,351,created,2025-10-15 17:31:46,"{""short_code"":""9W1FjM"",""original_url"":""https://example.com/navy/island/804""}"
805,805,310,created,2026-01-16 11:40:21,"{""short_code"":""TUdyrS"",""original_url"":""https://hackstack.io/vivid/field/805""}"
806,806,111,created,2025-09-14 08:05:35,"{""short_code"":""iClqSY"",""original_url"":""https://acme.dev/cobalt/orbit/806""}"
807,807,302,created,2025-01-05 04:06:27,"{""short_code"":""a7Diqw"",""original_url"":""https://seeded.app/keen/quartz/807""}"
808,808,15,created,2025-04-03 11:09:36,"{""short_code"":""MkcmAz"",""original_url"":""https://hackstack.io/warm/valley/808""}"
809,809,211,created,2025-05-11 20:09:25,"{""short_code"":""W8ZpMu"",""original_url"":""https://seeded.app/proud/trail/809""}"
810,810,22,created,2025-02-18 17:47:42,"{""short_code"":""sgfPaX"",""original_url"":""https://example.com/clear/orbit/810""}"
811,811,66,created,2025-03-11 17:56:09,"{""short_code"":""XGCMM9"",""original_url"":""https://hackstack.io/cobalt/valley/811""}"
812,812,189,created,2026-01-01 03:47:12,"{""short_code"":""t1M5GK"",""original_url"":""https://example.com/cobalt/river/812""}"
813,813,37,created,2025-11-05 18:48:37,"{""short_code"":""hwvw7V"",""original_url"":""https://opswise.net/forest/field/813""}"
814,814,272,created,2025-12-10 06:49:53,"{""short_code"":""xTEXHK"",""original_url"":""https://hackstack.io/forest/engine/814""}"
815,815,127,created,2025-08-11 07:16:13,"{""short_code"":""37rFf5"",""original_url"":""https://seeded.app/brisk/quartz/815""}"
816,816,283,created,2025-03-20 21:46:35,"{""short_code"":""RUaavo"",""original_url"":""https://hackstack.io/ivory/uplink/816""}"
817,817,119,created,2025-08-25 13:23:55,"{""short_code"":""2cmr5A"",""original_url"":""https://example.com/jade/window/817""}"
818,818,227,created,2025-10-24 23:14:30,"{""short_code"":""SFios9"",""original_url"":""https://hackstack.io/mellow/network/818""}"
819,819,367,created,2025-01-26 16:25:15,"{""short_code"":""ET9OUW"",""original_url"":""https://relay.cloud/forest/harvest/819""}"
820,820,107,created,2025-09-21 13:14:16,"{""short_code"":""81le4D"",""original_url"":""https://acme.dev/harbor/island/820""}"
821,821,240,created,2025-11-30 08:04:28,"{""short_code"":""EjBrPs"",""original_url"":""https://opswise.net/rapid/network/821""}"
822,822,1,created,2025-10-28 00:33:49,"{""short_code"":""PUJ5dI"",""original_url"":""https://acme.dev/forest/river/822""}"
823,823,344,created,2025-09-09 16:30:39,"{""short_code"":""N9hZb0"",""original_url"":""https://acme.dev/warm/orbit/823""}"
824,824,276,created,2025-05-03 11:56:12,"{""short_code"":""DcRvGt"",""original_url"":""https://example.com/ember/island/824""}"
825,825,44,created,2025-02-15 13:02:03,"{""short_code"":""PUEomo"",""original_url"":""https://seeded.app/opal/network/825""}"
826,826,300,created,2025-04-23 12:03:12,"{""short_code"":""35qZdw"",""original_url"":""https://example.com/warm/trail/826""}"
827,827,4,created,2025-06-25 20:33:27,"{""short_code"":""YyYQ3t"",""original_url"":""https://opswise.net/proud/meadow/827""}"
828,828,301,created,2025-03-17 16:52:10,"{""short_code"":""INV4UQ"",""original_url"":""https://example.com/ember/window/828""}"
829,829,229,created,2025-03-20 03:32:39,"{""short_code"":""OQwz1T"",""original_url"":""https://hackstack.io/forest/field/829""}"
830,830,155,created,2026-01-07 02:49:18,"{""short_code"":""empkBl"",""original_url"":""https://seeded.app/young/yard/830""}"
831,831,211,created,2025-09-01 12:28:45,"{""short_code"":""Q177d5"",""original_url"":""https://opswise.net/brisk/orbit/831""}"
832,832,356,created,2025-08-20 05:53:11,"{""short_code"":""dTBGET"",""original_url"":""https://seeded.app/urban/kernel/832""}"
833,833,78,created,2025-01-05 19:32:25,"{""short_code"":""NT6rpR"",""original_url"":""https://opswise.net/silver/field/833""}"
834,834,224,created,2026-02-06 15:16:34,"{""short_code"":""fY2mKh"",""original_url"":""https://seeded.app/jade/engine/834""}"
835,835,187,created,2025-06-17 22:58:30,"{""short_code"":""RpWZXa"",""original_url"":""https://acme.dev/cobalt/quartz/835""}"
836,836,325,created,2025-10-08 05:29:37,"{""short_code"":""DWRkSm"",""original_url"":""https://seeded.app/lively/quartz/836""}"
837,837,245,created,2025-08-02 22:54:51,"{""short_code"":""uNWQHF"",""original_url"":""https://seeded.app/forest/field/837""}"
838,838,102,created,2025-04-23 07:54:39,"{""short_code"":""UM8QJY"",""original_url"":""https://acme.dev/keen/orbit/838""}"
839,839,39,created,2025-12-14 04:00:48,"{""short_code"":""QMwGP0"",""original_url"":""https://example.com/cobalt/network/839""}"
840,840,139,created,2025-09-21 10:15:32,"{""short_code"":""c6CGTo"",""original_url"":""https://acme.dev/brisk/island/840""}"
841,841,141,created,2025-12-22 20:44:32,"{""short_code"":""AOrj4G"",""original_url"":""https://seeded.app/urban/garden/841""}"
842,842,246,created,2025-07-19 17:56:44,"{""short_code"":""XR10JV"",""original_url"":""https://hackstack.io/dawn/river/842""}"
843,843,166,created,2025-05-12 18:51:28,"{""short_code"":""7bPQX6"",""original_url"":""https://example.com/ember/network/843""}"
844,844,71,created,2025-12-16 10:07:18,"{""short_code"":""7wcwk0"",""original_url"":""https://acme.dev/silver/beacon/844""}"
845,845,280,created,2025-03-28 19:12:18,"{""short_code"":""l97BC3"",""original_url"":""https://hackstack.io/gold/yard/845""}"
846,846,138,created,2025-10-24 04:02:21,"{""short_code"":""tCQAG3"",""original_url"":""https://acme.dev/gold/engine/846""}"
847,847,120,created,2025-04-19 04:13:29,"{""short_code"":""Q6fFK9"",""original_url"":""https://opswise.net/navy/field/847""}"
848,848,357,created,2025-05-30 09:06:15,"{""short_code"":""SQv1EI"",""original_url"":""https://relay.cloud/cobalt/delta/848""}"
849,849,20,created,2025-10-19 08:03:35,"{""short_code"":""m5w1BA"",""original_url"":""https://seeded.app/urban/network/849""}"
850,850,374,created,2025-06-26 21:30:45,"{""short_code"":""kFubbH"",""original_url"":""https://opswise.net/keen/zenith/850""}"
851,851,324,created,2026-01-20 03:59:23,"{""short_code"":""EMVrrq"",""original_url"":""https://seeded.app/navy/anchor/851""}"
852,852,121,created,2025-08-03 10:24:50,"{""short_code"":""3yAfZX"",""original_url"":""https://seeded.app/gold/zenith/852""}"
853,853,228,created,2025-06-12 06:42:40,"{""short_code"":""XLr1N4"",""original_url"":""https://example.com/clear/uplink/853""}"
854,854,78,created,2025-12-18 07:39:51,"{""short_code"":""lUnpDD"",""original_url"":""https://relay.cloud/clear/trail/854""}"
855,855,62,created,2025-02-24 23:29:32,"{""short_code"":""nFEpqS"",""original_url"":""https://hackstack.io/urban/zenith/855""}"
856,856,147,created,2025-08-27 04:19:42,"{""short_code"":""9TuYvX"",""original_url"":""https://relay.cloud/jade/valley/856""}"
857,857,300,created,2025-03-30 15:47:14,"{""short_code"":""uQ5Afe"",""original_url"":""https://acme.dev/proud/zenith/857""}"
858,858,244,created,2025-06-16 06:48:53,"{""short_code"":""o2MZ9p"",""original_url"":""https://seeded.app/navy/valley/858""}"
859,859,367,created,2025-03-05 08:57:50,"{""short_code"":""6Uqdrw"",""original_url"":""https://example.com/quiet/beacon/859""}"
860,860,307,created,2025-07-08 07:44:31,"{""short_code"":""WsRMvZ"",""original_url"":""https://example.com/quiet/delta/860""}"
861,861,227,created,2025-04-15 17:51:19,"{""short_code"":""e5QB7n"",""original_url"":""https://example.com/calm/journey/861""}"
862,862,72,created,2025-12-25 20:30:16,"{""short_code"":""pt9kz0"",""original_url"":""https://hackstack.io/keen/beacon/862""}"
863,863,155,created,2025-08-31 17:54:32,"{""short_code"":""3ejPqA"",""original_url"":""https://opswise.net/urban/signal/863""}"
864,864,201,created,2025-07-13 20:01:14,"{""short_code"":""JMZ0pE"",""original_url"":""https://acme.dev/vivid/engine/864""}"
865,865,289,created,2026-01-29 22:55:51,"{""short_code"":""zt1yIu"",""original_url"":""https://relay.cloud/urban/island/865""}"
866,866,95,created,2025-11-11 15:22:54,"{""short_code"":""1BTbIm"",""original_url"":""https://seeded.app/brisk/engine/866""}"
867,867,195,created,2025-02-28 05:53:36,"{""short_code"":""CyToJ5"",""original_url"":""https://acme.dev/harbor/field/867""}"
868,868,121,created,2025-11-15 15:36:53,"{""short_code"":""4qVdc8"",""original_url"":""https://relay.cloud/mellow/field/868""}"
869,869,192,created,2025-11-30 20:55:58,"{""short_code"":""uwtRL5"",""original_url"":""https://relay.cloud/forest/zenith/869""}"
870,870,378,created,2025-04-28 18:24:44,"{""short_code"":""obGtRd"",""original_url"":""https://seeded.app/navy/delta/870""}"
871,871,327,created,2025-07-23 08:27:00,"{""short_code"":""QKrjMS"",""original_url"":""https://seeded.app/warm/kernel/871""}"
872,872,179,created,2025-10-29 21:51:42,"{""short_code"":""f4sztE"",""original_url"":""https://acme.dev/opal/engine/872""}"
873,873,193,created,2025-03-17 13:56:59,"{""short_code"":""Z1boCu"",""original_url"":""https://relay.cloud/ivory/river/873""}"
874,874,234,created,2025-09-27 05:33:29,"{""short_code"":""PV4MGX"",""original_url"":""https://relay.cloud/silver/valley/874""}"
875,875,247,created,2026-02-03 21:26:01,"{""short_code"":""LBULoB"",""original_url"":""https://opswise.net/calm/window/875""}"
876,876,221,created,2025-01-23 16:47:30,"{""short_code"":""BvnRrz"",""original_url"":""https://example.com/silver/anchor/876""}"
877,877,188,created,2025-02-06 09:52:44,"{""short_code"":""Kn9tTz"",""original_url"":""https://seeded.app/forest/uplink/877""}"
878,878,280,created,2025-10-15 05:30:12,"{""short_code"":""SMjsaV"",""original_url"":""https://relay.cloud/warm/river/878""}"
879,879,93,created,2025-03-30 20:59:29,"{""short_code"":""y2pLo7"",""original_url"":""https://relay.cloud/gold/yard/879""}"
880,880,177,created,2025-07-06 22:13:31,"{""short_code"":""qNGk6N"",""original_url"":""https://acme.dev/urban/orbit/880""}"
881,881,333,created,2025-06-26 07:19:53,"{""short_code"":""mDmaj0"",""original_url"":""https://hackstack.io/vivid/uplink/881""}"
882,882,183,created,2026-02-11 08:59:53,"{""short_code"":""5ldisE"",""original_url"":""https://seeded.app/lively/field/882""}"
883,883,169,created,2025-03-23 21:57:15,"{""short_code"":""Xj02GM"",""original_url"":""https://hackstack.io/dawn/harvest/883""}"
884,884,271,created,2025-12-09 19:29:17,"{""short_code"":""7tjFnP"",""original_url"":""https://acme.dev/forest/window/884""}"
885,885,112,created,2025-02-02 09:59:40,"{""short_code"":""VKCmVB"",""original_url"":""https://opswise.net/silver/meadow/885""}"
886,886,202,created,2025-09-03 13:00:02,"{""short_code"":""xmFV95"",""original_url"":""https://opswise.net/brisk/lagoon/886""}"
887,887,331,created,2025-10-05 14:29:09,"{""short_code"":""XRAJEF"",""original_url"":""https://example.com/amber/valley/887""}"
888,888,162,created,2025-11-23 16:29:24,"{""short_code"":""2LnwrH"",""original_url"":""https://acme.dev/gold/journey/888""}"
889,889,75,created,2025-06-18 12:29:49,"{""short_code"":""qsk3lw"",""original_url"":""https://acme.dev/navy/field/889""}"
890,890,147,created,2026-01-07 16:21:49,"{""short_code"":""Yqd3F6"",""original_url"":""https://acme.dev/young/anchor/890""}"
891,891,112,created,2025-02-07 16:15:39,"{""short_code"":""iQZidH"",""original_url"":""https://example.com/clear/anchor/891""}"
892,892,260,created,2026-02-19 11:00:09,"{""short_code"":""oAqOiE"",""original_url"":""https://example.com/proud/zenith/892""}"
893,893,319,created,2025-07-06 18:24:57,"{""short_code"":""N8NkwW"",""original_url"":""https://acme.dev/warm/pioneer/893""}"
894,894,289,created,2025-10-18 05:32:58,"{""short_code"":""3D1KLv"",""original_url"":""https://acme.dev/keen/meadow/894""}"
895,895,244,created,2025-07-03 07:14:22,"{""short_code"":""jOnQfl"",""original_url"":""https://relay.cloud/proud/delta/895""}"
896,896,243,created,2025-07-20 08:12:31,"{""short_code"":""PWHpG9"",""original_url"":""https://relay.cloud/rapid/canyon/896""}"
897,897,13,created,2025-10-11 23:32:54,"{""short_code"":""NPr9lr"",""original_url"":""https://opswise.net/ember/field/897""}"
898,898,253,created,2025-08-17 01:01:58,"{""short_code"":""QiGJIK"",""original_url"":""https://relay.cloud/proud/pioneer/898""}"
899,899,123,created,2025-09-05 15:45:29,"{""short_code"":""sNfCsT"",""original_url"":""https://opswise.net/young/river/899""}"
900,900,371,created,2025-12-14 11:05:50,"{""short_code"":""4PkTic"",""original_url"":""https://hackstack.io/opal/canyon/900""}"
901,901,261,created,2025-10-09 07:21:30,"{""short_code"":""WC8vjH"",""original_url"":""https://relay.cloud/proud/valley/901""}"
902,902,125,created,2026-01-28 04:50:23,"{""short_code"":""A43c5S"",""original_url"":""https://opswise.net/keen/engine/902""}"
903,903,42,created,2025-06-04 09:57:42,"{""short_code"":""H9LhCw"",""original_url"":""https://acme.dev/jade/garden/903""}"
904,904,236,created,2025-07-16 14:21:12,"{""short_code"":""bW4wMY"",""original_url"":""https://acme.dev/jade/window/904""}"
905,905,136,created,2025-04-01 20:12:47,"{""short_code"":""RPOZR2"",""original_url"":""https://hackstack.io/amber/river/905""}"
906,906,72,created,2025-10-21 11:23:05,"{""short_code"":""hMIkzx"",""original_url"":""https://seeded.app/jade/engine/906""}"
907,907,59,created,2025-11-18 01:14:17,"{""short_code"":""bwLL9g"",""original_url"":""https://seeded.app/navy/journey/907""}"
908,908,224,created,2025-06-30 09:26:02,"{""short_code"":""qaVCjy"",""original_url"":""https://example.com/quiet/pioneer/908""}"
909,909,392,created,2025-05-19 08:39:58,"{""short_code"":""WmVPpW"",""original_url"":""https://example.com/mellow/trail/909""}"
910,910,391,created,2025-06-21 04:48:52,"{""short_code"":""eW2k7H"",""original_url"":""https://hackstack.io/gold/quartz/910""}"
911,911,174,created,2025-02-17 20:26:04,"{""short_code"":""a7GnT0"",""original_url"":""https://acme.dev/mellow/garden/911""}"
912,912,109,created,2025-07-18 05:58:42,"{""short_code"":""aP6xwe"",""original_url"":""https://hackstack.io/young/network/912""}"
913,913,58,created,2025-07-12 06:35:38,"{""short_code"":""jdfive"",""original_url"":""https://example.com/urban/meadow/913""}"
914,914,271,created,2025-10-24 23:51:22,"{""short_code"":""pkebEE"",""original_url"":""https://acme.dev/brisk/signal/914""}"
915,915,337,created,2025-12-03 02:52:52,"{""short_code"":""rsgghY"",""original_url"":""https://seeded.app/ember/yard/915""}"
916,916,298,created,2025-02-18 12:13:29,"{""short_code"":""dnFh4t"",""original_url"":""https://hackstack.io/jade/canyon/916""}"
917,917,361,created,2025-05-30 00:58:19,"{""short_code"":""Jpf6Mf"",""original_url"":""https://seeded.app/amber/quartz/917""}"
918,918,118,created,2025-09-02 11:28:07,"{""short_code"":""s8yHyk"",""original_url"":""https://example.com/gold/meadow/918""}"
919,919,212,created,2025-06-19 00:23:13,"{""short_code"":""usRe7D"",""original_url"":""https://opswise.net/jade/network/919""}"
920,920,235,created,2025-09-08 07:36:52,"{""short_code"":""CekK5x"",""original_url"":""https://example.com/ivory/anchor/920""}"
921,921,247,created,2025-08-19 14:47:28,"{""short_code"":""CJM4hR"",""original_url"":""https://hackstack.io/calm/garden/921""}"
922,922,176,created,2025-08-07 07:33:40,"{""short_code"":""cyFAIn"",""original_url"":""https://hackstack.io/ivory/river/922""}"
923,923,212,created,2025-06-07 07:13:45,"{""short_code"":""HBwfgW"",""original_url"":""https://seeded.app/navy/uplink/923""}"
924,924,327,created,2025-11-13 00:21:41,"{""short_code"":""drlbWp"",""original_url"":""https://opswise.net/vivid/island/924""}"
925,925,227,created,2025-02-11 21:14:29,"{""short_code"":""jJRDd6"",""original_url"":""https://acme.dev/mellow/kernel/925""}"
926,926,94,created,2025-02-04 16:32:12,"{""short_code"":""za5dBJ"",""original_url"":""https://example.com/quiet/journey/926""}"
927,927,87,created,2025-02-22 04:23:03,"{""short_code"":""HVOsMC"",""original_url"":""https://acme.dev/lively/river/927""}"
928,928,286,created,2025-01-30 02:56:53,"{""short_code"":""CVRQ3Q"",""original_url"":""https://relay.cloud/opal/orbit/928""}"
929,929,353,created,2025-08-21 13:31:14,"{""short_code"":""MFaZWU"",""original_url"":""https://opswise.net/tidy/valley/929""}"
930,930,142,created,2025-09-22 00:52:35,"{""short_code"":""ExxHBd"",""original_url"":""https://relay.cloud/warm/signal/930""}"
931,931,142,created,2025-04-29 13:26:53,"{""short_code"":""KBHAU5"",""original_url"":""https://seeded.app/harbor/engine/931""}"
932,932,396,created,2025-05-23 12:48:19,"{""short_code"":""8WwDpl"",""original_url"":""https://acme.dev/tidy/meadow/932""}"
933,933,253,created,2025-05-30 21:27:34,"{""short_code"":""NmcAbJ"",""original_url"":""https://example.com/mellow/anchor/933""}"
934,934,7,created,2025-05-27 14:07:02,"{""short_code"":""ztDIUe"",""original_url"":""https://example.com/ember/orbit/934""}"
935,935,252,created,2025-09-06 04:27:49,"{""short_code"":""T4aKxH"",""original_url"":""https://opswise.net/gold/delta/935""}"
936,936,37,created,2025-12-21 19:31:23,"{""short_code"":""1cEcYg"",""original_url"":""https://hackstack.io/proud/trail/936""}"
937,937,343,created,2025-07-17 03:08:29,"{""short_code"":""rB55Hv"",""original_url"":""https://relay.cloud/brisk/lagoon/937""}"
938,938,328,created,2025-03-06 10:46:12,"{""short_code"":""GtQGan"",""original_url"":""https://seeded.app/young/valley/938""}"
939,939,320,created,2025-11-15 19:35:11,"{""short_code"":""ETyEep"",""original_url"":""https://seeded.app/harbor/harvest/939""}"
940,940,331,created,2025-03-21 17:32:05,"{""short_code"":""cbw3hC"",""original_url"":""https://example.com/brisk/journey/940""}"
941,941,337,created,2025-06-01 15:23:28,"{""short_code"":""8b3f1Z"",""original_url"":""https://seeded.app/ivory/delta/941""}"
942,942,42,created,2025-12-15 15:22:27,"{""short_code"":""OrG7iz"",""original_url"":""https://seeded.app/silver/window/942""}"
943,943,77,created,2025-12-02 10:14:25,"{""short_code"":""JRDsab"",""original_url"":""https://example.com/mellow/island/943""}"
944,944,325,created,2025-03-18 10:24:39,"{""short_code"":""3Uf3Jp"",""original_url"":""https://relay.cloud/mellow/meadow/944""}"
945,945,353,created,2025-04-12 14:44:11,"{""short_code"":""Pl0FHo"",""original_url"":""https://hackstack.io/clear/zenith/945""}"
946,946,251,created,2025-10-09 09:50:15,"{""short_code"":""HM7rwL"",""original_url"":""https://opswise.net/harbor/engine/946""}"
947,947,281,created,2025-01-24 23:06:35,"{""short_code"":""T3Y1rZ"",""original_url"":""https://relay.cloud/clear/anchor/947""}"
948,948,182,created,2025-01-25 12:20:31,"{""short_code"":""ctxeK5"",""original_url"":""https://example.com/young/lagoon/948""}"
949,949,296,created,2025-12-04 02:58:27,"{""short_code"":""ES4AFW"",""original_url"":""https://acme.dev/silver/orbit/949""}"
950,950,46,created,2025-02-28 23:22:56,"{""short_code"":""25GFB1"",""original_url"":""https://acme.dev/keen/trail/950""}"
951,951,79,created,2025-06-15 16:36:40,"{""short_code"":""KNJXnX"",""original_url"":""https://example.com/rapid/trail/951""}"
952,952,249,created,2025-04-10 21:36:20,"{""short_code"":""AKxmPs"",""original_url"":""https://relay.cloud/dawn/network/952""}"
953,953,131,created,2025-09-04 23:59:07,"{""short_code"":""TZas7i"",""original_url"":""https://acme.dev/cobalt/pioneer/953""}"
954,954,300,created,2025-11-26 06:06:41,"{""short_code"":""DYvhQq"",""original_url"":""https://hackstack.io/brisk/uplink/954""}"
955,955,374,created,2025-10-12 19:54:57,"{""short_code"":""NBrKjM"",""original_url"":""https://acme.dev/navy/valley/955""}"
956,956,306,created,2025-12-02 04:12:06,"{""short_code"":""dhJrgD"",""original_url"":""https://opswise.net/navy/island/956""}"
957,957,40,created,2025-04-03 10:04:23,"{""short_code"":""vHlHv1"",""original_url"":""https://relay.cloud/jade/pioneer/957""}"
958,958,348,created,2025-04-13 03:22:57,"{""short_code"":""z1NTCC"",""original_url"":""https://hackstack.io/brisk/yard/958""}"
959,959,1,created,2025-04-06 18:39:19,"{""short_code"":""Sr7fdb"",""original_url"":""https://hackstack.io/navy/window/959""}"
960,960,180,created,2025-03-31 11:50:29,"{""short_code"":""8R55P2"",""original_url"":""https://hackstack.io/lively/journey/960""}"
961,961,86,created,2026-01-16 17:26:14,"{""short_code"":""O4kdHI"",""original_url"":""https://example.com/gold/garden/961""}"
962,962,257,created,2025-07-20 10:00:10,"{""short_code"":""Gvw7BM"",""original_url"":""https://example.com/calm/island/962""}"
963,963,366,created,2026-02-19 10:40:34,"{""short_code"":""WDniXq"",""original_url"":""https://example.com/vivid/kernel/963""}"
964,964,266,created,2025-03-18 09:21:12,"{""short_code"":""zMOdOp"",""original_url"":""https://opswise.net/navy/island/964""}"
965,965,241,created,2026-02-02 03:49:48,"{""short_code"":""5xuNL1"",""original_url"":""https://acme.dev/mellow/field/965""}"
966,966,264,created,2025-10-12 10:41:52,"{""short_code"":""raWuXI"",""original_url"":""https://opswise.net/mellow/kernel/966""}"
967,967,175,created,2025-06-21 06:43:26,"{""short_code"":""58B1or"",""original_url"":""https://seeded.app/calm/signal/967""}"
968,968,378,created,2025-06-03 12:53:34,"{""short_code"":""bBkUUR"",""original_url"":""https://seeded.app/lively/quartz/968""}"
969,969,304,created,2025-06-12 05:38:21,"{""short_code"":""mCYtBD"",""original_url"":""https://hackstack.io/navy/yard/969""}"
970,970,332,created,2025-02-14 08:29:36,"{""short_code"":""auhyTe"",""original_url"":""https://seeded.app/gold/journey/970""}"
971,971,292,created,2025-08-18 17:02:14,"{""short_code"":""wvq2hG"",""original_url"":""https://hackstack.io/tidy/meadow/971""}"
972,972,192,created,2025-05-20 08:25:35,"{""short_code"":""WTKdvu"",""original_url"":""https://opswise.net/clear/valley/972""}"
973,973,370,created,2025-02-28 07:44:13,"{""short_code"":""E4qxyL"",""original_url"":""https://seeded.app/ivory/quartz/973""}"
974,974,1,created,2025-03-20 06:10:33,"{""short_code"":""FhNj5Q"",""original_url"":""https://relay.cloud/opal/pioneer/974""}"
975,975,77,created,2025-02-26 21:23:17,"{""short_code"":""Lbg7vl"",""original_url"":""https://example.com/dawn/quartz/975""}"
976,976,324,created,2025-03-28 18:05:27,"{""short_code"":""7P4BtF"",""original_url"":""https://opswise.net/young/yard/976""}"
977,977,250,created,2025-03-09 16:48:42,"{""short_code"":""lTYQZL"",""original_url"":""https://acme.dev/mellow/harvest/977""}"
978,978,352,created,2025-09-09 04:32:28,"{""short_code"":""v1s4yu"",""original_url"":""https://example.com/rapid/delta/978""}"
979,979,113,created,2025-05-11 23:50:10,"{""short_code"":""MI6vJR"",""original_url"":""https://acme.dev/harbor/trail/979""}"
980,980,42,created,2025-05-05 22:22:02,"{""short_code"":""S1AemW"",""original_url"":""https://relay.cloud/young/zenith/980""}"
981,981,5,created,2025-01-01 14:00:39,"{""short_code"":""4wUedY"",""original_url"":""https://seeded.app/keen/quartz/981""}"
982,982,242,created,2025-08-24 08:19:44,"{""short_code"":""yyiJPZ"",""original_url"":""https://seeded.app/dawn/kernel/982""}"
983,983,254,created,2025-07-08 12:39:57,"{""short_code"":""wKs37G"",""original_url"":""https://example.com/quiet/beacon/983""}"
984,984,363,created,2025-09-03 04:05:02,"{""short_code"":""vikwCS"",""original_url"":""https://opswise.net/amber/zenith/984""}"
985,985,217,created,2025-08-13 08:41:36,"{""short_code"":""7QIGPM"",""original_url"":""https://seeded.app/proud/lagoon/985""}"
986,986,161,created,2025-12-05 04:20:32,"{""short_code"":""LA5qjH"",""original_url"":""https://seeded.app/ember/trail/986""}"
987,987,312,created,2025-09-10 11:47:46,"{""short_code"":""9SnMBl"",""original_url"":""https://seeded.app/lively/kernel/987""}"
988,988,239,created,2025-06-18 12:09:20,"{""short_code"":""rzyc7i"",""original_url"":""https://opswise.net/dawn/river/988""}"
989,989,85,created,2025-02-22 20:57:07,"{""short_code"":""eadNhB"",""original_url"":""https://relay.cloud/vivid/network/989""}"
990,990,198,created,2025-05-26 04:52:14,"{""short_code"":""Ma2AQb"",""original_url"":""https://seeded.app/navy/canyon/990""}"
991,991,70,created,2025-08-28 18:06:40,"{""short_code"":""SeO3lO"",""original_url"":""https://seeded.app/lively/canyon/991""}"
992,992,331,created,2025-03-09 21:53:23,"{""short_code"":""KWYKzA"",""original_url"":""https://example.com/lively/quartz/992""}"
993,993,371,created,2025-01-22 02:22:17,"{""short_code"":""qDjsKB"",""original_url"":""https://hackstack.io/jade/valley/993""}"
994,994,101,created,2025-10-29 15:51:45,"{""short_code"":""FXSp3x"",""original_url"":""https://opswise.net/calm/island/994""}"
995,995,130,created,2025-05-23 14:47:03,"{""short_code"":""35oXMo"",""original_url"":""https://seeded.app/vivid/window/995""}"
996,996,88,created,2025-10-28 04:50:44,"{""short_code"":""lsdR4g"",""original_url"":""https://acme.dev/silver/delta/996""}"
997,997,27,created,2025-05-25 11:04:22,"{""short_code"":""nLQRkv"",""original_url"":""https://seeded.app/ember/signal/997""}"
998,998,321,created,2025-06-24 19:17:18,"{""short_code"":""PUsOCL"",""original_url"":""https://relay.cloud/urban/anchor/998""}"
999,999,14,created,2025-02-24 22:43:45,"{""short_code"":""o59658"",""original_url"":""https://relay.cloud/amber/pioneer/999""}"
1000,1000,333,created,2025-04-21 04:33:56,"{""short_code"":""GBxJip"",""original_url"":""https://relay.cloud/rapid/window/1000""}"
1001,1001,74,created,2026-02-18 03:35:06,"{""short_code"":""aF3iBM"",""original_url"":""https://seeded.app/jade/engine/1001""}"
1002,1002,247,created,2025-09-10 10:03:35,"{""short_code"":""uR8emC"",""original_url"":""https://acme.dev/keen/canyon/1002""}"
1003,1003,194,created,2025-03-31 10:08:38,"{""short_code"":""aT5623"",""original_url"":""https://example.com/harbor/kernel/1003""}"
1004,1004,194,created,2025-07-06 04:17:59,"{""short_code"":""xDjruN"",""original_url"":""https://example.com/ember/lagoon/1004""}"
1005,1005,127,created,2025-04-18 14:59:04,"{""short_code"":""ROuLZ2"",""original_url"":""https://relay.cloud/jade/network/1005""}"
1006,1006,300,created,2025-06-05 23:28:36,"{""short_code"":""NHHMBq"",""original_url"":""https://relay.cloud/gold/network/1006""}"
1007,1007,362,created,2025-08-01 00:18:43,"{""short_code"":""DfYESc"",""original_url"":""https://hackstack.io/lively/orbit/1007""}"
1008,1008,247,created,2025-05-01 19:10:00,"{""short_code"":""jkUuIt"",""original_url"":""https://acme.dev/forest/kernel/1008""}"
1009,1009,224,created,2025-08-29 04:17:15,"{""short_code"":""AC7gcQ"",""original_url"":""https://acme.dev/dawn/garden/1009""}"
1010,1010,321,created,2025-01-23 07:09:13,"{""short_code"":""2CyzwD"",""original_url"":""https://example.com/proud/harvest/1010""}"
1011,1011,295,created,2025-02-11 14:56:09,"{""short_code"":""Q3fycc"",""original_url"":""https://relay.cloud/harbor/network/1011""}"
1012,1012,202,created,2025-04-05 15:59:22,"{""short_code"":""WXfeUd"",""original_url"":""https://opswise.net/quiet/meadow/1012""}"
1013,1013,21,created,2025-01-23 04:45:11,"{""short_code"":""yMnZQB"",""original_url"":""https://seeded.app/clear/anchor/1013""}"
1014,1014,8,created,2026-02-09 09:52:57,"{""short_code"":""J7dX0k"",""original_url"":""https://example.com/calm/river/1014""}"
1015,1015,312,created,2025-11-12 09:15:49,"{""short_code"":""xvLSff"",""original_url"":""https://seeded.app/warm/canyon/1015""}"
1016,1016,152,created,2025-03-10 18:21:39,"{""short_code"":""nApP9v"",""original_url"":""https://seeded.app/young/meadow/1016""}"
1017,1017,176,created,2025-04-05 15:36:03,"{""short_code"":""5rvgFF"",""original_url"":""https://example.com/amber/orbit/1017""}"
1018,1018,185,created,2025-05-09 15:08:44,"{""short_code"":""XKMj3f"",""original_url"":""https://seeded.app/jade/lagoon/1018""}"
1019,1019,210,created,2025-04-22 19:47:39,"{""short_code"":""AQWc1B"",""original_url"":""https://hackstack.io/ivory/window/1019""}"
1020,1020,152,created,2026-01-27 01:10:37,"{""short_code"":""Mryjjc"",""original_url"":""https://acme.dev/vivid/delta/1020""}"
1021,1021,113,created,2025-01-22 22:05:35,"{""short_code"":""KX3Y0d"",""original_url"":""https://example.com/dawn/beacon/1021""}"
1022,1022,185,created,2025-11-23 20:00:57,"{""short_code"":""cXRq9b"",""original_url"":""https://opswise.net/proud/orbit/1022""}"
1023,1023,74,created,2025-11-20 02:53:50,"{""short_code"":""Wk4tqX"",""original_url"":""https://relay.cloud/warm/island/1023""}"
1024,1024,356,created,2025-09-11 06:25:04,"{""short_code"":""EDNLbs"",""original_url"":""https://example.com/tidy/zenith/1024""}"
1025,1025,400,created,2025-04-19 03:21:56,"{""short_code"":""XlJIUE"",""original_url"":""https://example.com/quiet/orbit/1025""}"
1026,1026,141,created,2025-05-27 06:47:11,"{""short_code"":""h61J7d"",""original_url"":""https://relay.cloud/lively/island/1026""}"
1027,1027,89,created,2025-06-29 12:28:20,"{""short_code"":""JU2q5F"",""original_url"":""https://hackstack.io/navy/window/1027""}"
1028,1028,319,created,2025-11-04 02:01:39,"{""short_code"":""LM5R5L"",""original_url"":""https://hackstack.io/urban/meadow/1028""}"
1029,1029,39,created,2026-01-07 17:12:38,"{""short_code"":""xtPFHq"",""original_url"":""https://opswise.net/lively/window/1029""}"
1030,1030,250,created,2026-01-15 04:02:35,"{""short_code"":""C2JuW2"",""original_url"":""https://seeded.app/rapid/harvest/1030""}"
1031,1031,187,created,2025-06-06 19:44:34,"{""short_code"":""mwgoS1"",""original_url"":""https://acme.dev/keen/beacon/1031""}"
1032,1032,75,created,2025-12-18 02:52:08,"{""short_code"":""odDXjT"",""original_url"":""https://hackstack.io/calm/harvest/1032""}"
1033,1033,333,created,2025-10-30 00:00:47,"{""short_code"":""GyCBKD"",""original_url"":""https://acme.dev/jade/river/1033""}"
1034,1034,146,created,2026-01-18 02:33:04,"{""short_code"":""g48oCZ"",""original_url"":""https://acme.dev/brisk/field/1034""}"
1035,1035,174,created,2025-01-15 17:34:30,"{""short_code"":""VasK9i"",""original_url"":""https://relay.cloud/brisk/river/1035""}"
1036,1036,311,created,2025-12-31 11:58:08,"{""short_code"":""DGvKyr"",""original_url"":""https://relay.cloud/harbor/trail/1036""}"
1037,1037,32,created,2025-01-03 11:04:13,"{""short_code"":""7IVGvD"",""original_url"":""https://seeded.app/young/window/1037""}"
1038,1038,257,created,2025-10-18 06:11:11,"{""short_code"":""vvGGD5"",""original_url"":""https://relay.cloud/brisk/anchor/1038""}"
1039,1039,4,created,2025-10-13 10:39:33,"{""short_code"":""pcBQTN"",""original_url"":""https://acme.dev/forest/zenith/1039""}"
1040,1040,273,created,2025-04-26 02:22:03,"{""short_code"":""ShgIoc"",""original_url"":""https://example.com/opal/lagoon/1040""}"
1041,1041,297,created,2025-04-24 12:23:38,"{""short_code"":""SiYjq3"",""original_url"":""https://opswise.net/proud/quartz/1041""}"
1042,1042,372,created,2025-01-23 18:06:13,"{""short_code"":""ufLpAD"",""original_url"":""https://relay.cloud/keen/network/1042""}"
1043,1043,375,created,2026-02-08 04:04:33,"{""short_code"":""0je1yB"",""original_url"":""https://acme.dev/gold/uplink/1043""}"
1044,1044,174,created,2025-12-17 21:48:21,"{""short_code"":""uwZ3gt"",""original_url"":""https://opswise.net/proud/island/1044""}"
1045,1045,104,created,2026-01-31 10:43:46,"{""short_code"":""z4MTs1"",""original_url"":""https://example.com/harbor/engine/1045""}"
1046,1046,56,created,2025-04-23 07:27:52,"{""short_code"":""Dxjsiy"",""original_url"":""https://example.com/dawn/trail/1046""}"
1047,1047,399,created,2025-05-15 11:59:49,"{""short_code"":""dDZVzs"",""original_url"":""https://example.com/amber/trail/1047""}"
1048,1048,114,created,2025-10-14 23:00:53,"{""short_code"":""bBfmWT"",""original_url"":""https://acme.dev/gold/harvest/1048""}"
1049,1049,17,created,2026-02-16 13:00:06,"{""short_code"":""rLjDU8"",""original_url"":""https://example.com/clear/meadow/1049""}"
1050,1050,144,created,2025-01-25 18:40:00,"{""short_code"":""Osntbc"",""original_url"":""https://acme.dev/clear/river/1050""}"
1051,1051,327,created,2025-01-05 12:26:57,"{""short_code"":""WJFcOl"",""original_url"":""https://seeded.app/silver/quartz/1051""}"
1052,1052,63,created,2025-02-13 20:42:46,"{""short_code"":""gZw4DB"",""original_url"":""https://relay.cloud/proud/meadow/1052""}"
1053,1053,134,created,2025-03-30 01:46:25,"{""short_code"":""E584DP"",""original_url"":""https://relay.cloud/lively/yard/1053""}"
1054,1054,231,created,2025-10-21 23:41:40,"{""short_code"":""KRpMAw"",""original_url"":""https://example.com/dawn/orbit/1054""}"
1055,1055,157,created,2025-09-30 00:07:04,"{""short_code"":""jOF3OB"",""original_url"":""https://relay.cloud/harbor/island/1055""}"
1056,1056,151,created,2025-06-19 01:55:47,"{""short_code"":""B6VjYx"",""original_url"":""https://example.com/harbor/lagoon/1056""}"
1057,1057,383,created,2025-11-02 14:38:12,"{""short_code"":""3DKh8n"",""original_url"":""https://acme.dev/clear/network/1057""}"
1058,1058,12,created,2025-06-20 12:42:36,"{""short_code"":""zZWuxo"",""original_url"":""https://example.com/brisk/engine/1058""}"
1059,1059,126,created,2025-06-01 17:02:27,"{""short_code"":""56bSWU"",""original_url"":""https://seeded.app/keen/garden/1059""}"
1060,1060,352,created,2025-09-29 01:11:32,"{""short_code"":""qLOodg"",""original_url"":""https://relay.cloud/opal/trail/1060""}"
1061,1061,23,created,2025-03-30 02:47:38,"{""short_code"":""ep7EKL"",""original_url"":""https://hackstack.io/keen/delta/1061""}"
1062,1062,219,created,2026-01-19 14:09:25,"{""short_code"":""wmyjSl"",""original_url"":""https://hackstack.io/silver/orbit/1062""}"
1063,1063,249,created,2026-02-09 07:29:45,"{""short_code"":""qLtCgu"",""original_url"":""https://relay.cloud/vivid/uplink/1063""}"
1064,1064,240,created,2025-02-26 09:01:02,"{""short_code"":""e3xa08"",""original_url"":""https://opswise.net/jade/river/1064""}"
1065,1065,281,created,2025-06-19 10:37:30,"{""short_code"":""NpnP1j"",""original_url"":""https://hackstack.io/calm/canyon/1065""}"
1066,1066,325,created,2025-12-11 06:38:25,"{""short_code"":""LI9sqG"",""original_url"":""https://acme.dev/opal/island/1066""}"
1067,1067,78,created,2025-08-02 18:58:04,"{""short_code"":""BsJ2SH"",""original_url"":""https://example.com/proud/lagoon/1067""}"
1068,1068,100,created,2026-02-16 08:25:46,"{""short_code"":""NmLheW"",""original_url"":""https://seeded.app/jade/trail/1068""}"
1069,1069,360,created,2025-10-13 06:08:24,"{""short_code"":""74eHf0"",""original_url"":""https://relay.cloud/forest/zenith/1069""}"
1070,1070,33,created,2025-12-15 04:16:48,"{""short_code"":""4LJ8AV"",""original_url"":""https://opswise.net/mellow/network/1070""}"
1071,1071,232,created,2026-02-19 23:15:31,"{""short_code"":""UVErxA"",""original_url"":""https://seeded.app/brisk/journey/1071""}"
1072,1072,7,created,2025-01-31 07:04:26,"{""short_code"":""8LC0Ta"",""original_url"":""https://opswise.net/proud/pioneer/1072""}"
1073,1073,24,created,2025-05-12 20:50:54,"{""short_code"":""mVVqwc"",""original_url"":""https://seeded.app/vivid/journey/1073""}"
1074,1074,107,created,2026-02-04 12:34:24,"{""short_code"":""U7gJGJ"",""original_url"":""https://acme.dev/ivory/network/1074""}"
1075,1075,28,created,2025-01-26 00:54:10,"{""short_code"":""VtBikp"",""original_url"":""https://example.com/keen/beacon/1075""}"
1076,1076,399,created,2025-02-24 06:41:49,"{""short_code"":""3Brz4N"",""original_url"":""https://acme.dev/brisk/meadow/1076""}"
1077,1077,151,created,2025-04-12 09:51:05,"{""short_code"":""vLrN8a"",""original_url"":""https://relay.cloud/proud/lagoon/1077""}"
1078,1078,336,created,2025-05-03 09:23:04,"{""short_code"":""P7MVgR"",""original_url"":""https://relay.cloud/mellow/anchor/1078""}"
1079,1079,71,created,2025-04-18 12:36:01,"{""short_code"":""jVzmg6"",""original_url"":""https://seeded.app/vivid/field/1079""}"
1080,1080,69,created,2025-08-09 20:33:16,"{""short_code"":""seh7FE"",""original_url"":""https://relay.cloud/opal/beacon/1080""}"
1081,1081,89,created,2025-04-24 12:42:19,"{""short_code"":""GDucbB"",""original_url"":""https://example.com/calm/zenith/1081""}"
1082,1082,105,created,2025-03-26 15:40:23,"{""short_code"":""k8sIwp"",""original_url"":""https://seeded.app/vivid/zenith/1082""}"
1083,1083,345,created,2025-09-11 07:05:37,"{""short_code"":""erqt2S"",""original_url"":""https://acme.dev/tidy/field/1083""}"
1084,1084,228,created,2025-07-07 18:29:19,"{""short_code"":""6T3vIY"",""original_url"":""https://hackstack.io/lively/island/1084""}"
1085,1085,86,created,2025-07-29 14:28:38,"{""short_code"":""ROQ8I7"",""original_url"":""https://seeded.app/keen/uplink/1085""}"
1086,1086,314,created,2025-01-05 21:41:05,"{""short_code"":""9VLICo"",""original_url"":""https://seeded.app/brisk/delta/1086""}"
1087,1087,18,created,2025-04-17 17:49:48,"{""short_code"":""nJNM9R"",""original_url"":""https://seeded.app/quiet/garden/1087""}"
1088,1088,133,created,2025-09-03 12:29:01,"{""short_code"":""bjRufC"",""original_url"":""https://seeded.app/ivory/lagoon/1088""}"
1089,1089,187,created,2026-02-20 04:37:09,"{""short_code"":""tnA9Ik"",""original_url"":""https://opswise.net/proud/harvest/1089""}"
1090,1090,240,created,2025-07-29 20:01:11,"{""short_code"":""otXyBL"",""original_url"":""https://acme.dev/gold/journey/1090""}"
1091,1091,112,created,2025-10-10 19:40:04,"{""short_code"":""iKNOmG"",""original_url"":""https://hackstack.io/young/trail/1091""}"
1092,1092,46,created,2025-11-16 04:07:33,"{""short_code"":""aAA01O"",""original_url"":""https://opswise.net/navy/island/1092""}"
1093,1093,265,created,2025-05-14 04:02:54,"{""short_code"":""MsBQx4"",""original_url"":""https://acme.dev/keen/kernel/1093""}"
1094,1094,294,created,2025-04-19 09:08:58,"{""short_code"":""OCRuP0"",""original_url"":""https://seeded.app/dawn/beacon/1094""}"
1095,1095,152,created,2025-12-01 17:51:59,"{""short_code"":""EzvNBu"",""original_url"":""https://example.com/keen/journey/1095""}"
1096,1096,1,created,2025-11-13 09:45:24,"{""short_code"":""9NRkJF"",""original_url"":""https://acme.dev/ember/quartz/1096""}"
1097,1097,51,created,2025-06-02 22:14:20,"{""short_code"":""9wKErf"",""original_url"":""https://relay.cloud/ember/canyon/1097""}"
1098,1098,21,created,2025-02-10 00:56:19,"{""short_code"":""tbUYfy"",""original_url"":""https://seeded.app/gold/beacon/1098""}"
1099,1099,397,created,2025-09-09 04:17:47,"{""short_code"":""5ekVtH"",""original_url"":""https://acme.dev/opal/anchor/1099""}"
1100,1100,51,created,2025-02-15 13:35:49,"{""short_code"":""tnfXoN"",""original_url"":""https://example.com/opal/network/1100""}"
1101,1101,257,created,2025-03-23 17:37:48,"{""short_code"":""KGKZjP"",""original_url"":""https://relay.cloud/dawn/kernel/1101""}"
1102,1102,83,created,2025-01-10 05:45:51,"{""short_code"":""OhV22W"",""original_url"":""https://relay.cloud/harbor/yard/1102""}"
1103,1103,273,created,2026-02-03 23:43:10,"{""short_code"":""0Wedze"",""original_url"":""https://opswise.net/calm/valley/1103""}"
1104,1104,317,created,2026-02-16 09:14:05,"{""short_code"":""W5bFwz"",""original_url"":""https://example.com/calm/meadow/1104""}"
1105,1105,194,created,2025-04-18 02:39:05,"{""short_code"":""o06JjC"",""original_url"":""https://relay.cloud/brisk/quartz/1105""}"
1106,1106,243,created,2025-03-26 19:18:10,"{""short_code"":""RNQfTR"",""original_url"":""https://acme.dev/clear/signal/1106""}"
1107,1107,176,created,2025-09-25 20:52:01,"{""short_code"":""7qjumQ"",""original_url"":""https://relay.cloud/harbor/field/1107""}"
1108,1108,286,created,2025-03-27 10:53:28,"{""short_code"":""Ba2349"",""original_url"":""https://opswise.net/navy/garden/1108""}"
1109,1109,10,created,2025-11-16 16:55:53,"{""short_code"":""5PMDQn"",""original_url"":""https://opswise.net/vivid/valley/1109""}"
1110,1110,318,created,2026-02-09 09:24:10,"{""short_code"":""NbpEXs"",""original_url"":""https://seeded.app/quiet/delta/1110""}"
1111,1111,124,created,2025-05-08 13:40:07,"{""short_code"":""AuWGFm"",""original_url"":""https://seeded.app/lively/yard/1111""}"
1112,1112,73,created,2025-06-08 11:18:43,"{""short_code"":""iLtOvT"",""original_url"":""https://hackstack.io/gold/kernel/1112""}"
1113,1113,331,created,2025-05-05 10:10:10,"{""short_code"":""2TEMpM"",""original_url"":""https://relay.cloud/mellow/lagoon/1113""}"
1114,1114,259,created,2025-10-03 03:19:18,"{""short_code"":""8rmfgL"",""original_url"":""https://opswise.net/tidy/kernel/1114""}"
1115,1115,141,created,2025-07-17 02:20:35,"{""short_code"":""mj09Nd"",""original_url"":""https://hackstack.io/vivid/lagoon/1115""}"
1116,1116,170,created,2025-10-14 11:43:58,"{""short_code"":""vrcUv2"",""original_url"":""https://acme.dev/jade/anchor/1116""}"
1117,1117,398,created,2025-11-17 02:14:32,"{""short_code"":""LEOuTh"",""original_url"":""https://hackstack.io/silver/pioneer/1117""}"
1118,1118,151,created,2025-09-07 20:50:10,"{""short_code"":""ZF9Iml"",""original_url"":""https://relay.cloud/forest/network/1118""}"
1119,1119,313,created,2025-09-27 23:48:40,"{""short_code"":""B59Q7W"",""original_url"":""https://seeded.app/quiet/trail/1119""}"
1120,1120,98,created,2025-10-29 01:15:18,"{""short_code"":""ZRHDrg"",""original_url"":""https://seeded.app/calm/meadow/1120""}"
1121,1121,313,created,2025-01-26 12:20:50,"{""short_code"":""GjsqNh"",""original_url"":""https://example.com/amber/uplink/1121""}"
1122,1122,4,created,2025-08-13 12:33:39,"{""short_code"":""SVMJ0z"",""original_url"":""https://relay.cloud/proud/signal/1122""}"
1123,1123,189,created,2025-06-19 18:27:19,"{""short_code"":""2mXWsb"",""original_url"":""https://example.com/navy/quartz/1123""}"
1124,1124,210,created,2025-06-07 03:53:35,"{""short_code"":""qewZgd"",""original_url"":""https://relay.cloud/vivid/beacon/1124""}"
1125,1125,328,created,2025-05-17 02:04:56,"{""short_code"":""WoQKmZ"",""original_url"":""https://seeded.app/clear/network/1125""}"
1126,1126,24,created,2026-01-07 21:03:24,"{""short_code"":""99XiJk"",""original_url"":""https://opswise.net/keen/yard/1126""}"
1127,1127,272,created,2025-07-03 01:00:55,"{""short_code"":""TFKtYb"",""original_url"":""https://acme.dev/calm/zenith/1127""}"
1128,1128,158,created,2025-09-14 14:50:51,"{""short_code"":""1FusyH"",""original_url"":""https://relay.cloud/dawn/trail/1128""}"
1129,1129,37,created,2025-06-23 12:14:23,"{""short_code"":""T9YniJ"",""original_url"":""https://hackstack.io/warm/river/1129""}"
1130,1130,191,created,2025-03-21 20:06:29,"{""short_code"":""RgC0n4"",""original_url"":""https://hackstack.io/rapid/signal/1130""}"
1131,1131,128,created,2025-12-04 15:26:13,"{""short_code"":""yMEIHJ"",""original_url"":""https://acme.dev/lively/yard/1131""}"
1132,1132,86,created,2025-11-03 22:26:47,"{""short_code"":""k0iafA"",""original_url"":""https://relay.cloud/young/window/1132""}"
1133,1133,326,created,2025-03-20 07:53:54,"{""short_code"":""OQwhjf"",""original_url"":""https://relay.cloud/urban/window/1133""}"
1134,1134,115,created,2025-08-21 07:23:51,"{""short_code"":""2DWJGN"",""original_url"":""https://opswise.net/vivid/quartz/1134""}"
1135,1135,266,created,2025-03-02 00:35:30,"{""short_code"":""eB45lg"",""original_url"":""https://acme.dev/gold/field/1135""}"
1136,1136,167,created,2025-10-01 20:09:41,"{""short_code"":""jVzGUJ"",""original_url"":""https://hackstack.io/lively/beacon/1136""}"
1137,1137,227,created,2025-07-30 13:01:41,"{""short_code"":""B665lZ"",""original_url"":""https://example.com/mellow/engine/1137""}"
1138,1138,399,created,2025-05-18 22:10:53,"{""short_code"":""LbvksF"",""original_url"":""https://example.com/forest/harvest/1138""}"
1139,1139,250,created,2025-02-20 15:57:28,"{""short_code"":""dPnFbE"",""original_url"":""https://relay.cloud/amber/beacon/1139""}"
1140,1140,250,created,2025-11-11 22:02:12,"{""short_code"":""dOEkyx"",""original_url"":""https://example.com/vivid/signal/1140""}"
1141,1141,370,created,2025-07-21 14:43:23,"{""short_code"":""mc9lRN"",""original_url"":""https://relay.cloud/cobalt/beacon/1141""}"
1142,1142,50,created,2025-08-22 15:48:46,"{""short_code"":""QCeIyc"",""original_url"":""https://example.com/lively/lagoon/1142""}"
1143,1143,328,created,2025-11-20 04:01:16,"{""short_code"":""S1x8UN"",""original_url"":""https://seeded.app/lively/zenith/1143""}"
1144,1144,153,created,2025-05-02 23:04:54,"{""short_code"":""4UtFkg"",""original_url"":""https://acme.dev/brisk/orbit/1144""}"
1145,1145,295,created,2025-01-23 06:39:26,"{""short_code"":""AMlQS0"",""original_url"":""https://hackstack.io/silver/quartz/1145""}"
1146,1146,310,created,2026-01-15 12:15:35,"{""short_code"":""TWvuXd"",""original_url"":""https://example.com/keen/yard/1146""}"
1147,1147,152,created,2025-12-28 07:54:20,"{""short_code"":""JUfulT"",""original_url"":""https://opswise.net/jade/yard/1147""}"
1148,1148,153,created,2025-08-23 20:15:49,"{""short_code"":""j51ki9"",""original_url"":""https://hackstack.io/rapid/window/1148""}"
1149,1149,132,created,2025-09-15 05:59:05,"{""short_code"":""xMHb4T"",""original_url"":""https://hackstack.io/ember/lagoon/1149""}"
1150,1150,350,created,2025-01-31 01:02:52,"{""short_code"":""7zkHT3"",""original_url"":""https://opswise.net/harbor/journey/1150""}"
1151,1151,384,created,2025-08-25 11:43:33,"{""short_code"":""USP7Np"",""original_url"":""https://relay.cloud/ivory/orbit/1151""}"
1152,1152,355,created,2025-11-15 05:50:09,"{""short_code"":""AWL5XK"",""original_url"":""https://example.com/ivory/engine/1152""}"
1153,1153,202,created,2026-01-01 02:45:27,"{""short_code"":""EXRlCl"",""original_url"":""https://acme.dev/mellow/kernel/1153""}"
1154,1154,152,created,2025-03-14 17:18:15,"{""short_code"":""CRnm5P"",""original_url"":""https://hackstack.io/quiet/anchor/1154""}"
1155,1155,183,created,2025-06-17 15:00:43,"{""short_code"":""0Zassx"",""original_url"":""https://acme.dev/calm/journey/1155""}"
1156,1156,287,created,2025-06-15 00:30:12,"{""short_code"":""NwB5Nb"",""original_url"":""https://relay.cloud/brisk/delta/1156""}"
1157,1157,2,created,2025-05-20 07:45:27,"{""short_code"":""fAjq3g"",""original_url"":""https://relay.cloud/lively/valley/1157""}"
1158,1158,191,created,2025-08-03 20:59:57,"{""short_code"":""rYvLOQ"",""original_url"":""https://example.com/young/signal/1158""}"
1159,1159,258,created,2025-10-08 21:58:49,"{""short_code"":""v3XF5r"",""original_url"":""https://hackstack.io/keen/canyon/1159""}"
1160,1160,389,created,2025-01-03 03:21:46,"{""short_code"":""XW19dq"",""original_url"":""https://example.com/brisk/river/1160""}"
1161,1161,277,created,2025-02-01 16:24:54,"{""short_code"":""m18qLk"",""original_url"":""https://hackstack.io/opal/window/1161""}"
1162,1162,22,created,2025-07-23 14:06:45,"{""short_code"":""Me3PxS"",""original_url"":""https://example.com/quiet/network/1162""}"
1163,1163,54,created,2025-05-04 14:17:58,"{""short_code"":""IJM4mg"",""original_url"":""https://example.com/rapid/uplink/1163""}"
1164,1164,77,created,2025-01-02 17:40:27,"{""short_code"":""0zG78b"",""original_url"":""https://opswise.net/proud/network/1164""}"
1165,1165,87,created,2025-10-07 23:17:38,"{""short_code"":""oEVcNI"",""original_url"":""https://hackstack.io/jade/valley/1165""}"
1166,1166,304,created,2025-02-24 08:14:53,"{""short_code"":""WkCVGx"",""original_url"":""https://acme.dev/dawn/garden/1166""}"
1167,1167,9,created,2025-05-24 07:22:22,"{""short_code"":""FxTnsq"",""original_url"":""https://acme.dev/opal/window/1167""}"
1168,1168,40,created,2025-01-31 00:44:33,"{""short_code"":""BwbyHG"",""original_url"":""https://seeded.app/calm/harvest/1168""}"
1169,1169,73,created,2025-10-26 05:49:32,"{""short_code"":""ZEwM0b"",""original_url"":""https://hackstack.io/vivid/island/1169""}"
1170,1170,400,created,2025-04-30 00:46:06,"{""short_code"":""BVnvmJ"",""original_url"":""https://relay.cloud/gold/zenith/1170""}"
1171,1171,32,created,2026-01-21 19:42:42,"{""short_code"":""rmV3xr"",""original_url"":""https://relay.cloud/young/pioneer/1171""}"
1172,1172,341,created,2025-11-19 04:30:08,"{""short_code"":""CWg5xg"",""original_url"":""https://seeded.app/tidy/valley/1172""}"
1173,1173,363,created,2025-01-26 00:54:09,"{""short_code"":""sePtwb"",""original_url"":""https://example.com/opal/harvest/1173""}"
1174,1174,344,created,2025-11-26 09:05:06,"{""short_code"":""25icCa"",""original_url"":""https://hackstack.io/brisk/orbit/1174""}"
1175,1175,118,created,2026-02-19 00:19:28,"{""short_code"":""m2ORXt"",""original_url"":""https://opswise.net/harbor/anchor/1175""}"
1176,1176,91,created,2026-01-30 11:31:42,"{""short_code"":""eEMygv"",""original_url"":""https://example.com/quiet/window/1176""}"
1177,1177,389,created,2025-08-07 04:23:24,"{""short_code"":""H44BoA"",""original_url"":""https://acme.dev/vivid/field/1177""}"
1178,1178,53,created,2025-07-15 14:02:06,"{""short_code"":""POHHKy"",""original_url"":""https://opswise.net/calm/zenith/1178""}"
1179,1179,175,created,2025-03-22 07:22:35,"{""short_code"":""7K03ad"",""original_url"":""https://hackstack.io/harbor/signal/1179""}"
1180,1180,188,created,2026-02-05 00:22:42,"{""short_code"":""p5GNYs"",""original_url"":""https://acme.dev/jade/delta/1180""}"
1181,1181,194,created,2025-06-27 12:29:33,"{""short_code"":""1JzFzm"",""original_url"":""https://hackstack.io/young/trail/1181""}"
1182,1182,106,created,2025-11-16 19:27:02,"{""short_code"":""wHJQrS"",""original_url"":""https://acme.dev/brisk/orbit/1182""}"
1183,1183,66,created,2025-09-30 12:33:12,"{""short_code"":""yv9Ivr"",""original_url"":""https://opswise.net/mellow/zenith/1183""}"
1184,1184,168,created,2025-11-15 23:03:27,"{""short_code"":""urE2G8"",""original_url"":""https://opswise.net/lively/engine/1184""}"
1185,1185,324,created,2026-01-18 17:58:41,"{""short_code"":""CLxBwi"",""original_url"":""https://seeded.app/rapid/signal/1185""}"
1186,1186,311,created,2025-04-23 04:20:14,"{""short_code"":""WOHnqZ"",""original_url"":""https://acme.dev/gold/trail/1186""}"
1187,1187,339,created,2025-01-12 06:52:10,"{""short_code"":""vqVVQV"",""original_url"":""https://relay.cloud/urban/harvest/1187""}"
1188,1188,368,created,2025-11-29 22:13:21,"{""short_code"":""5JpMmS"",""original_url"":""https://acme.dev/ember/valley/1188""}"
1189,1189,67,created,2025-06-10 10:30:25,"{""short_code"":""7rjfEy"",""original_url"":""https://opswise.net/quiet/orbit/1189""}"
1190,1190,178,created,2025-07-26 12:43:56,"{""short_code"":""d5cxbq"",""original_url"":""https://hackstack.io/quiet/valley/1190""}"
1191,1191,53,created,2025-06-15 15:21:13,"{""short_code"":""Lavbry"",""original_url"":""https://acme.dev/proud/canyon/1191""}"
1192,1192,72,created,2025-09-03 15:59:14,"{""short_code"":""WpojLu"",""original_url"":""https://example.com/warm/island/1192""}"
1193,1193,224,created,2025-07-16 11:25:02,"{""short_code"":""qz2sEF"",""original_url"":""https://hackstack.io/vivid/orbit/1193""}"
1194,1194,398,created,2025-10-29 01:54:45,"{""short_code"":""apaSYC"",""original_url"":""https://example.com/quiet/meadow/1194""}"
1195,1195,306,created,2025-06-21 11:57:43,"{""short_code"":""UYKB6E"",""original_url"":""https://opswise.net/keen/beacon/1195""}"
1196,1196,286,created,2025-10-05 02:25:11,"{""short_code"":""elIrnj"",""original_url"":""https://acme.dev/warm/harvest/1196""}"
1197,1197,339,created,2025-10-29 09:34:39,"{""short_code"":""bj7tqQ"",""original_url"":""https://opswise.net/silver/canyon/1197""}"
1198,1198,60,created,2025-03-02 16:30:23,"{""short_code"":""ZgC0O1"",""original_url"":""https://opswise.net/clear/window/1198""}"
1199,1199,190,created,2025-11-18 20:23:20,"{""short_code"":""Jtk4tC"",""original_url"":""https://relay.cloud/young/zenith/1199""}"
1200,1200,326,created,2025-01-03 19:46:52,"{""short_code"":""hohwdo"",""original_url"":""https://relay.cloud/amber/quartz/1200""}"
1201,1201,361,created,2025-03-02 06:38:53,"{""short_code"":""LU99rB"",""original_url"":""https://hackstack.io/forest/island/1201""}"
1202,1202,141,created,2025-01-23 19:34:29,"{""short_code"":""KNBKM6"",""original_url"":""https://example.com/jade/pioneer/1202""}"
1203,1203,211,created,2025-06-23 13:07:47,"{""short_code"":""4pknm2"",""original_url"":""https://opswise.net/forest/delta/1203""}"
1204,1204,65,created,2025-01-31 18:54:44,"{""short_code"":""MzYvRB"",""original_url"":""https://seeded.app/calm/field/1204""}"
1205,1205,99,created,2025-05-09 04:33:20,"{""short_code"":""En8NDt"",""original_url"":""https://seeded.app/urban/meadow/1205""}"
1206,1206,141,created,2025-11-27 14:25:55,"{""short_code"":""wq20Cp"",""original_url"":""https://seeded.app/navy/engine/1206""}"
1207,1207,257,created,2026-01-23 18:48:30,"{""short_code"":""nxjkMm"",""original_url"":""https://hackstack.io/rapid/field/1207""}"
1208,1208,184,created,2025-07-28 07:16:05,"{""short_code"":""d9XK0I"",""original_url"":""https://acme.dev/cobalt/zenith/1208""}"
1209,1209,140,created,2025-09-14 16:13:31,"{""short_code"":""lPgdH9"",""original_url"":""https://opswise.net/warm/uplink/1209""}"
1210,1210,174,created,2025-11-20 17:52:43,"{""short_code"":""vvEQNu"",""original_url"":""https://acme.dev/cobalt/field/1210""}"
1211,1211,290,created,2025-09-21 02:12:54,"{""short_code"":""bVpdUz"",""original_url"":""https://opswise.net/warm/network/1211""}"
1212,1212,188,created,2025-02-24 10:50:38,"{""short_code"":""WCNqBo"",""original_url"":""https://opswise.net/navy/island/1212""}"
1213,1213,305,created,2025-09-15 11:38:39,"{""short_code"":""W30LUS"",""original_url"":""https://relay.cloud/jade/anchor/1213""}"
1214,1214,138,created,2025-03-22 13:18:57,"{""short_code"":""UyGuGl"",""original_url"":""https://seeded.app/calm/anchor/1214""}"
1215,1215,211,created,2025-11-29 15:49:19,"{""short_code"":""ukUlDX"",""original_url"":""https://relay.cloud/dawn/harvest/1215""}"
1216,1216,372,created,2026-01-19 04:18:06,"{""short_code"":""wl3eDt"",""original_url"":""https://opswise.net/jade/valley/1216""}"
1217,1217,113,created,2025-01-23 11:19:18,"{""short_code"":""TTYTuq"",""original_url"":""https://seeded.app/clear/engine/1217""}"
1218,1218,87,created,2025-11-24 17:26:22,"{""short_code"":""NI2CWV"",""original_url"":""https://seeded.app/navy/yard/1218""}"
1219,1219,164,created,2025-11-15 12:24:21,"{""short_code"":""fJdGv7"",""original_url"":""https://opswise.net/harbor/journey/1219""}"
1220,1220,364,created,2025-01-04 06:31:46,"{""short_code"":""LoiteT"",""original_url"":""https://relay.cloud/warm/network/1220""}"
1221,1221,140,created,2025-02-22 21:53:57,"{""short_code"":""BQDheU"",""original_url"":""https://opswise.net/vivid/river/1221""}"
1222,1222,321,created,2025-09-09 19:14:39,"{""short_code"":""oQXRtY"",""original_url"":""https://acme.dev/ivory/field/1222""}"
1223,1223,150,created,2025-04-25 13:45:47,"{""short_code"":""gjpCU1"",""original_url"":""https://opswise.net/opal/canyon/1223""}"
1224,1224,363,created,2026-01-26 10:20:49,"{""short_code"":""86GaSV"",""original_url"":""https://relay.cloud/ivory/pioneer/1224""}"
1225,1225,193,created,2026-01-25 18:31:17,"{""short_code"":""mV60Wr"",""original_url"":""https://hackstack.io/navy/journey/1225""}"
1226,1226,80,created,2025-08-21 10:43:54,"{""short_code"":""c9FQcV"",""original_url"":""https://opswise.net/dawn/island/1226""}"
1227,1227,52,created,2025-06-07 05:04:59,"{""short_code"":""poUQms"",""original_url"":""https://seeded.app/gold/trail/1227""}"
1228,1228,141,created,2025-04-03 02:57:15,"{""short_code"":""do06Lz"",""original_url"":""https://acme.dev/forest/delta/1228""}"
1229,1229,169,created,2025-10-06 08:14:15,"{""short_code"":""LIfBc3"",""original_url"":""https://seeded.app/harbor/window/1229""}"
1230,1230,371,created,2025-08-02 05:50:27,"{""short_code"":""PVgYeZ"",""original_url"":""https://hackstack.io/navy/pioneer/1230""}"
1231,1231,167,created,2025-09-26 10:27:17,"{""short_code"":""t5bvkz"",""original_url"":""https://relay.cloud/rapid/network/1231""}"
1232,1232,278,created,2025-04-24 01:11:46,"{""short_code"":""260GIw"",""original_url"":""https://acme.dev/gold/pioneer/1232""}"
1233,1233,1,created,2025-09-15 17:31:38,"{""short_code"":""0jG2OY"",""original_url"":""https://example.com/keen/canyon/1233""}"
1234,1234,72,created,2025-11-23 09:28:51,"{""short_code"":""0mwOot"",""original_url"":""https://hackstack.io/young/river/1234""}"
1235,1235,126,created,2025-11-01 18:42:26,"{""short_code"":""Wdt3t3"",""original_url"":""https://seeded.app/warm/orbit/1235""}"
1236,1236,31,created,2025-07-18 00:05:13,"{""short_code"":""cg3oa6"",""original_url"":""https://acme.dev/forest/zenith/1236""}"
1237,1237,283,created,2025-04-07 22:41:29,"{""short_code"":""mD0FUM"",""original_url"":""https://example.com/gold/trail/1237""}"
1238,1238,239,created,2025-09-13 13:33:37,"{""short_code"":""lw4V2L"",""original_url"":""https://relay.cloud/urban/island/1238""}"
1239,1239,222,created,2025-08-04 01:48:56,"{""short_code"":""TUP5Z0"",""original_url"":""https://seeded.app/navy/journey/1239""}"
1240,1240,353,created,2025-08-31 06:18:12,"{""short_code"":""PJoamN"",""original_url"":""https://opswise.net/amber/island/1240""}"
1241,1241,208,created,2025-01-14 18:44:05,"{""short_code"":""rJYzqs"",""original_url"":""https://opswise.net/calm/valley/1241""}"
1242,1242,347,created,2025-12-30 00:47:29,"{""short_code"":""fqn4Zx"",""original_url"":""https://relay.cloud/opal/pioneer/1242""}"
1243,1243,90,created,2026-01-29 08:03:15,"{""short_code"":""GrdTeX"",""original_url"":""https://relay.cloud/opal/journey/1243""}"
1244,1244,245,created,2025-01-13 10:05:49,"{""short_code"":""oARAwK"",""original_url"":""https://example.com/rapid/network/1244""}"
1245,1245,94,created,2025-01-20 13:38:13,"{""short_code"":""uNxc0X"",""original_url"":""https://opswise.net/quiet/lagoon/1245""}"
1246,1246,9,created,2025-02-04 08:08:08,"{""short_code"":""4SKfhO"",""original_url"":""https://example.com/cobalt/anchor/1246""}"
1247,1247,137,created,2025-05-14 01:31:40,"{""short_code"":""a86Wih"",""original_url"":""https://relay.cloud/silver/canyon/1247""}"
1248,1248,361,created,2025-05-25 06:48:30,"{""short_code"":""NPPP7M"",""original_url"":""https://relay.cloud/mellow/engine/1248""}"
1249,1249,209,created,2025-08-25 09:11:41,"{""short_code"":""zrb5Z2"",""original_url"":""https://acme.dev/quiet/anchor/1249""}"
1250,1250,252,created,2025-10-18 20:01:42,"{""short_code"":""noZUQv"",""original_url"":""https://relay.cloud/amber/harvest/1250""}"
1251,1251,369,created,2025-09-29 00:15:35,"{""short_code"":""Vhj4vr"",""original_url"":""https://acme.dev/warm/field/1251""}"
1252,1252,125,created,2025-09-05 12:49:23,"{""short_code"":""FixNh1"",""original_url"":""https://hackstack.io/gold/pioneer/1252""}"
1253,1253,4,created,2025-07-09 06:54:12,"{""short_code"":""0kgJib"",""original_url"":""https://hackstack.io/lively/lagoon/1253""}"
1254,1254,126,created,2025-07-13 01:04:54,"{""short_code"":""InzI5T"",""original_url"":""https://example.com/young/river/1254""}"
1255,1255,122,created,2025-07-30 21:30:42,"{""short_code"":""Kn03su"",""original_url"":""https://opswise.net/lively/uplink/1255""}"
1256,1256,37,created,2025-12-17 06:28:38,"{""short_code"":""WqDuGS"",""original_url"":""https://example.com/silver/field/1256""}"
1257,1257,106,created,2025-03-05 02:27:46,"{""short_code"":""iQJRpf"",""original_url"":""https://seeded.app/clear/valley/1257""}"
1258,1258,112,created,2026-01-06 23:10:56,"{""short_code"":""D4DWEn"",""original_url"":""https://seeded.app/gold/trail/1258""}"
1259,1259,224,created,2025-03-16 12:47:16,"{""short_code"":""pyzFko"",""original_url"":""https://seeded.app/lively/beacon/1259""}"
1260,1260,50,created,2026-01-05 05:22:52,"{""short_code"":""Zz1vXa"",""original_url"":""https://opswise.net/vivid/quartz/1260""}"
1261,1261,171,created,2025-03-16 10:02:25,"{""short_code"":""FmVtQF"",""original_url"":""https://example.com/young/pioneer/1261""}"
1262,1262,210,created,2025-12-23 19:13:38,"{""short_code"":""XWR8eD"",""original_url"":""https://opswise.net/proud/window/1262""}"
1263,1263,185,created,2025-10-17 05:36:43,"{""short_code"":""sRZbug"",""original_url"":""https://acme.dev/quiet/zenith/1263""}"
1264,1264,319,created,2025-11-09 10:36:24,"{""short_code"":""cUwksJ"",""original_url"":""https://example.com/proud/engine/1264""}"
1265,1265,166,created,2025-05-02 03:41:59,"{""short_code"":""k69PgD"",""original_url"":""https://relay.cloud/opal/engine/1265""}"
1266,1266,119,created,2025-09-01 13:53:54,"{""short_code"":""U3kt0q"",""original_url"":""https://seeded.app/ember/lagoon/1266""}"
1267,1267,397,created,2025-01-26 10:30:57,"{""short_code"":""YBqDca"",""original_url"":""https://relay.cloud/ivory/uplink/1267""}"
1268,1268,271,created,2025-08-30 20:56:36,"{""short_code"":""RcQh2m"",""original_url"":""https://acme.dev/amber/garden/1268""}"
1269,1269,378,created,2025-03-27 13:57:56,"{""short_code"":""D6joKc"",""original_url"":""https://acme.dev/forest/lagoon/1269""}"
1270,1270,379,created,2025-07-07 08:44:47,"{""short_code"":""NahK91"",""original_url"":""https://opswise.net/proud/quartz/1270""}"
1271,1271,106,created,2025-11-27 23:48:57,"{""short_code"":""lUCzMP"",""original_url"":""https://relay.cloud/young/engine/1271""}"
1272,1272,117,created,2025-12-02 04:16:54,"{""short_code"":""VNF44C"",""original_url"":""https://relay.cloud/silver/kernel/1272""}"
1273,1273,165,created,2025-09-29 11:59:10,"{""short_code"":""WhSFEL"",""original_url"":""https://hackstack.io/opal/valley/1273""}"
1274,1274,368,created,2025-07-03 16:17:33,"{""short_code"":""4nnfjs"",""original_url"":""https://seeded.app/jade/quartz/1274""}"
1275,1275,185,created,2025-08-29 03:04:29,"{""short_code"":""SzOHkT"",""original_url"":""https://opswise.net/cobalt/meadow/1275""}"
1276,1276,60,created,2025-02-28 03:02:46,"{""short_code"":""EBcDnd"",""original_url"":""https://acme.dev/proud/lagoon/1276""}"
1277,1277,190,created,2025-08-02 10:26:25,"{""short_code"":""EX26fv"",""original_url"":""https://example.com/quiet/garden/1277""}"
1278,1278,209,created,2025-03-03 15:16:36,"{""short_code"":""3aD3s5"",""original_url"":""https://hackstack.io/proud/anchor/1278""}"
1279,1279,337,created,2025-05-10 20:07:31,"{""short_code"":""pXgNiS"",""original_url"":""https://seeded.app/vivid/uplink/1279""}"
1280,1280,329,created,2025-06-19 20:58:14,"{""short_code"":""NPShQW"",""original_url"":""https://hackstack.io/tidy/uplink/1280""}"
1281,1281,77,created,2025-05-23 16:39:09,"{""short_code"":""rNiAJP"",""original_url"":""https://hackstack.io/navy/kernel/1281""}"
1282,1282,74,created,2026-01-29 09:52:21,"{""short_code"":""LUwS2u"",""original_url"":""https://relay.cloud/gold/quartz/1282""}"
1283,1283,54,created,2025-07-25 12:22:56,"{""short_code"":""2NJ9tc"",""original_url"":""https://seeded.app/opal/journey/1283""}"
1284,1284,195,created,2025-10-17 01:37:40,"{""short_code"":""cKXVvI"",""original_url"":""https://hackstack.io/ivory/meadow/1284""}"
1285,1285,170,created,2025-12-17 12:32:35,"{""short_code"":""KJU9xY"",""original_url"":""https://example.com/keen/uplink/1285""}"
1286,1286,356,created,2025-01-26 09:31:35,"{""short_code"":""ASNjQa"",""original_url"":""https://relay.cloud/calm/canyon/1286""}"
1287,1287,100,created,2025-12-12 12:48:16,"{""short_code"":""qh78Y1"",""original_url"":""https://acme.dev/tidy/valley/1287""}"
1288,1288,198,created,2025-07-28 09:09:36,"{""short_code"":""5AUdYs"",""original_url"":""https://hackstack.io/dawn/trail/1288""}"
1289,1289,168,created,2025-05-19 16:17:09,"{""short_code"":""7cD44O"",""original_url"":""https://opswise.net/jade/window/1289""}"
1290,1290,175,created,2025-10-17 00:25:03,"{""short_code"":""v0bwP8"",""original_url"":""https://example.com/dawn/journey/1290""}"
1291,1291,300,created,2025-06-06 04:05:30,"{""short_code"":""ZBhFFh"",""original_url"":""https://example.com/calm/lagoon/1291""}"
1292,1292,35,created,2025-03-03 09:48:55,"{""short_code"":""rErvTj"",""original_url"":""https://relay.cloud/gold/signal/1292""}"
1293,1293,397,created,2025-03-26 13:39:51,"{""short_code"":""8NBHRY"",""original_url"":""https://relay.cloud/clear/field/1293""}"
1294,1294,28,created,2025-01-25 13:06:01,"{""short_code"":""Qi03eE"",""original_url"":""https://hackstack.io/keen/network/1294""}"
1295,1295,366,created,2025-10-26 22:04:37,"{""short_code"":""8SYE2k"",""original_url"":""https://opswise.net/cobalt/harvest/1295""}"
1296,1296,344,created,2025-02-18 17:24:10,"{""short_code"":""kWRjti"",""original_url"":""https://opswise.net/ivory/kernel/1296""}"
1297,1297,312,created,2025-04-02 13:34:19,"{""short_code"":""uoQuBk"",""original_url"":""https://relay.cloud/ember/meadow/1297""}"
1298,1298,380,created,2025-05-19 16:35:54,"{""short_code"":""3upV6E"",""original_url"":""https://acme.dev/opal/canyon/1298""}"
1299,1299,356,created,2026-01-17 11:16:10,"{""short_code"":""BOBskt"",""original_url"":""https://acme.dev/proud/journey/1299""}"
1300,1300,201,created,2025-06-21 04:46:45,"{""short_code"":""3Fc6Ke"",""original_url"":""https://hackstack.io/clear/kernel/1300""}"
1301,1301,283,created,2025-11-11 22:20:15,"{""short_code"":""7nbbrk"",""original_url"":""https://seeded.app/proud/meadow/1301""}"
1302,1302,220,created,2025-10-22 03:59:14,"{""short_code"":""VkvJwI"",""original_url"":""https://hackstack.io/mellow/zenith/1302""}"
1303,1303,15,created,2025-04-24 13:37:35,"{""short_code"":""suxMRs"",""original_url"":""https://relay.cloud/cobalt/orbit/1303""}"
1304,1304,395,created,2025-11-20 13:00:39,"{""short_code"":""WYyS2N"",""original_url"":""https://example.com/keen/engine/1304""}"
1305,1305,333,created,2025-12-28 17:24:28,"{""short_code"":""qbNvWW"",""original_url"":""https://hackstack.io/ivory/river/1305""}"
1306,1306,365,created,2025-04-11 20:21:03,"{""short_code"":""EUeABS"",""original_url"":""https://opswise.net/jade/network/1306""}"
1307,1307,243,created,2026-02-10 11:13:12,"{""short_code"":""UiuQPb"",""original_url"":""https://example.com/tidy/river/1307""}"
1308,1308,355,created,2025-08-25 04:45:55,"{""short_code"":""qm2Yix"",""original_url"":""https://seeded.app/jade/kernel/1308""}"
1309,1309,337,created,2026-02-20 17:59:04,"{""short_code"":""1xkp0X"",""original_url"":""https://hackstack.io/harbor/journey/1309""}"
1310,1310,300,created,2025-01-13 20:51:09,"{""short_code"":""b2raJP"",""original_url"":""https://acme.dev/dawn/pioneer/1310""}"
1311,1311,160,created,2025-06-17 11:25:59,"{""short_code"":""HJMdPW"",""original_url"":""https://example.com/clear/window/1311""}"
1312,1312,247,created,2025-02-17 04:00:50,"{""short_code"":""PeTehk"",""original_url"":""https://opswise.net/gold/trail/1312""}"
1313,1313,106,created,2025-12-17 16:43:31,"{""short_code"":""FsXl0q"",""original_url"":""https://example.com/keen/garden/1313""}"
1314,1314,142,created,2025-09-11 01:37:07,"{""short_code"":""27afQT"",""original_url"":""https://acme.dev/cobalt/trail/1314""}"
1315,1315,91,created,2025-05-20 05:37:38,"{""short_code"":""CyYOOr"",""original_url"":""https://relay.cloud/mellow/uplink/1315""}"
1316,1316,41,created,2025-11-12 23:04:59,"{""short_code"":""wh9ak4"",""original_url"":""https://seeded.app/proud/beacon/1316""}"
1317,1317,4,created,2025-09-01 14:07:58,"{""short_code"":""AHKbPA"",""original_url"":""https://acme.dev/harbor/kernel/1317""}"
1318,1318,289,created,2025-07-30 08:46:44,"{""short_code"":""4qCHaE"",""original_url"":""https://acme.dev/lively/kernel/1318""}"
1319,1319,125,created,2025-09-11 00:11:21,"{""short_code"":""zh57OZ"",""original_url"":""https://example.com/harbor/yard/1319""}"
1320,1320,154,created,2026-01-29 23:12:57,"{""short_code"":""l8WJt8"",""original_url"":""https://seeded.app/young/window/1320""}"
1321,1321,351,created,2025-06-20 21:45:23,"{""short_code"":""TppbbZ"",""original_url"":""https://example.com/silver/lagoon/1321""}"
1322,1322,193,created,2026-01-09 18:11:47,"{""short_code"":""FxtJ7L"",""original_url"":""https://hackstack.io/urban/island/1322""}"
1323,1323,24,created,2025-02-03 06:40:13,"{""short_code"":""hk89BJ"",""original_url"":""https://opswise.net/ivory/signal/1323""}"
1324,1324,49,created,2025-02-15 22:33:40,"{""short_code"":""wvEO4a"",""original_url"":""https://example.com/mellow/signal/1324""}"
1325,1325,46,created,2025-03-16 03:13:05,"{""short_code"":""63Xcph"",""original_url"":""https://relay.cloud/quiet/kernel/1325""}"
1326,1326,382,created,2025-11-08 14:27:29,"{""short_code"":""y8kGbO"",""original_url"":""https://seeded.app/vivid/window/1326""}"
1327,1327,238,created,2025-08-08 22:16:52,"{""short_code"":""ywtOFa"",""original_url"":""https://seeded.app/harbor/window/1327""}"
1328,1328,190,created,2026-01-08 10:13:48,"{""short_code"":""S06hCh"",""original_url"":""https://opswise.net/cobalt/engine/1328""}"
1329,1329,197,created,2025-02-08 15:35:27,"{""short_code"":""jntIiD"",""original_url"":""https://relay.cloud/mellow/journey/1329""}"
1330,1330,178,created,2025-10-02 14:59:44,"{""short_code"":""tluBbC"",""original_url"":""https://seeded.app/rapid/river/1330""}"
1331,1331,97,created,2025-01-26 12:51:01,"{""short_code"":""XyudFx"",""original_url"":""https://relay.cloud/tidy/window/1331""}"
1332,1332,280,created,2026-01-12 01:45:04,"{""short_code"":""vyH9vW"",""original_url"":""https://relay.cloud/proud/orbit/1332""}"
1333,1333,10,created,2026-02-11 11:26:52,"{""short_code"":""tOK4zs"",""original_url"":""https://example.com/cobalt/trail/1333""}"
1334,1334,248,created,2025-01-01 07:54:51,"{""short_code"":""Ol4aPz"",""original_url"":""https://acme.dev/amber/harvest/1334""}"
1335,1335,109,created,2025-12-22 16:03:35,"{""short_code"":""iGTd48"",""original_url"":""https://hackstack.io/cobalt/garden/1335""}"
1336,1336,296,created,2026-02-08 09:48:37,"{""short_code"":""UnticO"",""original_url"":""https://opswise.net/ivory/pioneer/1336""}"
1337,1337,103,created,2025-10-19 19:40:29,"{""short_code"":""sXDexo"",""original_url"":""https://example.com/ivory/trail/1337""}"
1338,1338,258,created,2025-07-08 17:11:57,"{""short_code"":""UDm1Ii"",""original_url"":""https://seeded.app/jade/island/1338""}"
1339,1339,372,created,2025-11-14 11:10:50,"{""short_code"":""RHYHvw"",""original_url"":""https://seeded.app/young/orbit/1339""}"
1340,1340,370,created,2025-06-19 00:52:52,"{""short_code"":""14U0Ku"",""original_url"":""https://example.com/gold/canyon/1340""}"
1341,1341,3,created,2025-02-03 16:53:36,"{""short_code"":""5TEZzf"",""original_url"":""https://opswise.net/urban/island/1341""}"
1342,1342,194,created,2025-08-24 05:59:02,"{""short_code"":""55y6Gn"",""original_url"":""https://example.com/young/trail/1342""}"
1343,1343,193,created,2025-10-15 03:09:19,"{""short_code"":""nRONtN"",""original_url"":""https://acme.dev/brisk/field/1343""}"
1344,1344,387,created,2025-02-25 02:52:38,"{""short_code"":""uCBGFB"",""original_url"":""https://relay.cloud/keen/signal/1344""}"
1345,1345,305,created,2025-01-18 04:37:30,"{""short_code"":""SRugnX"",""original_url"":""https://seeded.app/rapid/harvest/1345""}"
1346,1346,307,created,2025-12-17 09:39:16,"{""short_code"":""ACUlIS"",""original_url"":""https://relay.cloud/opal/delta/1346""}"
1347,1347,261,created,2025-11-03 22:14:06,"{""short_code"":""yULa23"",""original_url"":""https://opswise.net/brisk/pioneer/1347""}"
1348,1348,223,created,2025-06-17 13:42:11,"{""short_code"":""S56mtj"",""original_url"":""https://example.com/navy/signal/1348""}"
1349,1349,91,created,2025-02-08 18:03:16,"{""short_code"":""7I9mfv"",""original_url"":""https://opswise.net/urban/trail/1349""}"
1350,1350,235,created,2025-09-06 09:49:08,"{""short_code"":""nipjle"",""original_url"":""https://example.com/warm/harvest/1350""}"
1351,1351,205,created,2025-08-12 00:39:41,"{""short_code"":""zMb9W9"",""original_url"":""https://acme.dev/proud/quartz/1351""}"
1352,1352,39,created,2025-11-08 08:46:45,"{""short_code"":""xzuzto"",""original_url"":""https://example.com/warm/island/1352""}"
1353,1353,40,created,2026-02-04 18:00:04,"{""short_code"":""p6bXdJ"",""original_url"":""https://opswise.net/tidy/beacon/1353""}"
1354,1354,389,created,2025-07-23 19:49:30,"{""short_code"":""6RGTB7"",""original_url"":""https://hackstack.io/amber/beacon/1354""}"
1355,1355,82,created,2025-11-02 13:59:30,"{""short_code"":""OtmZJL"",""original_url"":""https://hackstack.io/tidy/beacon/1355""}"
1356,1356,330,created,2025-09-17 09:10:54,"{""short_code"":""0HvEvl"",""original_url"":""https://example.com/keen/uplink/1356""}"
1357,1357,342,created,2026-02-20 07:28:24,"{""short_code"":""Gg26jj"",""original_url"":""https://relay.cloud/cobalt/uplink/1357""}"
1358,1358,337,created,2025-10-18 01:00:44,"{""short_code"":""SGoxFP"",""original_url"":""https://example.com/harbor/yard/1358""}"
1359,1359,35,created,2025-01-27 07:10:55,"{""short_code"":""NBk8Te"",""original_url"":""https://relay.cloud/mellow/river/1359""}"
1360,1360,88,created,2025-05-25 22:16:00,"{""short_code"":""fq4Lqm"",""original_url"":""https://opswise.net/mellow/window/1360""}"
1361,1361,112,created,2025-05-27 04:54:38,"{""short_code"":""zuq6e7"",""original_url"":""https://example.com/vivid/island/1361""}"
1362,1362,31,created,2025-01-26 01:07:32,"{""short_code"":""BC9BuO"",""original_url"":""https://seeded.app/brisk/valley/1362""}"
1363,1363,224,created,2025-02-19 21:27:37,"{""short_code"":""nijMAt"",""original_url"":""https://seeded.app/keen/anchor/1363""}"
1364,1364,197,created,2025-02-21 04:22:47,"{""short_code"":""mPo2R6"",""original_url"":""https://hackstack.io/dawn/quartz/1364""}"
1365,1365,2,created,2025-03-15 08:18:00,"{""short_code"":""8pQEga"",""original_url"":""https://hackstack.io/ember/field/1365""}"
1366,1366,11,created,2025-06-28 04:57:18,"{""short_code"":""Mrqwy9"",""original_url"":""https://relay.cloud/ember/harvest/1366""}"
1367,1367,286,created,2025-06-06 07:47:55,"{""short_code"":""8I7eRJ"",""original_url"":""https://example.com/calm/trail/1367""}"
1368,1368,241,created,2025-02-26 12:59:21,"{""short_code"":""ytl3FC"",""original_url"":""https://hackstack.io/ember/journey/1368""}"
1369,1369,107,created,2025-07-09 21:35:33,"{""short_code"":""5gEiDO"",""original_url"":""https://example.com/ivory/orbit/1369""}"
1370,1370,1,created,2025-04-22 11:09:43,"{""short_code"":""7NNrk8"",""original_url"":""https://example.com/vivid/signal/1370""}"
1371,1371,83,created,2025-06-21 14:45:51,"{""short_code"":""NYALBI"",""original_url"":""https://hackstack.io/mellow/anchor/1371""}"
1372,1372,76,created,2025-09-20 16:37:00,"{""short_code"":""bsq85T"",""original_url"":""https://example.com/cobalt/uplink/1372""}"
1373,1373,75,created,2025-05-26 19:54:42,"{""short_code"":""PmFzDr"",""original_url"":""https://hackstack.io/mellow/harvest/1373""}"
1374,1374,178,created,2025-01-23 16:51:17,"{""short_code"":""j3mLc1"",""original_url"":""https://relay.cloud/vivid/uplink/1374""}"
1375,1375,125,created,2025-09-04 09:56:44,"{""short_code"":""2OeRQJ"",""original_url"":""https://acme.dev/quiet/orbit/1375""}"
1376,1376,123,created,2025-04-10 01:14:04,"{""short_code"":""MRuN3W"",""original_url"":""https://seeded.app/lively/zenith/1376""}"
1377,1377,207,created,2025-05-19 06:13:05,"{""short_code"":""wZ6tSg"",""original_url"":""https://seeded.app/navy/field/1377""}"
1378,1378,369,created,2025-07-30 07:26:03,"{""short_code"":""4fYKaN"",""original_url"":""https://opswise.net/young/pioneer/1378""}"
1379,1379,16,created,2025-02-24 09:44:23,"{""short_code"":""GpU9rs"",""original_url"":""https://opswise.net/ember/signal/1379""}"
1380,1380,127,created,2026-02-16 17:11:30,"{""short_code"":""hRahPf"",""original_url"":""https://relay.cloud/amber/network/1380""}"
1381,1381,93,created,2025-04-25 14:06:03,"{""short_code"":""zY2kJt"",""original_url"":""https://seeded.app/ivory/river/1381""}"
1382,1382,115,created,2025-10-15 22:56:13,"{""short_code"":""B7cdmQ"",""original_url"":""https://opswise.net/ivory/uplink/1382""}"
1383,1383,178,created,2025-01-03 20:25:03,"{""short_code"":""d1bjyY"",""original_url"":""https://acme.dev/gold/delta/1383""}"
1384,1384,183,created,2025-06-13 03:48:58,"{""short_code"":""nPJmL6"",""original_url"":""https://acme.dev/opal/zenith/1384""}"
1385,1385,185,created,2026-02-16 11:17:45,"{""short_code"":""2bgXUU"",""original_url"":""https://acme.dev/lively/window/1385""}"
1386,1386,295,created,2025-11-03 11:46:05,"{""short_code"":""YXVtM7"",""original_url"":""https://relay.cloud/opal/trail/1386""}"
1387,1387,392,created,2025-02-15 23:11:31,"{""short_code"":""izJvFb"",""original_url"":""https://hackstack.io/proud/quartz/1387""}"
1388,1388,242,created,2025-10-02 12:53:37,"{""short_code"":""yCy4mo"",""original_url"":""https://acme.dev/jade/trail/1388""}"
1389,1389,297,created,2026-02-06 17:01:27,"{""short_code"":""szR1i8"",""original_url"":""https://opswise.net/opal/yard/1389""}"
1390,1390,308,created,2025-07-04 00:14:16,"{""short_code"":""Vmmzur"",""original_url"":""https://example.com/calm/river/1390""}"
1391,1391,400,created,2026-01-23 02:51:32,"{""short_code"":""TqJqN5"",""original_url"":""https://acme.dev/dawn/trail/1391""}"
1392,1392,148,created,2025-07-22 03:23:51,"{""short_code"":""BRWJRL"",""original_url"":""https://seeded.app/gold/beacon/1392""}"
1393,1393,47,created,2025-05-17 22:22:02,"{""short_code"":""TB9aJV"",""original_url"":""https://opswise.net/harbor/journey/1393""}"
1394,1394,191,created,2025-04-02 14:14:12,"{""short_code"":""jOwpm8"",""original_url"":""https://example.com/navy/lagoon/1394""}"
1395,1395,249,created,2025-11-17 15:09:41,"{""short_code"":""cskVBp"",""original_url"":""https://hackstack.io/urban/trail/1395""}"
1396,1396,220,created,2025-07-02 23:11:08,"{""short_code"":""8SnjC9"",""original_url"":""https://hackstack.io/lively/trail/1396""}"
1397,1397,115,created,2025-07-02 01:51:31,"{""short_code"":""WDFg9q"",""original_url"":""https://hackstack.io/forest/orbit/1397""}"
1398,1398,370,created,2025-12-23 14:30:00,"{""short_code"":""clmklY"",""original_url"":""https://acme.dev/ivory/signal/1398""}"
1399,1399,296,created,2025-11-27 10:14:48,"{""short_code"":""eBkfWA"",""original_url"":""https://acme.dev/calm/network/1399""}"
1400,1400,13,created,2025-05-10 05:54:35,"{""short_code"":""JDFj8p"",""original_url"":""https://seeded.app/harbor/window/1400""}"
1401,1401,246,created,2025-01-14 06:48:37,"{""short_code"":""B2gxsN"",""original_url"":""https://acme.dev/gold/kernel/1401""}"
1402,1402,33,created,2025-10-06 03:31:38,"{""short_code"":""ZF4zgH"",""original_url"":""https://relay.cloud/brisk/orbit/1402""}"
1403,1403,123,created,2025-01-02 09:06:01,"{""short_code"":""ZBcQq8"",""original_url"":""https://hackstack.io/keen/pioneer/1403""}"
1404,1404,39,created,2025-02-09 06:10:01,"{""short_code"":""faV56r"",""original_url"":""https://hackstack.io/young/beacon/1404""}"
1405,1405,385,created,2026-01-01 09:24:13,"{""short_code"":""8SXuz5"",""original_url"":""https://opswise.net/rapid/orbit/1405""}"
1406,1406,101,created,2025-10-28 06:14:49,"{""short_code"":""soZXMB"",""original_url"":""https://seeded.app/keen/field/1406""}"
1407,1407,357,created,2025-03-13 23:10:09,"{""short_code"":""YTjiMz"",""original_url"":""https://seeded.app/young/trail/1407""}"
1408,1408,75,created,2025-03-12 02:16:01,"{""short_code"":""K1SmLa"",""original_url"":""https://acme.dev/urban/pioneer/1408""}"
1409,1409,226,created,2025-09-06 15:09:31,"{""short_code"":""CXMjbu"",""original_url"":""https://relay.cloud/lively/harvest/1409""}"
1410,1410,128,created,2025-06-06 13:45:45,"{""short_code"":""9K5NSb"",""original_url"":""https://example.com/forest/delta/1410""}"
1411,1411,346,created,2025-08-12 05:03:00,"{""short_code"":""l8UEEV"",""original_url"":""https://example.com/brisk/delta/1411""}"
1412,1412,125,created,2025-02-10 17:13:41,"{""short_code"":""PE5y1J"",""original_url"":""https://relay.cloud/lively/beacon/1412""}"
1413,1413,276,created,2025-11-17 02:22:59,"{""short_code"":""TbWYy2"",""original_url"":""https://example.com/ember/river/1413""}"
1414,1414,273,created,2025-08-10 04:24:31,"{""short_code"":""r9w79q"",""original_url"":""https://seeded.app/urban/signal/1414""}"
1415,1415,197,created,2025-05-12 18:55:33,"{""short_code"":""wGWpjk"",""original_url"":""https://seeded.app/rapid/window/1415""}"
1416,1416,268,created,2025-05-27 22:55:52,"{""short_code"":""MGLmK9"",""original_url"":""https://relay.cloud/amber/quartz/1416""}"
1417,1417,112,created,2025-06-30 11:10:07,"{""short_code"":""ckh8yR"",""original_url"":""https://example.com/calm/uplink/1417""}"
1418,1418,3,created,2025-03-30 14:41:51,"{""short_code"":""S4F1g6"",""original_url"":""https://example.com/vivid/network/1418""}"
1419,1419,89,created,2025-03-17 13:22:30,"{""short_code"":""GT7PWt"",""original_url"":""https://relay.cloud/harbor/delta/1419""}"
1420,1420,171,created,2025-05-15 04:21:30,"{""short_code"":""1IuoiB"",""original_url"":""https://opswise.net/mellow/kernel/1420""}"
1421,1421,30,created,2025-04-11 22:11:27,"{""short_code"":""p7ebQT"",""original_url"":""https://example.com/gold/harvest/1421""}"
1422,1422,45,created,2025-06-08 16:29:24,"{""short_code"":""hdxPnV"",""original_url"":""https://relay.cloud/quiet/valley/1422""}"
1423,1423,293,created,2025-05-16 14:51:25,"{""short_code"":""NCuBan"",""original_url"":""https://opswise.net/young/quartz/1423""}"
1424,1424,197,created,2025-01-12 11:27:51,"{""short_code"":""rcqVrv"",""original_url"":""https://relay.cloud/proud/zenith/1424""}"
1425,1425,151,created,2025-09-06 18:32:20,"{""short_code"":""C0P1cw"",""original_url"":""https://seeded.app/lively/trail/1425""}"
1426,1426,129,created,2025-11-04 03:37:20,"{""short_code"":""Mu5epM"",""original_url"":""https://acme.dev/clear/window/1426""}"
1427,1427,116,created,2025-11-21 08:59:59,"{""short_code"":""WcsXk3"",""original_url"":""https://example.com/ivory/uplink/1427""}"
1428,1428,207,created,2025-05-15 17:44:37,"{""short_code"":""o6IR5A"",""original_url"":""https://seeded.app/tidy/pioneer/1428""}"
1429,1429,43,created,2025-10-20 08:10:17,"{""short_code"":""yBxgAw"",""original_url"":""https://relay.cloud/quiet/uplink/1429""}"
1430,1430,196,created,2025-05-21 05:49:13,"{""short_code"":""x73fSR"",""original_url"":""https://opswise.net/brisk/journey/1430""}"
1431,1431,138,created,2025-09-19 03:08:25,"{""short_code"":""nafn1l"",""original_url"":""https://hackstack.io/quiet/zenith/1431""}"
1432,1432,141,created,2025-12-07 07:20:46,"{""short_code"":""XmnPYP"",""original_url"":""https://seeded.app/brisk/river/1432""}"
1433,1433,342,created,2025-05-06 13:46:00,"{""short_code"":""lifme9"",""original_url"":""https://example.com/jade/field/1433""}"
1434,1434,9,created,2025-09-13 01:56:27,"{""short_code"":""lqDdBK"",""original_url"":""https://seeded.app/vivid/river/1434""}"
1435,1435,285,created,2025-11-12 18:08:53,"{""short_code"":""qxcCGI"",""original_url"":""https://acme.dev/brisk/anchor/1435""}"
1436,1436,140,created,2025-04-24 23:37:23,"{""short_code"":""qQ9N6H"",""original_url"":""https://opswise.net/warm/field/1436""}"
1437,1437,68,created,2025-04-06 00:29:27,"{""short_code"":""sPyZ0N"",""original_url"":""https://hackstack.io/silver/journey/1437""}"
1438,1438,141,created,2025-08-23 15:58:57,"{""short_code"":""om5712"",""original_url"":""https://opswise.net/jade/delta/1438""}"
1439,1439,316,created,2025-06-20 22:54:06,"{""short_code"":""o9Pvno"",""original_url"":""https://hackstack.io/vivid/zenith/1439""}"
1440,1440,87,created,2025-11-19 08:30:05,"{""short_code"":""Fw5iKZ"",""original_url"":""https://relay.cloud/urban/field/1440""}"
1441,1441,343,created,2026-02-03 12:43:40,"{""short_code"":""nRGztj"",""original_url"":""https://opswise.net/amber/lagoon/1441""}"
1442,1442,78,created,2025-05-27 15:43:17,"{""short_code"":""jBmVPy"",""original_url"":""https://seeded.app/dawn/harvest/1442""}"
1443,1443,53,created,2025-11-07 21:43:02,"{""short_code"":""xt0Pr8"",""original_url"":""https://hackstack.io/quiet/window/1443""}"
1444,1444,293,created,2025-08-06 02:09:43,"{""short_code"":""pcrGmx"",""original_url"":""https://example.com/calm/kernel/1444""}"
1445,1445,352,created,2025-12-19 21:23:31,"{""short_code"":""rW3EbL"",""original_url"":""https://acme.dev/harbor/anchor/1445""}"
1446,1446,107,created,2026-02-20 07:51:55,"{""short_code"":""MztJZ0"",""original_url"":""https://hackstack.io/rapid/harvest/1446""}"
1447,1447,389,created,2025-07-28 08:08:10,"{""short_code"":""MdL9jz"",""original_url"":""https://opswise.net/ember/trail/1447""}"
1448,1448,63,created,2026-01-28 09:41:38,"{""short_code"":""Eod0WC"",""original_url"":""https://example.com/mellow/island/1448""}"
1449,1449,123,created,2025-01-06 00:16:12,"{""short_code"":""Y1MDZE"",""original_url"":""https://example.com/navy/delta/1449""}"
1450,1450,187,created,2025-12-29 03:36:17,"{""short_code"":""GvMBzR"",""original_url"":""https://hackstack.io/mellow/delta/1450""}"
1451,1451,23,created,2025-08-29 01:08:21,"{""short_code"":""DIYBAg"",""original_url"":""https://hackstack.io/warm/kernel/1451""}"
1452,1452,23,created,2025-05-20 19:47:34,"{""short_code"":""nJIHFt"",""original_url"":""https://relay.cloud/calm/pioneer/1452""}"
1453,1453,394,created,2025-02-08 14:51:59,"{""short_code"":""PF1ZSU"",""original_url"":""https://seeded.app/jade/lagoon/1453""}"
1454,1454,10,created,2025-01-17 00:10:28,"{""short_code"":""doO8vA"",""original_url"":""https://example.com/rapid/signal/1454""}"
1455,1455,342,created,2026-02-14 02:02:51,"{""short_code"":""zjwRfH"",""original_url"":""https://acme.dev/navy/orbit/1455""}"
1456,1456,129,created,2026-01-19 03:53:45,"{""short_code"":""avlFuy"",""original_url"":""https://acme.dev/brisk/pioneer/1456""}"
1457,1457,183,created,2025-01-24 21:46:41,"{""short_code"":""KYrSUb"",""original_url"":""https://seeded.app/rapid/pioneer/1457""}"
1458,1458,393,created,2025-01-27 07:36:14,"{""short_code"":""qOBDxR"",""original_url"":""https://opswise.net/ember/canyon/1458""}"
1459,1459,134,created,2025-12-27 13:27:38,"{""short_code"":""MR74Eh"",""original_url"":""https://seeded.app/warm/meadow/1459""}"
1460,1460,350,created,2025-08-26 21:34:35,"{""short_code"":""2VtA1Q"",""original_url"":""https://seeded.app/gold/valley/1460""}"
1461,1461,387,created,2026-02-12 06:11:03,"{""short_code"":""fj7WQd"",""original_url"":""https://seeded.app/warm/engine/1461""}"
1462,1462,85,created,2025-12-25 09:51:14,"{""short_code"":""L8PzX1"",""original_url"":""https://seeded.app/warm/network/1462""}"
1463,1463,281,created,2025-11-16 10:26:25,"{""short_code"":""bZonCz"",""original_url"":""https://acme.dev/young/kernel/1463""}"
1464,1464,331,created,2025-08-27 01:26:19,"{""short_code"":""7BNJxC"",""original_url"":""https://opswise.net/gold/canyon/1464""}"
1465,1465,15,created,2025-06-18 19:57:25,"{""short_code"":""bgvqJJ"",""original_url"":""https://hackstack.io/silver/journey/1465""}"
1466,1466,213,created,2026-01-16 07:34:10,"{""short_code"":""SGCLt9"",""original_url"":""https://relay.cloud/tidy/uplink/1466""}"
1467,1467,323,created,2025-06-21 21:16:36,"{""short_code"":""m0nzP5"",""original_url"":""https://acme.dev/harbor/valley/1467""}"
1468,1468,151,created,2025-12-06 04:58:58,"{""short_code"":""EXq3Oz"",""original_url"":""https://acme.dev/keen/journey/1468""}"
1469,1469,396,created,2026-01-30 04:29:14,"{""short_code"":""ES1dAW"",""original_url"":""https://seeded.app/urban/kernel/1469""}"
1470,1470,227,created,2025-11-05 01:10:58,"{""short_code"":""YMEidw"",""original_url"":""https://seeded.app/gold/kernel/1470""}"
1471,1471,70,created,2025-10-21 19:23:14,"{""short_code"":""dXEYUO"",""original_url"":""https://seeded.app/urban/river/1471""}"
1472,1472,267,created,2026-01-30 23:22:56,"{""short_code"":""Rrmev8"",""original_url"":""https://opswise.net/gold/river/1472""}"
1473,1473,285,created,2026-01-03 12:33:00,"{""short_code"":""t7F4km"",""original_url"":""https://seeded.app/urban/lagoon/1473""}"
1474,1474,330,created,2025-12-31 10:17:17,"{""short_code"":""hub8xq"",""original_url"":""https://opswise.net/ember/engine/1474""}"
1475,1475,243,created,2025-10-20 19:39:24,"{""short_code"":""32798e"",""original_url"":""https://example.com/opal/trail/1475""}"
1476,1476,167,created,2026-01-21 17:50:43,"{""short_code"":""ggkpqC"",""original_url"":""https://hackstack.io/young/river/1476""}"
1477,1477,310,created,2025-01-23 10:42:37,"{""short_code"":""Knyjet"",""original_url"":""https://example.com/jade/island/1477""}"
1478,1478,23,created,2025-09-25 17:30:16,"{""short_code"":""27wSXe"",""original_url"":""https://opswise.net/rapid/quartz/1478""}"
1479,1479,314,created,2025-02-09 11:33:45,"{""short_code"":""ocwCsY"",""original_url"":""https://acme.dev/ember/harvest/1479""}"
1480,1480,246,created,2025-01-24 07:05:09,"{""short_code"":""KSy5QQ"",""original_url"":""https://acme.dev/vivid/uplink/1480""}"
1481,1481,284,created,2025-04-19 00:13:46,"{""short_code"":""11OQAI"",""original_url"":""https://acme.dev/brisk/beacon/1481""}"
1482,1482,228,created,2026-01-15 07:04:44,"{""short_code"":""xZ5F3n"",""original_url"":""https://seeded.app/young/island/1482""}"
1483,1483,261,created,2025-10-04 05:51:30,"{""short_code"":""Tqm6P1"",""original_url"":""https://opswise.net/proud/signal/1483""}"
1484,1484,190,created,2025-10-28 07:01:41,"{""short_code"":""5UcB7r"",""original_url"":""https://acme.dev/navy/orbit/1484""}"
1485,1485,360,created,2025-03-06 05:49:54,"{""short_code"":""RS895K"",""original_url"":""https://relay.cloud/young/lagoon/1485""}"
1486,1486,37,created,2025-03-19 22:36:51,"{""short_code"":""ORlTeg"",""original_url"":""https://seeded.app/proud/engine/1486""}"
1487,1487,32,created,2025-05-26 03:34:18,"{""short_code"":""05woNo"",""original_url"":""https://example.com/urban/kernel/1487""}"
1488,1488,121,created,2025-11-18 00:24:27,"{""short_code"":""mB6eSb"",""original_url"":""https://hackstack.io/keen/kernel/1488""}"
1489,1489,223,created,2025-04-27 08:00:50,"{""short_code"":""KHGYR8"",""original_url"":""https://opswise.net/quiet/anchor/1489""}"
1490,1490,160,created,2026-01-03 07:11:29,"{""short_code"":""8Un44i"",""original_url"":""https://relay.cloud/ember/lagoon/1490""}"
1491,1491,128,created,2025-08-25 20:31:39,"{""short_code"":""r6HDyI"",""original_url"":""https://example.com/gold/delta/1491""}"
1492,1492,197,created,2025-04-13 17:26:31,"{""short_code"":""xASm96"",""original_url"":""https://opswise.net/urban/trail/1492""}"
1493,1493,119,created,2025-07-19 12:42:07,"{""short_code"":""LtklSt"",""original_url"":""https://seeded.app/proud/island/1493""}"
1494,1494,388,created,2025-02-08 06:58:47,"{""short_code"":""3sUD4n"",""original_url"":""https://opswise.net/rapid/delta/1494""}"
1495,1495,72,created,2025-11-08 09:59:34,"{""short_code"":""NMx44U"",""original_url"":""https://relay.cloud/quiet/network/1495""}"
1496,1496,124,created,2025-09-18 21:37:57,"{""short_code"":""SONDxA"",""original_url"":""https://example.com/ivory/meadow/1496""}"
1497,1497,91,created,2025-05-25 06:20:29,"{""short_code"":""0BgCJz"",""original_url"":""https://opswise.net/silver/field/1497""}"
1498,1498,17,created,2025-01-23 00:12:26,"{""short_code"":""SERkl0"",""original_url"":""https://seeded.app/forest/orbit/1498""}"
1499,1499,153,created,2025-12-19 23:13:58,"{""short_code"":""2Xfe0a"",""original_url"":""https://relay.cloud/silver/canyon/1499""}"
1500,1500,328,created,2025-06-30 20:57:55,"{""short_code"":""OYlTiz"",""original_url"":""https://relay.cloud/ember/canyon/1500""}"
1501,1501,40,created,2025-02-21 11:49:01,"{""short_code"":""JgxK7R"",""original_url"":""https://acme.dev/lively/river/1501""}"
1502,1502,61,created,2025-04-26 05:54:55,"{""short_code"":""f3BKWa"",""original_url"":""https://example.com/cobalt/signal/1502""}"
1503,1503,368,created,2025-08-03 05:27:47,"{""short_code"":""DKky3Z"",""original_url"":""https://acme.dev/quiet/garden/1503""}"
1504,1504,218,created,2025-11-11 22:50:40,"{""short_code"":""XFLCau"",""original_url"":""https://opswise.net/jade/garden/1504""}"
1505,1505,180,created,2025-01-22 08:12:35,"{""short_code"":""bB9k3I"",""original_url"":""https://opswise.net/brisk/uplink/1505""}"
1506,1506,98,created,2025-02-21 22:55:37,"{""short_code"":""6Un6sL"",""original_url"":""https://relay.cloud/ember/beacon/1506""}"
1507,1507,1,created,2025-03-15 14:05:19,"{""short_code"":""iVoPjs"",""original_url"":""https://opswise.net/ivory/valley/1507""}"
1508,1508,200,created,2025-03-03 16:32:56,"{""short_code"":""8nbuQB"",""original_url"":""https://relay.cloud/ember/anchor/1508""}"
1509,1509,386,created,2026-01-09 09:52:50,"{""short_code"":""8LZiCH"",""original_url"":""https://seeded.app/keen/signal/1509""}"
1510,1510,115,created,2026-02-03 01:19:25,"{""short_code"":""SWzlbB"",""original_url"":""https://seeded.app/ivory/network/1510""}"
1511,1511,162,created,2025-11-22 03:55:05,"{""short_code"":""PJEG1U"",""original_url"":""https://opswise.net/jade/network/1511""}"
1512,1512,188,created,2025-04-13 21:04:20,"{""short_code"":""bQDRdq"",""original_url"":""https://example.com/tidy/garden/1512""}"
1513,1513,73,created,2025-03-11 20:49:35,"{""short_code"":""1L4g5C"",""original_url"":""https://relay.cloud/rapid/kernel/1513""}"
1514,1514,276,created,2025-02-10 09:04:41,"{""short_code"":""LJj9X7"",""original_url"":""https://opswise.net/brisk/journey/1514""}"
1515,1515,126,created,2025-12-18 01:22:16,"{""short_code"":""VWvaZ1"",""original_url"":""https://seeded.app/quiet/pioneer/1515""}"
1516,1516,296,created,2026-01-24 06:47:34,"{""short_code"":""XSKHPv"",""original_url"":""https://example.com/amber/signal/1516""}"
1517,1517,340,created,2025-09-15 19:04:02,"{""short_code"":""C4z7WG"",""original_url"":""https://seeded.app/urban/valley/1517""}"
1518,1518,356,created,2025-02-18 01:31:20,"{""short_code"":""MzVLPh"",""original_url"":""https://hackstack.io/quiet/island/1518""}"
1519,1519,250,created,2025-08-29 18:57:11,"{""short_code"":""876JFf"",""original_url"":""https://opswise.net/clear/canyon/1519""}"
1520,1520,233,created,2025-07-10 15:35:58,"{""short_code"":""w2Uys9"",""original_url"":""https://acme.dev/tidy/meadow/1520""}"
1521,1521,331,created,2026-01-24 04:22:01,"{""short_code"":""QsSJOf"",""original_url"":""https://opswise.net/calm/quartz/1521""}"
1522,1522,50,created,2025-01-06 18:02:12,"{""short_code"":""XOinAV"",""original_url"":""https://example.com/urban/canyon/1522""}"
1523,1523,354,created,2025-03-16 21:47:56,"{""short_code"":""5QtngJ"",""original_url"":""https://opswise.net/urban/delta/1523""}"
1524,1524,282,created,2025-11-10 14:46:01,"{""short_code"":""fgfA2K"",""original_url"":""https://acme.dev/lively/signal/1524""}"
1525,1525,117,created,2025-01-19 09:11:51,"{""short_code"":""NCWCMm"",""original_url"":""https://hackstack.io/calm/zenith/1525""}"
1526,1526,373,created,2026-01-27 13:14:12,"{""short_code"":""B5q1v4"",""original_url"":""https://example.com/dawn/canyon/1526""}"
1527,1527,26,created,2025-08-07 23:02:11,"{""short_code"":""61xf9w"",""original_url"":""https://relay.cloud/dawn/field/1527""}"
1528,1528,167,created,2025-10-30 19:08:35,"{""short_code"":""kx76yx"",""original_url"":""https://example.com/clear/meadow/1528""}"
1529,1529,37,created,2025-06-05 07:41:24,"{""short_code"":""Qw2hSh"",""original_url"":""https://acme.dev/gold/yard/1529""}"
1530,1530,80,created,2025-03-31 00:17:47,"{""short_code"":""2RRemZ"",""original_url"":""https://example.com/calm/network/1530""}"
1531,1531,245,created,2025-09-09 13:15:16,"{""short_code"":""uW9QVP"",""original_url"":""https://seeded.app/amber/river/1531""}"
1532,1532,397,created,2025-11-12 19:48:23,"{""short_code"":""XMddNu"",""original_url"":""https://seeded.app/urban/window/1532""}"
1533,1533,278,created,2025-05-07 05:24:30,"{""short_code"":""7Jrl4f"",""original_url"":""https://seeded.app/tidy/valley/1533""}"
1534,1534,273,created,2025-01-19 09:20:39,"{""short_code"":""Fpwrlj"",""original_url"":""https://seeded.app/quiet/quartz/1534""}"
1535,1535,274,created,2025-12-19 05:24:32,"{""short_code"":""lFwvq0"",""original_url"":""https://hackstack.io/keen/meadow/1535""}"
1536,1536,3,created,2025-11-23 15:02:59,"{""short_code"":""FUbdjf"",""original_url"":""https://relay.cloud/quiet/pioneer/1536""}"
1537,1537,85,created,2025-06-27 17:56:55,"{""short_code"":""sB2ah1"",""original_url"":""https://example.com/ember/harvest/1537""}"
1538,1538,396,created,2026-02-09 11:56:20,"{""short_code"":""qYwwY5"",""original_url"":""https://opswise.net/dawn/yard/1538""}"
1539,1539,206,created,2025-06-01 02:29:59,"{""short_code"":""ItF5ts"",""original_url"":""https://seeded.app/proud/meadow/1539""}"
1540,1540,259,created,2025-02-14 21:52:11,"{""short_code"":""czOvt1"",""original_url"":""https://relay.cloud/young/journey/1540""}"
1541,1541,109,created,2026-01-12 10:14:09,"{""short_code"":""oXAUWQ"",""original_url"":""https://acme.dev/opal/anchor/1541""}"
1542,1542,190,created,2025-02-21 12:36:06,"{""short_code"":""VgcKbS"",""original_url"":""https://seeded.app/forest/island/1542""}"
1543,1543,145,created,2025-07-23 19:40:47,"{""short_code"":""7lM7iQ"",""original_url"":""https://hackstack.io/navy/harvest/1543""}"
1544,1544,225,created,2025-03-21 03:17:53,"{""short_code"":""3iWsnB"",""original_url"":""https://hackstack.io/amber/canyon/1544""}"
1545,1545,100,created,2025-03-06 02:28:50,"{""short_code"":""Nnp0Hn"",""original_url"":""https://opswise.net/harbor/trail/1545""}"
1546,1546,114,created,2026-01-28 04:44:26,"{""short_code"":""5izatm"",""original_url"":""https://relay.cloud/clear/signal/1546""}"
1547,1547,62,created,2025-12-12 00:18:57,"{""short_code"":""GW0LMW"",""original_url"":""https://example.com/silver/uplink/1547""}"
1548,1548,333,created,2025-03-13 04:36:37,"{""short_code"":""mTq1se"",""original_url"":""https://seeded.app/opal/engine/1548""}"
1549,1549,364,created,2025-10-23 18:11:51,"{""short_code"":""mohdqL"",""original_url"":""https://seeded.app/vivid/field/1549""}"
1550,1550,14,created,2025-07-11 04:41:20,"{""short_code"":""MFZ7hA"",""original_url"":""https://hackstack.io/navy/quartz/1550""}"
1551,1551,173,created,2026-02-12 01:08:11,"{""short_code"":""sMEev6"",""original_url"":""https://seeded.app/urban/river/1551""}"
1552,1552,89,created,2025-07-24 16:48:43,"{""short_code"":""zl9qg5"",""original_url"":""https://example.com/tidy/journey/1552""}"
1553,1553,193,created,2026-01-08 23:34:11,"{""short_code"":""LJZrHn"",""original_url"":""https://seeded.app/gold/field/1553""}"
1554,1554,175,created,2025-04-10 13:44:33,"{""short_code"":""LOFVqD"",""original_url"":""https://example.com/opal/garden/1554""}"
1555,1555,186,created,2025-03-31 23:27:51,"{""short_code"":""PVYAme"",""original_url"":""https://relay.cloud/young/quartz/1555""}"
1556,1556,372,created,2025-09-11 12:38:41,"{""short_code"":""5PRIen"",""original_url"":""https://seeded.app/amber/engine/1556""}"
1557,1557,118,created,2025-06-15 16:08:53,"{""short_code"":""oIIjme"",""original_url"":""https://acme.dev/mellow/river/1557""}"
1558,1558,332,created,2025-02-16 09:12:12,"{""short_code"":""Eav5y6"",""original_url"":""https://example.com/clear/delta/1558""}"
1559,1559,195,created,2025-11-21 02:11:02,"{""short_code"":""obthUr"",""original_url"":""https://seeded.app/vivid/river/1559""}"
1560,1560,85,created,2025-08-12 04:04:37,"{""short_code"":""kXR8CD"",""original_url"":""https://seeded.app/rapid/quartz/1560""}"
1561,1561,22,created,2025-02-25 10:17:47,"{""short_code"":""upho75"",""original_url"":""https://example.com/silver/pioneer/1561""}"
1562,1562,82,created,2025-05-01 04:51:53,"{""short_code"":""z4atUc"",""original_url"":""https://acme.dev/quiet/journey/1562""}"
1563,1563,85,created,2025-12-12 05:56:32,"{""short_code"":""bPK6Dn"",""original_url"":""https://acme.dev/opal/uplink/1563""}"
1564,1564,300,created,2025-06-22 04:46:24,"{""short_code"":""XXI1Rn"",""original_url"":""https://relay.cloud/proud/orbit/1564""}"
1565,1565,197,created,2026-01-30 00:19:34,"{""short_code"":""NyimAE"",""original_url"":""https://acme.dev/ivory/lagoon/1565""}"
1566,1566,109,created,2025-08-09 04:23:13,"{""short_code"":""1qftTJ"",""original_url"":""https://seeded.app/ivory/network/1566""}"
1567,1567,238,created,2025-03-17 07:20:00,"{""short_code"":""wnA2XG"",""original_url"":""https://opswise.net/warm/valley/1567""}"
1568,1568,321,created,2025-07-17 17:29:35,"{""short_code"":""ynZvvx"",""original_url"":""https://example.com/warm/river/1568""}"
1569,1569,140,created,2025-12-16 20:19:36,"{""short_code"":""6CzLEw"",""original_url"":""https://hackstack.io/forest/pioneer/1569""}"
1570,1570,233,created,2025-03-16 07:53:22,"{""short_code"":""qlouZ7"",""original_url"":""https://relay.cloud/clear/field/1570""}"
1571,1571,241,created,2025-03-21 00:56:36,"{""short_code"":""8L5A6U"",""original_url"":""https://acme.dev/warm/trail/1571""}"
1572,1572,120,created,2025-11-19 02:34:14,"{""short_code"":""z1ta1n"",""original_url"":""https://hackstack.io/harbor/quartz/1572""}"
1573,1573,39,created,2025-09-17 18:37:13,"{""short_code"":""RdzQlo"",""original_url"":""https://opswise.net/young/uplink/1573""}"
1574,1574,380,created,2025-10-31 09:26:47,"{""short_code"":""jqXTwP"",""original_url"":""https://seeded.app/dawn/lagoon/1574""}"
1575,1575,153,created,2025-08-14 20:47:01,"{""short_code"":""F1T2aH"",""original_url"":""https://hackstack.io/rapid/garden/1575""}"
1576,1576,202,created,2025-10-11 01:07:43,"{""short_code"":""ttaNDp"",""original_url"":""https://hackstack.io/mellow/harvest/1576""}"
1577,1577,27,created,2025-06-10 23:09:40,"{""short_code"":""U90TFg"",""original_url"":""https://acme.dev/brisk/field/1577""}"
1578,1578,108,created,2025-12-25 10:05:08,"{""short_code"":""U8pSCo"",""original_url"":""https://opswise.net/mellow/delta/1578""}"
1579,1579,23,created,2025-04-09 17:06:36,"{""short_code"":""O1emcW"",""original_url"":""https://seeded.app/tidy/harvest/1579""}"
1580,1580,376,created,2025-07-12 08:13:22,"{""short_code"":""aftbtv"",""original_url"":""https://example.com/mellow/lagoon/1580""}"
1581,1581,216,created,2025-04-20 17:23:56,"{""short_code"":""KsmpSB"",""original_url"":""https://example.com/ivory/field/1581""}"
1582,1582,365,created,2025-05-11 15:58:01,"{""short_code"":""7m4tpX"",""original_url"":""https://opswise.net/tidy/yard/1582""}"
1583,1583,44,created,2025-04-30 16:38:29,"{""short_code"":""VVgYwS"",""original_url"":""https://hackstack.io/navy/delta/1583""}"
1584,1584,6,created,2025-11-10 00:28:36,"{""short_code"":""LyGuZE"",""original_url"":""https://opswise.net/gold/delta/1584""}"
1585,1585,274,created,2025-06-27 13:27:57,"{""short_code"":""jFlygu"",""original_url"":""https://seeded.app/calm/river/1585""}"
1586,1586,49,created,2025-12-29 05:10:16,"{""short_code"":""LAKrC7"",""original_url"":""https://seeded.app/urban/valley/1586""}"
1587,1587,335,created,2025-08-18 00:23:22,"{""short_code"":""9Z2Vuu"",""original_url"":""https://hackstack.io/dawn/window/1587""}"
1588,1588,71,created,2025-09-09 12:53:40,"{""short_code"":""2rN1Cp"",""original_url"":""https://opswise.net/mellow/river/1588""}"
1589,1589,239,created,2025-07-10 17:00:48,"{""short_code"":""4cfnMR"",""original_url"":""https://opswise.net/ivory/island/1589""}"
1590,1590,338,created,2025-08-28 06:01:33,"{""short_code"":""K2S9On"",""original_url"":""https://relay.cloud/navy/garden/1590""}"
1591,1591,225,created,2025-12-21 20:21:17,"{""short_code"":""mJuTUp"",""original_url"":""https://acme.dev/warm/network/1591""}"
1592,1592,195,created,2025-03-16 21:54:52,"{""short_code"":""IjVeEa"",""original_url"":""https://opswise.net/mellow/signal/1592""}"
1593,1593,106,created,2025-06-03 16:17:59,"{""short_code"":""ZHhm2t"",""original_url"":""https://seeded.app/young/journey/1593""}"
1594,1594,314,created,2025-02-20 08:32:18,"{""short_code"":""dLOL5V"",""original_url"":""https://opswise.net/ivory/garden/1594""}"
1595,1595,391,created,2025-01-07 13:36:37,"{""short_code"":""ToyII7"",""original_url"":""https://acme.dev/gold/journey/1595""}"
1596,1596,214,created,2025-06-21 01:59:50,"{""short_code"":""flMBAB"",""original_url"":""https://seeded.app/jade/window/1596""}"
1597,1597,273,created,2025-09-24 13:19:16,"{""short_code"":""7MbjxX"",""original_url"":""https://relay.cloud/amber/harvest/1597""}"
1598,1598,394,created,2025-11-26 08:48:06,"{""short_code"":""k2nIbP"",""original_url"":""https://relay.cloud/keen/journey/1598""}"
1599,1599,273,created,2025-01-14 10:51:12,"{""short_code"":""MrzG5z"",""original_url"":""https://acme.dev/calm/pioneer/1599""}"
1600,1600,38,created,2025-04-10 04:07:22,"{""short_code"":""QAzaT9"",""original_url"":""https://hackstack.io/lively/yard/1600""}"
1601,1601,232,created,2025-06-07 04:09:36,"{""short_code"":""wNToKX"",""original_url"":""https://hackstack.io/calm/garden/1601""}"
1602,1602,323,created,2025-06-08 18:40:36,"{""short_code"":""yHJyTh"",""original_url"":""https://relay.cloud/warm/delta/1602""}"
1603,1603,315,created,2025-07-13 21:14:42,"{""short_code"":""lGG1El"",""original_url"":""https://hackstack.io/keen/garden/1603""}"
1604,1604,273,created,2025-03-16 20:09:53,"{""short_code"":""HXP1Cn"",""original_url"":""https://acme.dev/jade/orbit/1604""}"
1605,1605,91,created,2025-03-22 15:25:13,"{""short_code"":""rcGVgh"",""original_url"":""https://relay.cloud/ember/meadow/1605""}"
1606,1606,189,created,2025-09-07 21:23:05,"{""short_code"":""1KNAt4"",""original_url"":""https://seeded.app/brisk/valley/1606""}"
1607,1607,166,created,2025-04-09 18:03:42,"{""short_code"":""vGGfea"",""original_url"":""https://example.com/warm/network/1607""}"
1608,1608,385,created,2025-02-12 21:28:32,"{""short_code"":""0lSlUu"",""original_url"":""https://acme.dev/jade/delta/1608""}"
1609,1609,305,created,2025-02-11 17:25:05,"{""short_code"":""E0CuLt"",""original_url"":""https://relay.cloud/quiet/delta/1609""}"
1610,1610,45,created,2025-09-03 23:50:41,"{""short_code"":""QtyYcQ"",""original_url"":""https://seeded.app/warm/meadow/1610""}"
1611,1611,12,created,2025-05-17 07:15:08,"{""short_code"":""YW0Iz6"",""original_url"":""https://seeded.app/jade/uplink/1611""}"
1612,1612,276,created,2025-03-07 12:40:20,"{""short_code"":""KtOmoM"",""original_url"":""https://hackstack.io/mellow/orbit/1612""}"
1613,1613,347,created,2025-09-25 17:38:53,"{""short_code"":""db9tUH"",""original_url"":""https://relay.cloud/quiet/zenith/1613""}"
1614,1614,272,created,2025-01-17 00:09:47,"{""short_code"":""jSsRmL"",""original_url"":""https://seeded.app/jade/window/1614""}"
1615,1615,219,created,2025-09-05 01:25:47,"{""short_code"":""horwVm"",""original_url"":""https://seeded.app/dawn/kernel/1615""}"
1616,1616,315,created,2025-05-01 13:39:32,"{""short_code"":""7Ew0of"",""original_url"":""https://opswise.net/cobalt/pioneer/1616""}"
1617,1617,282,created,2025-04-23 21:31:54,"{""short_code"":""Rul2e1"",""original_url"":""https://hackstack.io/harbor/orbit/1617""}"
1618,1618,379,created,2025-03-29 02:06:47,"{""short_code"":""suSrZK"",""original_url"":""https://opswise.net/vivid/zenith/1618""}"
1619,1619,392,created,2026-02-11 09:00:56,"{""short_code"":""CDRSaX"",""original_url"":""https://seeded.app/gold/signal/1619""}"
1620,1620,209,created,2025-07-31 03:28:31,"{""short_code"":""WFT3uI"",""original_url"":""https://seeded.app/cobalt/delta/1620""}"
1621,1621,97,created,2026-01-10 19:49:17,"{""short_code"":""AAHHsN"",""original_url"":""https://hackstack.io/amber/signal/1621""}"
1622,1622,278,created,2025-10-13 08:00:04,"{""short_code"":""iZ5F2j"",""original_url"":""https://acme.dev/rapid/canyon/1622""}"
1623,1623,51,created,2025-11-29 22:30:18,"{""short_code"":""ZG5eIi"",""original_url"":""https://seeded.app/harbor/orbit/1623""}"
1624,1624,271,created,2025-01-23 08:35:40,"{""short_code"":""fj7pju"",""original_url"":""https://hackstack.io/dawn/uplink/1624""}"
1625,1625,193,created,2025-04-28 07:12:35,"{""short_code"":""xTeVQc"",""original_url"":""https://relay.cloud/lively/engine/1625""}"
1626,1626,258,created,2025-03-27 15:31:56,"{""short_code"":""DIyorC"",""original_url"":""https://acme.dev/keen/canyon/1626""}"
1627,1627,309,created,2025-05-27 19:56:50,"{""short_code"":""x1nmiI"",""original_url"":""https://seeded.app/forest/garden/1627""}"
1628,1628,262,created,2026-01-23 12:55:52,"{""short_code"":""uHAZyQ"",""original_url"":""https://hackstack.io/warm/yard/1628""}"
1629,1629,123,created,2025-02-13 06:33:47,"{""short_code"":""YSetYC"",""original_url"":""https://seeded.app/opal/signal/1629""}"
1630,1630,271,created,2026-02-17 01:45:24,"{""short_code"":""k0qNnk"",""original_url"":""https://relay.cloud/ivory/quartz/1630""}"
1631,1631,381,created,2026-01-05 09:27:41,"{""short_code"":""MIhCgA"",""original_url"":""https://hackstack.io/harbor/quartz/1631""}"
1632,1632,196,created,2025-11-13 01:01:44,"{""short_code"":""eRN3hi"",""original_url"":""https://hackstack.io/calm/garden/1632""}"
1633,1633,343,created,2025-07-13 04:25:11,"{""short_code"":""3Tg6nO"",""original_url"":""https://acme.dev/tidy/window/1633""}"
1634,1634,227,created,2026-01-02 23:42:07,"{""short_code"":""JXQjzP"",""original_url"":""https://example.com/harbor/lagoon/1634""}"
1635,1635,352,created,2025-02-19 14:08:50,"{""short_code"":""JpCdi7"",""original_url"":""https://relay.cloud/navy/kernel/1635""}"
1636,1636,60,created,2025-10-21 05:14:09,"{""short_code"":""F40niY"",""original_url"":""https://opswise.net/quiet/journey/1636""}"
1637,1637,305,created,2025-04-25 01:06:45,"{""short_code"":""nroi0N"",""original_url"":""https://relay.cloud/dawn/network/1637""}"
1638,1638,229,created,2025-01-09 18:44:14,"{""short_code"":""WMzvtg"",""original_url"":""https://acme.dev/urban/trail/1638""}"
1639,1639,148,created,2025-10-25 10:45:40,"{""short_code"":""uUPXAI"",""original_url"":""https://seeded.app/brisk/trail/1639""}"
1640,1640,228,created,2025-01-21 17:34:19,"{""short_code"":""aFSCeO"",""original_url"":""https://hackstack.io/jade/signal/1640""}"
1641,1641,145,created,2025-04-26 21:59:12,"{""short_code"":""IE6mvk"",""original_url"":""https://opswise.net/tidy/meadow/1641""}"
1642,1642,102,created,2026-02-03 00:48:48,"{""short_code"":""q3wf0H"",""original_url"":""https://hackstack.io/proud/anchor/1642""}"
1643,1643,228,created,2025-06-13 20:04:18,"{""short_code"":""v6alXI"",""original_url"":""https://seeded.app/quiet/zenith/1643""}"
1644,1644,1,created,2025-07-19 14:50:46,"{""short_code"":""rB3V1b"",""original_url"":""https://example.com/proud/anchor/1644""}"
1645,1645,382,created,2025-02-14 18:54:46,"{""short_code"":""trRmMs"",""original_url"":""https://example.com/ivory/quartz/1645""}"
1646,1646,158,created,2025-12-25 08:46:56,"{""short_code"":""hZiN1j"",""original_url"":""https://relay.cloud/amber/kernel/1646""}"
1647,1647,357,created,2025-09-30 06:53:16,"{""short_code"":""xmm9cf"",""original_url"":""https://acme.dev/dawn/uplink/1647""}"
1648,1648,251,created,2025-02-04 12:47:00,"{""short_code"":""ElhDME"",""original_url"":""https://example.com/harbor/canyon/1648""}"
1649,1649,177,created,2025-10-07 18:25:25,"{""short_code"":""uSMzxV"",""original_url"":""https://hackstack.io/jade/window/1649""}"
1650,1650,247,created,2026-02-02 08:42:48,"{""short_code"":""eWUH3d"",""original_url"":""https://example.com/jade/pioneer/1650""}"
1651,1651,313,created,2025-03-20 04:12:53,"{""short_code"":""uto5sO"",""original_url"":""https://relay.cloud/tidy/river/1651""}"
1652,1652,75,created,2025-03-01 09:00:26,"{""short_code"":""O7XYm4"",""original_url"":""https://relay.cloud/mellow/canyon/1652""}"
1653,1653,76,created,2026-01-01 09:05:30,"{""short_code"":""zyTCOH"",""original_url"":""https://relay.cloud/urban/harvest/1653""}"
1654,1654,377,created,2025-03-27 13:16:18,"{""short_code"":""XgT5wl"",""original_url"":""https://opswise.net/cobalt/beacon/1654""}"
1655,1655,146,created,2025-12-08 10:21:42,"{""short_code"":""P6YT4L"",""original_url"":""https://relay.cloud/forest/valley/1655""}"
1656,1656,210,created,2026-01-19 08:30:57,"{""short_code"":""BQlwyY"",""original_url"":""https://opswise.net/ivory/lagoon/1656""}"
1657,1657,219,created,2025-06-25 12:45:27,"{""short_code"":""fPDDm0"",""original_url"":""https://example.com/clear/meadow/1657""}"
1658,1658,238,created,2025-04-15 02:25:41,"{""short_code"":""ZKSlLM"",""original_url"":""https://relay.cloud/cobalt/harvest/1658""}"
1659,1659,266,created,2025-05-28 20:55:49,"{""short_code"":""MsEGwu"",""original_url"":""https://acme.dev/cobalt/river/1659""}"
1660,1660,3,created,2025-10-28 09:23:09,"{""short_code"":""8OfOAG"",""original_url"":""https://acme.dev/lively/yard/1660""}"
1661,1661,234,created,2025-12-20 00:04:39,"{""short_code"":""sq9Wo3"",""original_url"":""https://example.com/silver/pioneer/1661""}"
1662,1662,84,created,2025-02-06 04:58:38,"{""short_code"":""uwBsDs"",""original_url"":""https://hackstack.io/tidy/network/1662""}"
1663,1663,3,created,2025-11-08 12:59:24,"{""short_code"":""2OzouD"",""original_url"":""https://relay.cloud/urban/pioneer/1663""}"
1664,1664,292,created,2025-09-23 11:26:33,"{""short_code"":""RF26BW"",""original_url"":""https://acme.dev/young/engine/1664""}"
1665,1665,338,created,2025-12-03 20:09:50,"{""short_code"":""X8z0r7"",""original_url"":""https://relay.cloud/forest/valley/1665""}"
1666,1666,89,created,2026-02-15 00:44:56,"{""short_code"":""rCaazs"",""original_url"":""https://example.com/silver/uplink/1666""}"
1667,1667,311,created,2026-01-04 18:45:25,"{""short_code"":""n5wdZV"",""original_url"":""https://acme.dev/calm/meadow/1667""}"
1668,1668,9,created,2025-06-08 15:58:03,"{""short_code"":""3gGFZq"",""original_url"":""https://acme.dev/quiet/field/1668""}"
1669,1669,163,created,2025-02-01 03:47:25,"{""short_code"":""4PSXlA"",""original_url"":""https://opswise.net/urban/garden/1669""}"
1670,1670,50,created,2025-09-22 17:57:51,"{""short_code"":""m7XhdI"",""original_url"":""https://hackstack.io/warm/yard/1670""}"
1671,1671,328,created,2025-07-08 06:14:11,"{""short_code"":""qdWJxd"",""original_url"":""https://relay.cloud/ivory/engine/1671""}"
1672,1672,392,created,2025-07-01 22:42:34,"{""short_code"":""mC6hzU"",""original_url"":""https://seeded.app/ivory/lagoon/1672""}"
1673,1673,223,created,2025-01-17 17:55:10,"{""short_code"":""q0RV0b"",""original_url"":""https://relay.cloud/calm/anchor/1673""}"
1674,1674,384,created,2025-12-12 21:52:44,"{""short_code"":""himxCB"",""original_url"":""https://acme.dev/cobalt/signal/1674""}"
1675,1675,143,created,2025-04-11 23:06:41,"{""short_code"":""hanv4p"",""original_url"":""https://hackstack.io/calm/beacon/1675""}"
1676,1676,188,created,2025-08-07 23:52:12,"{""short_code"":""5FDTug"",""original_url"":""https://hackstack.io/amber/meadow/1676""}"
1677,1677,230,created,2025-02-09 23:35:37,"{""short_code"":""x6jjlE"",""original_url"":""https://hackstack.io/forest/engine/1677""}"
1678,1678,139,created,2025-01-11 21:30:30,"{""short_code"":""1l55eQ"",""original_url"":""https://seeded.app/dawn/harvest/1678""}"
1679,1679,379,created,2025-05-04 10:43:55,"{""short_code"":""IrGQGO"",""original_url"":""https://example.com/amber/canyon/1679""}"
1680,1680,149,created,2025-11-17 21:59:22,"{""short_code"":""kAtud3"",""original_url"":""https://example.com/young/yard/1680""}"
1681,1681,239,created,2026-02-11 13:35:51,"{""short_code"":""oO9JUl"",""original_url"":""https://hackstack.io/amber/window/1681""}"
1682,1682,105,created,2025-03-17 07:04:25,"{""short_code"":""MTBVPV"",""original_url"":""https://example.com/quiet/lagoon/1682""}"
1683,1683,379,created,2026-01-03 10:16:51,"{""short_code"":""U6M8Xf"",""original_url"":""https://relay.cloud/tidy/signal/1683""}"
1684,1684,170,created,2025-01-28 03:09:39,"{""short_code"":""X7LB8U"",""original_url"":""https://opswise.net/proud/meadow/1684""}"
1685,1685,296,created,2025-07-18 03:21:20,"{""short_code"":""luFEDq"",""original_url"":""https://hackstack.io/rapid/signal/1685""}"
1686,1686,393,created,2025-10-17 15:26:23,"{""short_code"":""7UNQ8S"",""original_url"":""https://hackstack.io/cobalt/lagoon/1686""}"
1687,1687,146,created,2025-08-10 18:13:23,"{""short_code"":""b0KXUU"",""original_url"":""https://seeded.app/amber/window/1687""}"
1688,1688,94,created,2026-01-27 14:03:18,"{""short_code"":""7MMJ41"",""original_url"":""https://seeded.app/gold/yard/1688""}"
1689,1689,321,created,2025-02-25 15:28:12,"{""short_code"":""QrK6br"",""original_url"":""https://example.com/opal/beacon/1689""}"
1690,1690,200,created,2025-10-18 17:54:18,"{""short_code"":""0WDpi2"",""original_url"":""https://relay.cloud/ivory/network/1690""}"
1691,1691,389,created,2026-01-15 19:09:24,"{""short_code"":""gw6ePg"",""original_url"":""https://hackstack.io/quiet/anchor/1691""}"
1692,1692,333,created,2025-07-03 05:16:07,"{""short_code"":""sQI8tD"",""original_url"":""https://example.com/brisk/window/1692""}"
1693,1693,80,created,2025-01-14 15:44:38,"{""short_code"":""ukY6Rl"",""original_url"":""https://opswise.net/dawn/trail/1693""}"
1694,1694,51,created,2025-05-02 04:49:00,"{""short_code"":""9nuvyO"",""original_url"":""https://relay.cloud/keen/island/1694""}"
1695,1695,4,created,2025-01-22 17:26:45,"{""short_code"":""XeVQr7"",""original_url"":""https://acme.dev/ember/beacon/1695""}"
1696,1696,197,created,2026-01-22 06:19:11,"{""short_code"":""1PefWz"",""original_url"":""https://relay.cloud/dawn/garden/1696""}"
1697,1697,168,created,2025-05-09 09:03:43,"{""short_code"":""LRQQpW"",""original_url"":""https://example.com/dawn/island/1697""}"
1698,1698,210,created,2025-07-29 16:26:32,"{""short_code"":""ZE1BQJ"",""original_url"":""https://example.com/forest/network/1698""}"
1699,1699,318,created,2025-04-16 03:35:06,"{""short_code"":""SuEe1R"",""original_url"":""https://hackstack.io/warm/river/1699""}"
1700,1700,352,created,2025-08-05 10:33:45,"{""short_code"":""CqFzQI"",""original_url"":""https://acme.dev/brisk/trail/1700""}"
1701,1701,376,created,2025-04-02 03:16:03,"{""short_code"":""WPpYjc"",""original_url"":""https://hackstack.io/vivid/island/1701""}"
1702,1702,145,created,2025-10-30 04:16:22,"{""short_code"":""oV6z82"",""original_url"":""https://relay.cloud/clear/engine/1702""}"
1703,1703,5,created,2026-01-17 11:02:28,"{""short_code"":""qDuLMk"",""original_url"":""https://acme.dev/gold/signal/1703""}"
1704,1704,385,created,2025-06-21 12:43:35,"{""short_code"":""Tihw9c"",""original_url"":""https://example.com/amber/anchor/1704""}"
1705,1705,18,created,2025-04-01 13:06:58,"{""short_code"":""pKMj7Y"",""original_url"":""https://seeded.app/silver/uplink/1705""}"
1706,1706,177,created,2025-05-05 16:25:05,"{""short_code"":""xsG0uS"",""original_url"":""https://acme.dev/opal/island/1706""}"
1707,1707,133,created,2025-04-24 02:05:57,"{""short_code"":""bfNN0K"",""original_url"":""https://example.com/silver/orbit/1707""}"
1708,1708,253,created,2025-08-22 07:48:12,"{""short_code"":""pVEHlR"",""original_url"":""https://acme.dev/quiet/river/1708""}"
1709,1709,338,created,2026-01-05 10:06:47,"{""short_code"":""whl6GD"",""original_url"":""https://example.com/keen/valley/1709""}"
1710,1710,257,created,2026-01-19 17:37:20,"{""short_code"":""WSRyRW"",""original_url"":""https://seeded.app/calm/field/1710""}"
1711,1711,25,created,2025-08-18 05:45:25,"{""short_code"":""QJhurJ"",""original_url"":""https://hackstack.io/dawn/zenith/1711""}"
1712,1712,170,created,2025-07-30 15:13:30,"{""short_code"":""yF22TU"",""original_url"":""https://hackstack.io/opal/engine/1712""}"
1713,1713,387,created,2025-03-07 07:02:48,"{""short_code"":""qeqKsL"",""original_url"":""https://example.com/urban/lagoon/1713""}"
1714,1714,173,created,2026-01-18 17:02:16,"{""short_code"":""f7Gk2T"",""original_url"":""https://relay.cloud/jade/lagoon/1714""}"
1715,1715,160,created,2025-09-13 19:03:18,"{""short_code"":""VQgIde"",""original_url"":""https://example.com/harbor/lagoon/1715""}"
1716,1716,308,created,2025-06-18 01:21:27,"{""short_code"":""jGf22O"",""original_url"":""https://example.com/harbor/garden/1716""}"
1717,1717,10,created,2025-01-23 07:32:23,"{""short_code"":""X5ydNE"",""original_url"":""https://relay.cloud/mellow/anchor/1717""}"
1718,1718,211,created,2025-05-03 04:25:46,"{""short_code"":""9XNC3C"",""original_url"":""https://hackstack.io/forest/valley/1718""}"
1719,1719,70,created,2025-09-21 11:31:56,"{""short_code"":""QPUDvC"",""original_url"":""https://example.com/proud/zenith/1719""}"
1720,1720,369,created,2025-02-07 10:02:36,"{""short_code"":""UK2rj7"",""original_url"":""https://seeded.app/navy/journey/1720""}"
1721,1721,285,created,2025-05-19 19:54:39,"{""short_code"":""6Sr3Mi"",""original_url"":""https://hackstack.io/young/journey/1721""}"
1722,1722,151,created,2025-07-19 02:48:20,"{""short_code"":""wK6AFB"",""original_url"":""https://opswise.net/tidy/river/1722""}"
1723,1723,163,created,2025-03-07 21:44:52,"{""short_code"":""uurztX"",""original_url"":""https://relay.cloud/rapid/window/1723""}"
1724,1724,66,created,2025-12-08 18:03:46,"{""short_code"":""SGnY9N"",""original_url"":""https://example.com/dawn/meadow/1724""}"
1725,1725,259,created,2025-11-07 13:35:57,"{""short_code"":""tSempZ"",""original_url"":""https://opswise.net/forest/trail/1725""}"
1726,1726,330,created,2026-02-07 01:52:26,"{""short_code"":""PLTlcc"",""original_url"":""https://hackstack.io/proud/river/1726""}"
1727,1727,308,created,2025-07-02 01:55:40,"{""short_code"":""NW0FVD"",""original_url"":""https://relay.cloud/gold/river/1727""}"
1728,1728,165,created,2025-03-15 21:07:49,"{""short_code"":""dWgUnx"",""original_url"":""https://example.com/warm/orbit/1728""}"
1729,1729,219,created,2025-06-26 20:01:21,"{""short_code"":""7bM3tm"",""original_url"":""https://acme.dev/ember/river/1729""}"
1730,1730,23,created,2025-09-15 08:44:00,"{""short_code"":""wcWpZf"",""original_url"":""https://hackstack.io/tidy/trail/1730""}"
1731,1731,360,created,2025-03-05 09:27:14,"{""short_code"":""ex1FNK"",""original_url"":""https://example.com/lively/valley/1731""}"
1732,1732,153,created,2025-03-01 12:58:48,"{""short_code"":""y0dtze"",""original_url"":""https://acme.dev/tidy/island/1732""}"
1733,1733,281,created,2025-03-08 12:53:41,"{""short_code"":""oy6dBk"",""original_url"":""https://example.com/harbor/island/1733""}"
1734,1734,382,created,2026-01-11 08:35:06,"{""short_code"":""c4dI9q"",""original_url"":""https://hackstack.io/forest/harvest/1734""}"
1735,1735,327,created,2025-04-02 05:58:31,"{""short_code"":""HoiuGT"",""original_url"":""https://acme.dev/quiet/journey/1735""}"
1736,1736,294,created,2025-03-18 23:09:49,"{""short_code"":""NVBrZt"",""original_url"":""https://seeded.app/brisk/orbit/1736""}"
1737,1737,366,created,2025-06-25 14:32:28,"{""short_code"":""nMFpw9"",""original_url"":""https://acme.dev/young/anchor/1737""}"
1738,1738,286,created,2025-07-27 20:16:42,"{""short_code"":""h28VUg"",""original_url"":""https://opswise.net/tidy/river/1738""}"
1739,1739,379,created,2026-02-15 00:29:08,"{""short_code"":""DVRhXu"",""original_url"":""https://seeded.app/rapid/river/1739""}"
1740,1740,92,created,2025-07-08 12:35:12,"{""short_code"":""snfqa5"",""original_url"":""https://opswise.net/clear/engine/1740""}"
1741,1741,247,created,2025-11-29 16:31:58,"{""short_code"":""eDSqwA"",""original_url"":""https://opswise.net/warm/uplink/1741""}"
1742,1742,108,created,2025-04-01 02:41:54,"{""short_code"":""INEgVd"",""original_url"":""https://opswise.net/ivory/engine/1742""}"
1743,1743,392,created,2025-04-26 00:21:38,"{""short_code"":""a50vpR"",""original_url"":""https://seeded.app/forest/island/1743""}"
1744,1744,393,created,2025-06-16 01:39:21,"{""short_code"":""cJFlfd"",""original_url"":""https://acme.dev/ember/orbit/1744""}"
1745,1745,51,created,2025-02-16 06:52:18,"{""short_code"":""B4mMPZ"",""original_url"":""https://hackstack.io/urban/river/1745""}"
1746,1746,143,created,2025-01-08 15:11:11,"{""short_code"":""51Gn46"",""original_url"":""https://hackstack.io/brisk/meadow/1746""}"
1747,1747,183,created,2025-01-02 23:50:56,"{""short_code"":""LodG2v"",""original_url"":""https://seeded.app/dawn/trail/1747""}"
1748,1748,55,created,2025-07-05 18:07:40,"{""short_code"":""xJKThn"",""original_url"":""https://seeded.app/opal/orbit/1748""}"
1749,1749,252,created,2025-09-01 21:28:19,"{""short_code"":""rCpTzs"",""original_url"":""https://example.com/rapid/valley/1749""}"
1750,1750,305,created,2025-02-09 18:25:17,"{""short_code"":""GZixqg"",""original_url"":""https://example.com/silver/pioneer/1750""}"
1751,1751,223,created,2025-09-21 12:19:28,"{""short_code"":""O8Esc0"",""original_url"":""https://hackstack.io/cobalt/river/1751""}"
1752,1752,331,created,2025-11-14 08:58:26,"{""short_code"":""SPLfHu"",""original_url"":""https://relay.cloud/clear/trail/1752""}"
1753,1753,353,created,2026-02-01 12:15:05,"{""short_code"":""Ajx61f"",""original_url"":""https://example.com/rapid/trail/1753""}"
1754,1754,28,created,2025-09-28 12:10:00,"{""short_code"":""kZXxEa"",""original_url"":""https://example.com/vivid/trail/1754""}"
1755,1755,49,created,2025-03-02 00:10:56,"{""short_code"":""1r0sin"",""original_url"":""https://seeded.app/calm/meadow/1755""}"
1756,1756,390,created,2025-03-16 19:13:25,"{""short_code"":""3DP9aT"",""original_url"":""https://acme.dev/ember/journey/1756""}"
1757,1757,239,created,2025-03-10 08:51:07,"{""short_code"":""5CIyjS"",""original_url"":""https://hackstack.io/clear/meadow/1757""}"
1758,1758,80,created,2025-11-29 01:56:43,"{""short_code"":""FaPdGV"",""original_url"":""https://hackstack.io/ivory/trail/1758""}"
1759,1759,395,created,2025-11-22 02:08:15,"{""short_code"":""nRL6J5"",""original_url"":""https://hackstack.io/warm/zenith/1759""}"
1760,1760,254,created,2025-04-13 20:00:38,"{""short_code"":""MHvJAK"",""original_url"":""https://example.com/tidy/network/1760""}"
1761,1761,202,created,2025-02-05 08:59:19,"{""short_code"":""ipdcIF"",""original_url"":""https://acme.dev/silver/orbit/1761""}"
1762,1762,93,created,2025-12-17 22:10:42,"{""short_code"":""kHFRoy"",""original_url"":""https://example.com/clear/island/1762""}"
1763,1763,344,created,2025-04-18 07:18:44,"{""short_code"":""Gn0UwC"",""original_url"":""https://hackstack.io/ember/kernel/1763""}"
1764,1764,317,created,2025-12-28 20:57:28,"{""short_code"":""O5Y7og"",""original_url"":""https://opswise.net/jade/garden/1764""}"
1765,1765,180,created,2025-04-26 13:29:04,"{""short_code"":""PkC7aO"",""original_url"":""https://relay.cloud/quiet/meadow/1765""}"
1766,1766,161,created,2025-03-09 11:31:03,"{""short_code"":""bmDYlg"",""original_url"":""https://opswise.net/opal/trail/1766""}"
1767,1767,24,created,2025-08-28 18:50:52,"{""short_code"":""37VONh"",""original_url"":""https://example.com/jade/river/1767""}"
1768,1768,284,created,2025-12-07 08:45:58,"{""short_code"":""JPdb5v"",""original_url"":""https://seeded.app/navy/meadow/1768""}"
1769,1769,336,created,2025-03-14 10:12:56,"{""short_code"":""nc2r7i"",""original_url"":""https://seeded.app/gold/river/1769""}"
1770,1770,339,created,2025-11-02 02:00:28,"{""short_code"":""igeWzt"",""original_url"":""https://opswise.net/lively/anchor/1770""}"
1771,1771,204,created,2025-03-07 22:02:06,"{""short_code"":""QiFgw3"",""original_url"":""https://acme.dev/mellow/island/1771""}"
1772,1772,279,created,2025-05-28 07:52:27,"{""short_code"":""yNzlwW"",""original_url"":""https://seeded.app/navy/window/1772""}"
1773,1773,17,created,2025-01-12 20:12:05,"{""short_code"":""skMPQX"",""original_url"":""https://opswise.net/amber/signal/1773""}"
1774,1774,180,created,2025-12-30 09:33:12,"{""short_code"":""wXWCjb"",""original_url"":""https://seeded.app/calm/field/1774""}"
1775,1775,68,created,2025-01-20 11:30:52,"{""short_code"":""1uy9jg"",""original_url"":""https://opswise.net/urban/uplink/1775""}"
1776,1776,331,created,2025-08-07 15:27:41,"{""short_code"":""PHxj2t"",""original_url"":""https://opswise.net/forest/trail/1776""}"
1777,1777,390,created,2025-11-09 02:59:45,"{""short_code"":""J2MgXy"",""original_url"":""https://hackstack.io/silver/orbit/1777""}"
1778,1778,374,created,2025-03-24 12:01:39,"{""short_code"":""7vxz2B"",""original_url"":""https://example.com/amber/canyon/1778""}"
1779,1779,394,created,2025-02-05 03:51:37,"{""short_code"":""NnV1H7"",""original_url"":""https://example.com/dawn/signal/1779""}"
1780,1780,35,created,2025-08-14 18:25:55,"{""short_code"":""6xbIyo"",""original_url"":""https://acme.dev/warm/field/1780""}"
1781,1781,1,created,2025-03-02 01:45:53,"{""short_code"":""QN92wj"",""original_url"":""https://relay.cloud/harbor/journey/1781""}"
1782,1782,3,created,2025-08-14 23:02:31,"{""short_code"":""WGc42R"",""original_url"":""https://seeded.app/jade/meadow/1782""}"
1783,1783,316,created,2025-03-15 19:37:25,"{""short_code"":""ka0XgV"",""original_url"":""https://hackstack.io/harbor/kernel/1783""}"
1784,1784,173,created,2025-04-26 22:48:58,"{""short_code"":""KOZEaA"",""original_url"":""https://hackstack.io/young/yard/1784""}"
1785,1785,104,created,2026-02-02 10:36:22,"{""short_code"":""RQCc6Z"",""original_url"":""https://relay.cloud/mellow/orbit/1785""}"
1786,1786,200,created,2025-05-16 17:43:40,"{""short_code"":""LQRI8i"",""original_url"":""https://hackstack.io/clear/field/1786""}"
1787,1787,108,created,2025-02-05 10:35:03,"{""short_code"":""5SkDpP"",""original_url"":""https://hackstack.io/forest/harvest/1787""}"
1788,1788,244,created,2025-02-15 02:43:40,"{""short_code"":""fv6I6d"",""original_url"":""https://relay.cloud/harbor/field/1788""}"
1789,1789,166,created,2025-02-18 00:04:57,"{""short_code"":""zlHIGZ"",""original_url"":""https://example.com/ember/signal/1789""}"
1790,1790,283,created,2025-10-28 13:36:55,"{""short_code"":""SD7F5V"",""original_url"":""https://acme.dev/vivid/valley/1790""}"
1791,1791,211,created,2025-11-24 22:48:41,"{""short_code"":""yA5w8P"",""original_url"":""https://relay.cloud/brisk/journey/1791""}"
1792,1792,400,created,2025-05-23 00:56:40,"{""short_code"":""4fo3r5"",""original_url"":""https://acme.dev/young/trail/1792""}"
1793,1793,55,created,2025-02-24 19:01:48,"{""short_code"":""CQwhcA"",""original_url"":""https://hackstack.io/jade/journey/1793""}"
1794,1794,230,created,2026-01-17 10:34:08,"{""short_code"":""K2IkGt"",""original_url"":""https://acme.dev/forest/valley/1794""}"
1795,1795,115,created,2025-10-10 14:28:46,"{""short_code"":""ityRty"",""original_url"":""https://example.com/quiet/meadow/1795""}"
1796,1796,329,created,2025-01-15 14:29:50,"{""short_code"":""Nphyv6"",""original_url"":""https://acme.dev/jade/pioneer/1796""}"
1797,1797,244,created,2025-10-22 08:24:43,"{""short_code"":""ZtXItU"",""original_url"":""https://example.com/dawn/pioneer/1797""}"
1798,1798,339,created,2025-01-06 07:32:34,"{""short_code"":""T7bRK2"",""original_url"":""https://hackstack.io/young/valley/1798""}"
1799,1799,109,created,2025-02-17 02:13:38,"{""short_code"":""pgAx40"",""original_url"":""https://hackstack.io/tidy/valley/1799""}"
1800,1800,396,created,2025-11-08 06:31:22,"{""short_code"":""Zza03M"",""original_url"":""https://seeded.app/keen/beacon/1800""}"
1801,1801,323,created,2025-11-27 03:27:00,"{""short_code"":""GZwmxq"",""original_url"":""https://seeded.app/lively/island/1801""}"
1802,1802,371,created,2025-09-05 12:08:41,"{""short_code"":""AQx3ym"",""original_url"":""https://acme.dev/jade/pioneer/1802""}"
1803,1803,23,created,2025-10-10 07:35:54,"{""short_code"":""IfTQve"",""original_url"":""https://example.com/harbor/kernel/1803""}"
1804,1804,185,created,2025-10-20 20:35:32,"{""short_code"":""uMjMzg"",""original_url"":""https://relay.cloud/opal/pioneer/1804""}"
1805,1805,297,created,2025-09-21 09:26:02,"{""short_code"":""kLhpSu"",""original_url"":""https://example.com/warm/window/1805""}"
1806,1806,4,created,2025-02-25 19:29:22,"{""short_code"":""PTOsOv"",""original_url"":""https://example.com/forest/journey/1806""}"
1807,1807,206,created,2025-03-21 00:40:52,"{""short_code"":""5Dy1ML"",""original_url"":""https://example.com/gold/yard/1807""}"
1808,1808,17,created,2025-07-29 07:18:16,"{""short_code"":""3IRzHW"",""original_url"":""https://relay.cloud/calm/beacon/1808""}"
1809,1809,51,created,2025-09-30 21:55:48,"{""short_code"":""p16Okh"",""original_url"":""https://opswise.net/tidy/zenith/1809""}"
1810,1810,138,created,2025-02-25 18:18:04,"{""short_code"":""DCFNzY"",""original_url"":""https://acme.dev/forest/pioneer/1810""}"
1811,1811,386,created,2025-02-16 16:24:10,"{""short_code"":""48jVrF"",""original_url"":""https://hackstack.io/tidy/lagoon/1811""}"
1812,1812,88,created,2025-08-23 13:53:27,"{""short_code"":""Eh1bsG"",""original_url"":""https://relay.cloud/urban/field/1812""}"
1813,1813,285,created,2025-11-11 17:53:23,"{""short_code"":""AhsKIC"",""original_url"":""https://seeded.app/gold/network/1813""}"
1814,1814,191,created,2025-08-17 21:55:23,"{""short_code"":""ku914I"",""original_url"":""https://acme.dev/rapid/harvest/1814""}"
1815,1815,169,created,2025-09-02 14:02:24,"{""short_code"":""mrw78C"",""original_url"":""https://opswise.net/ember/signal/1815""}"
1816,1816,202,created,2025-12-15 10:11:10,"{""short_code"":""RVcDFM"",""original_url"":""https://seeded.app/quiet/anchor/1816""}"
1817,1817,79,created,2026-01-08 16:46:32,"{""short_code"":""hYFFmf"",""original_url"":""https://example.com/gold/network/1817""}"
1818,1818,2,created,2025-07-30 05:00:22,"{""short_code"":""PqiSBk"",""original_url"":""https://opswise.net/amber/anchor/1818""}"
1819,1819,365,created,2025-12-07 09:41:53,"{""short_code"":""RRGTeR"",""original_url"":""https://seeded.app/mellow/pioneer/1819""}"
1820,1820,399,created,2025-11-12 11:02:58,"{""short_code"":""JJquDY"",""original_url"":""https://relay.cloud/silver/beacon/1820""}"
1821,1821,359,created,2025-04-29 20:07:51,"{""short_code"":""2xvdGa"",""original_url"":""https://hackstack.io/lively/yard/1821""}"
1822,1822,335,created,2025-02-17 11:18:16,"{""short_code"":""meppBk"",""original_url"":""https://seeded.app/keen/uplink/1822""}"
1823,1823,338,created,2025-05-22 00:33:53,"{""short_code"":""Ymo2Vq"",""original_url"":""https://acme.dev/cobalt/journey/1823""}"
1824,1824,341,created,2025-07-13 20:21:23,"{""short_code"":""og8oY6"",""original_url"":""https://hackstack.io/silver/journey/1824""}"
1825,1825,63,created,2025-01-30 11:20:34,"{""short_code"":""6CjJ03"",""original_url"":""https://seeded.app/lively/meadow/1825""}"
1826,1826,137,created,2025-03-21 07:51:35,"{""short_code"":""1jlduN"",""original_url"":""https://relay.cloud/opal/kernel/1826""}"
1827,1827,77,created,2025-06-18 13:11:05,"{""short_code"":""bR5ojY"",""original_url"":""https://hackstack.io/gold/signal/1827""}"
1828,1828,158,created,2025-11-24 02:05:57,"{""short_code"":""bCJd8D"",""original_url"":""https://relay.cloud/gold/pioneer/1828""}"
1829,1829,344,created,2025-03-16 22:57:16,"{""short_code"":""nYCos8"",""original_url"":""https://seeded.app/opal/orbit/1829""}"
1830,1830,386,created,2026-01-04 11:50:42,"{""short_code"":""74IrVt"",""original_url"":""https://opswise.net/navy/engine/1830""}"
1831,1831,110,created,2025-03-07 20:28:10,"{""short_code"":""K6LDfd"",""original_url"":""https://relay.cloud/forest/garden/1831""}"
1832,1832,258,created,2025-03-25 21:40:57,"{""short_code"":""MITsfg"",""original_url"":""https://example.com/calm/signal/1832""}"
1833,1833,82,created,2025-10-11 09:08:53,"{""short_code"":""0h9Gf9"",""original_url"":""https://hackstack.io/mellow/river/1833""}"
1834,1834,221,created,2025-12-26 06:24:06,"{""short_code"":""UHykPD"",""original_url"":""https://opswise.net/gold/kernel/1834""}"
1835,1835,140,created,2025-09-09 10:09:08,"{""short_code"":""Q5Tbfy"",""original_url"":""https://example.com/ivory/river/1835""}"
1836,1836,47,created,2025-01-20 01:19:59,"{""short_code"":""z8M08S"",""original_url"":""https://relay.cloud/jade/journey/1836""}"
1837,1837,311,created,2025-07-18 12:56:00,"{""short_code"":""PiUeb1"",""original_url"":""https://relay.cloud/clear/uplink/1837""}"
1838,1838,336,created,2025-09-11 17:12:05,"{""short_code"":""ViQzCe"",""original_url"":""https://example.com/silver/kernel/1838""}"
1839,1839,45,created,2026-02-12 08:35:03,"{""short_code"":""1xIsDy"",""original_url"":""https://acme.dev/quiet/engine/1839""}"
1840,1840,350,created,2025-12-12 22:51:42,"{""short_code"":""vQTNui"",""original_url"":""https://opswise.net/quiet/zenith/1840""}"
1841,1841,254,created,2026-02-16 11:23:41,"{""short_code"":""IZTGCC"",""original_url"":""https://example.com/clear/island/1841""}"
1842,1842,269,created,2025-01-05 12:11:34,"{""short_code"":""w1wpaR"",""original_url"":""https://acme.dev/opal/lagoon/1842""}"
1843,1843,301,created,2025-02-11 18:47:40,"{""short_code"":""QVHD7B"",""original_url"":""https://acme.dev/rapid/journey/1843""}"
1844,1844,127,created,2025-02-06 11:23:28,"{""short_code"":""cLBDFm"",""original_url"":""https://acme.dev/vivid/meadow/1844""}"
1845,1845,301,created,2025-01-12 11:22:44,"{""short_code"":""AfDxAk"",""original_url"":""https://seeded.app/proud/valley/1845""}"
1846,1846,235,created,2025-12-21 19:02:29,"{""short_code"":""LYsJ5A"",""original_url"":""https://hackstack.io/ember/canyon/1846""}"
1847,1847,148,created,2026-02-14 03:58:37,"{""short_code"":""dQA2RQ"",""original_url"":""https://seeded.app/mellow/canyon/1847""}"
1848,1848,133,created,2025-10-14 17:51:24,"{""short_code"":""XMvs66"",""original_url"":""https://example.com/rapid/orbit/1848""}"
1849,1849,287,created,2025-08-18 14:26:18,"{""short_code"":""B12eAM"",""original_url"":""https://example.com/warm/island/1849""}"
1850,1850,306,created,2025-02-14 22:32:27,"{""short_code"":""vPI0Em"",""original_url"":""https://example.com/gold/journey/1850""}"
1851,1851,301,created,2025-11-18 05:42:57,"{""short_code"":""IRrSO3"",""original_url"":""https://hackstack.io/amber/garden/1851""}"
1852,1852,223,created,2025-07-25 17:25:30,"{""short_code"":""gQmgdK"",""original_url"":""https://relay.cloud/warm/uplink/1852""}"
1853,1853,32,created,2025-01-09 08:45:36,"{""short_code"":""UyerfZ"",""original_url"":""https://relay.cloud/calm/quartz/1853""}"
1854,1854,56,created,2025-02-11 06:46:27,"{""short_code"":""ALZ7z6"",""original_url"":""https://seeded.app/brisk/trail/1854""}"
1855,1855,317,created,2025-08-06 04:36:39,"{""short_code"":""YooPYv"",""original_url"":""https://example.com/harbor/pioneer/1855""}"
1856,1856,335,created,2026-01-05 22:33:53,"{""short_code"":""B0bVWj"",""original_url"":""https://relay.cloud/ivory/meadow/1856""}"
1857,1857,86,created,2025-06-09 06:45:30,"{""short_code"":""Tx2DZF"",""original_url"":""https://seeded.app/navy/pioneer/1857""}"
1858,1858,351,created,2025-05-14 20:26:19,"{""short_code"":""X6iOhx"",""original_url"":""https://seeded.app/rapid/harvest/1858""}"
1859,1859,319,created,2025-11-20 14:04:07,"{""short_code"":""7pRgc8"",""original_url"":""https://example.com/ivory/island/1859""}"
1860,1860,95,created,2026-02-20 11:02:53,"{""short_code"":""rcKs19"",""original_url"":""https://hackstack.io/quiet/network/1860""}"
1861,1861,255,created,2025-11-05 22:24:03,"{""short_code"":""21gxh9"",""original_url"":""https://seeded.app/harbor/beacon/1861""}"
1862,1862,221,created,2026-01-13 07:21:03,"{""short_code"":""8pe5fr"",""original_url"":""https://relay.cloud/cobalt/kernel/1862""}"
1863,1863,162,created,2025-12-11 07:14:28,"{""short_code"":""ynDbIt"",""original_url"":""https://relay.cloud/cobalt/journey/1863""}"
1864,1864,170,created,2025-11-12 07:27:44,"{""short_code"":""UsIHeG"",""original_url"":""https://opswise.net/tidy/island/1864""}"
1865,1865,67,created,2025-11-23 05:24:10,"{""short_code"":""65iUEm"",""original_url"":""https://example.com/tidy/river/1865""}"
1866,1866,79,created,2025-05-14 07:49:42,"{""short_code"":""wdAbNL"",""original_url"":""https://relay.cloud/young/garden/1866""}"
1867,1867,151,created,2025-12-20 15:33:03,"{""short_code"":""XjkXRx"",""original_url"":""https://relay.cloud/gold/field/1867""}"
1868,1868,18,created,2025-09-28 01:33:12,"{""short_code"":""XL4Lng"",""original_url"":""https://example.com/calm/canyon/1868""}"
1869,1869,393,created,2025-01-24 03:25:20,"{""short_code"":""bwopfE"",""original_url"":""https://acme.dev/harbor/canyon/1869""}"
1870,1870,225,created,2025-05-12 07:45:01,"{""short_code"":""jB2chO"",""original_url"":""https://hackstack.io/jade/lagoon/1870""}"
1871,1871,389,created,2025-04-24 16:44:21,"{""short_code"":""fDS56w"",""original_url"":""https://opswise.net/keen/kernel/1871""}"
1872,1872,352,created,2025-01-25 20:17:21,"{""short_code"":""0zGmFv"",""original_url"":""https://seeded.app/ivory/kernel/1872""}"
1873,1873,8,created,2025-03-30 15:05:19,"{""short_code"":""a5coTy"",""original_url"":""https://example.com/ember/kernel/1873""}"
1874,1874,223,created,2025-01-11 08:40:08,"{""short_code"":""mUo5ON"",""original_url"":""https://hackstack.io/harbor/orbit/1874""}"
1875,1875,265,created,2026-01-15 05:14:24,"{""short_code"":""IbxBYW"",""original_url"":""https://opswise.net/silver/anchor/1875""}"
1876,1876,169,created,2025-11-02 22:41:15,"{""short_code"":""AKG7yX"",""original_url"":""https://opswise.net/dawn/island/1876""}"
1877,1877,397,created,2026-01-26 09:32:24,"{""short_code"":""DlCyyu"",""original_url"":""https://relay.cloud/silver/quartz/1877""}"
1878,1878,118,created,2025-05-24 10:44:50,"{""short_code"":""pmE5Le"",""original_url"":""https://example.com/brisk/window/1878""}"
1879,1879,10,created,2025-05-24 12:43:23,"{""short_code"":""hVVtuX"",""original_url"":""https://relay.cloud/mellow/beacon/1879""}"
1880,1880,44,created,2025-03-08 08:14:42,"{""short_code"":""DTyLVG"",""original_url"":""https://opswise.net/keen/journey/1880""}"
1881,1881,30,created,2025-03-14 03:07:12,"{""short_code"":""bnh7qZ"",""original_url"":""https://relay.cloud/tidy/yard/1881""}"
1882,1882,198,created,2026-01-09 12:02:02,"{""short_code"":""M0S210"",""original_url"":""https://hackstack.io/dawn/kernel/1882""}"
1883,1883,24,created,2025-12-25 22:22:13,"{""short_code"":""KIdE0o"",""original_url"":""https://hackstack.io/ivory/river/1883""}"
1884,1884,138,created,2025-07-08 08:11:29,"{""short_code"":""mo5LVq"",""original_url"":""https://opswise.net/dawn/orbit/1884""}"
1885,1885,219,created,2025-11-07 22:25:02,"{""short_code"":""Y4r3jc"",""original_url"":""https://relay.cloud/ember/kernel/1885""}"
1886,1886,353,created,2025-06-15 18:05:18,"{""short_code"":""exGc3T"",""original_url"":""https://opswise.net/ember/engine/1886""}"
1887,1887,18,created,2025-04-13 23:34:26,"{""short_code"":""1dsoKx"",""original_url"":""https://example.com/amber/engine/1887""}"
1888,1888,141,created,2025-11-07 16:47:54,"{""short_code"":""dd1AaD"",""original_url"":""https://opswise.net/harbor/valley/1888""}"
1889,1889,283,created,2025-11-19 23:32:16,"{""short_code"":""HsI8xQ"",""original_url"":""https://seeded.app/keen/kernel/1889""}"
1890,1890,292,created,2025-11-12 13:52:23,"{""short_code"":""HhMure"",""original_url"":""https://relay.cloud/urban/zenith/1890""}"
1891,1891,40,created,2026-01-03 07:06:47,"{""short_code"":""VvQGzO"",""original_url"":""https://relay.cloud/mellow/signal/1891""}"
1892,1892,341,created,2025-02-05 03:21:44,"{""short_code"":""Gfouvk"",""original_url"":""https://hackstack.io/forest/signal/1892""}"
1893,1893,396,created,2025-05-07 11:41:34,"{""short_code"":""cAXM45"",""original_url"":""https://hackstack.io/young/journey/1893""}"
1894,1894,103,created,2025-08-12 18:01:10,"{""short_code"":""IALk2S"",""original_url"":""https://hackstack.io/harbor/garden/1894""}"
1895,1895,390,created,2025-01-13 11:49:36,"{""short_code"":""yObEeh"",""original_url"":""https://example.com/navy/zenith/1895""}"
1896,1896,177,created,2025-06-07 11:30:19,"{""short_code"":""YvLKKO"",""original_url"":""https://acme.dev/dawn/pioneer/1896""}"
1897,1897,322,created,2026-02-08 07:57:29,"{""short_code"":""xoNs8f"",""original_url"":""https://opswise.net/forest/beacon/1897""}"
1898,1898,372,created,2025-01-22 16:33:32,"{""short_code"":""l3tAFf"",""original_url"":""https://seeded.app/quiet/island/1898""}"
1899,1899,135,created,2025-01-02 08:30:19,"{""short_code"":""VAHeKr"",""original_url"":""https://seeded.app/quiet/garden/1899""}"
1900,1900,221,created,2025-03-15 04:41:49,"{""short_code"":""9VqXVa"",""original_url"":""https://seeded.app/young/harvest/1900""}"
1901,1901,86,created,2025-02-01 15:28:30,"{""short_code"":""vAXzQl"",""original_url"":""https://hackstack.io/dawn/kernel/1901""}"
1902,1902,281,created,2025-07-15 01:57:22,"{""short_code"":""8Lx2m1"",""original_url"":""https://opswise.net/jade/valley/1902""}"
1903,1903,160,created,2025-05-01 22:52:05,"{""short_code"":""kQeEWG"",""original_url"":""https://hackstack.io/keen/meadow/1903""}"
1904,1904,168,created,2025-08-16 21:37:41,"{""short_code"":""89XgXq"",""original_url"":""https://hackstack.io/ember/river/1904""}"
1905,1905,144,created,2025-03-04 22:20:17,"{""short_code"":""Amo1G5"",""original_url"":""https://acme.dev/calm/orbit/1905""}"
1906,1906,63,created,2025-06-04 01:56:37,"{""short_code"":""qgLKuc"",""original_url"":""https://opswise.net/dawn/beacon/1906""}"
1907,1907,398,created,2025-03-31 20:23:52,"{""short_code"":""3uF97T"",""original_url"":""https://example.com/urban/network/1907""}"
1908,1908,9,created,2025-01-17 04:12:53,"{""short_code"":""xdJqO1"",""original_url"":""https://acme.dev/silver/window/1908""}"
1909,1909,197,created,2025-01-09 08:34:21,"{""short_code"":""fUSKzi"",""original_url"":""https://example.com/ivory/signal/1909""}"
1910,1910,93,created,2026-01-19 14:01:03,"{""short_code"":""xj6MhY"",""original_url"":""https://seeded.app/gold/yard/1910""}"
1911,1911,57,created,2025-02-17 16:06:08,"{""short_code"":""ZJ1ux4"",""original_url"":""https://hackstack.io/young/window/1911""}"
1912,1912,392,created,2025-04-10 07:18:50,"{""short_code"":""AFGdzO"",""original_url"":""https://relay.cloud/lively/kernel/1912""}"
1913,1913,115,created,2026-01-26 00:43:47,"{""short_code"":""Itftf5"",""original_url"":""https://example.com/gold/quartz/1913""}"
1914,1914,301,created,2025-06-26 17:51:13,"{""short_code"":""yzkLwQ"",""original_url"":""https://seeded.app/rapid/field/1914""}"
1915,1915,201,created,2025-12-22 12:31:55,"{""short_code"":""2uhibB"",""original_url"":""https://acme.dev/amber/pioneer/1915""}"
1916,1916,203,created,2025-05-09 06:46:53,"{""short_code"":""eW9Ccf"",""original_url"":""https://acme.dev/amber/island/1916""}"
1917,1917,65,created,2025-12-22 03:12:56,"{""short_code"":""NMnULz"",""original_url"":""https://seeded.app/jade/canyon/1917""}"
1918,1918,1,created,2025-01-04 07:41:37,"{""short_code"":""pAvQts"",""original_url"":""https://acme.dev/keen/journey/1918""}"
1919,1919,269,created,2025-06-15 20:53:19,"{""short_code"":""nFSZoB"",""original_url"":""https://acme.dev/amber/lagoon/1919""}"
1920,1920,380,created,2025-12-03 22:00:20,"{""short_code"":""FQqWKu"",""original_url"":""https://acme.dev/cobalt/zenith/1920""}"
1921,1921,53,created,2025-05-13 04:10:58,"{""short_code"":""nsn8jg"",""original_url"":""https://opswise.net/forest/field/1921""}"
1922,1922,147,created,2025-06-26 19:38:26,"{""short_code"":""uPyMJs"",""original_url"":""https://relay.cloud/proud/journey/1922""}"
1923,1923,325,created,2026-01-06 08:38:42,"{""short_code"":""ug5CMN"",""original_url"":""https://opswise.net/ember/kernel/1923""}"
1924,1924,157,created,2025-12-06 19:24:24,"{""short_code"":""CP6QIn"",""original_url"":""https://opswise.net/mellow/network/1924""}"
1925,1925,277,created,2025-04-27 08:48:35,"{""short_code"":""oGFIrD"",""original_url"":""https://hackstack.io/navy/zenith/1925""}"
1926,1926,165,created,2025-03-12 05:19:07,"{""short_code"":""qVsrlF"",""original_url"":""https://hackstack.io/quiet/harvest/1926""}"
1927,1927,105,created,2025-09-03 11:30:29,"{""short_code"":""h7oJIy"",""original_url"":""https://seeded.app/keen/pioneer/1927""}"
1928,1928,345,created,2025-01-09 07:52:44,"{""short_code"":""VF0k9Y"",""original_url"":""https://hackstack.io/ember/canyon/1928""}"
1929,1929,302,created,2025-11-02 23:46:41,"{""short_code"":""L81Dcc"",""original_url"":""https://acme.dev/opal/field/1929""}"
1930,1930,376,created,2025-09-14 04:11:02,"{""short_code"":""njHd1Y"",""original_url"":""https://acme.dev/forest/delta/1930""}"
1931,1931,30,created,2026-01-18 20:33:51,"{""short_code"":""zfAjU4"",""original_url"":""https://example.com/clear/lagoon/1931""}"
1932,1932,144,created,2025-03-14 07:03:29,"{""short_code"":""4YD9fU"",""original_url"":""https://opswise.net/opal/uplink/1932""}"
1933,1933,23,created,2025-06-19 20:17:38,"{""short_code"":""M4Rdci"",""original_url"":""https://example.com/urban/pioneer/1933""}"
1934,1934,359,created,2025-03-14 05:02:52,"{""short_code"":""atrGXZ"",""original_url"":""https://seeded.app/vivid/uplink/1934""}"
1935,1935,210,created,2026-02-11 19:14:42,"{""short_code"":""cnYr9D"",""original_url"":""https://opswise.net/keen/river/1935""}"
1936,1936,81,created,2025-01-15 13:57:33,"{""short_code"":""EzP4Ay"",""original_url"":""https://hackstack.io/cobalt/signal/1936""}"
1937,1937,235,created,2025-07-11 17:43:44,"{""short_code"":""sxVzpj"",""original_url"":""https://opswise.net/amber/quartz/1937""}"
1938,1938,205,created,2025-03-30 05:59:59,"{""short_code"":""xJFxRW"",""original_url"":""https://example.com/ember/harvest/1938""}"
1939,1939,358,created,2025-05-08 04:44:39,"{""short_code"":""za0Z7x"",""original_url"":""https://opswise.net/navy/harvest/1939""}"
1940,1940,238,created,2025-03-06 21:20:18,"{""short_code"":""9nLWPS"",""original_url"":""https://hackstack.io/mellow/pioneer/1940""}"
1941,1941,309,created,2025-05-27 14:43:13,"{""short_code"":""58v495"",""original_url"":""https://acme.dev/opal/yard/1941""}"
1942,1942,186,created,2025-12-03 18:25:22,"{""short_code"":""79Mvz7"",""original_url"":""https://acme.dev/young/quartz/1942""}"
1943,1943,170,created,2025-06-05 09:26:20,"{""short_code"":""gVNjIv"",""original_url"":""https://hackstack.io/navy/anchor/1943""}"
1944,1944,136,created,2025-12-22 08:00:04,"{""short_code"":""y02PzT"",""original_url"":""https://relay.cloud/silver/river/1944""}"
1945,1945,98,created,2026-01-27 21:41:06,"{""short_code"":""iNXUn7"",""original_url"":""https://acme.dev/urban/river/1945""}"
1946,1946,222,created,2025-07-29 15:50:23,"{""short_code"":""oX4jNM"",""original_url"":""https://seeded.app/opal/canyon/1946""}"
1947,1947,183,created,2025-08-08 06:47:56,"{""short_code"":""ghLRT1"",""original_url"":""https://opswise.net/calm/trail/1947""}"
1948,1948,249,created,2026-02-11 16:07:39,"{""short_code"":""3ekXYZ"",""original_url"":""https://hackstack.io/ember/signal/1948""}"
1949,1949,65,created,2025-06-11 01:33:13,"{""short_code"":""tezlMW"",""original_url"":""https://example.com/lively/engine/1949""}"
1950,1950,395,created,2025-03-10 07:46:38,"{""short_code"":""xAL5ja"",""original_url"":""https://hackstack.io/young/beacon/1950""}"
1951,1951,20,created,2025-12-07 11:48:37,"{""short_code"":""rPFN2z"",""original_url"":""https://example.com/lively/orbit/1951""}"
1952,1952,58,created,2025-04-07 02:57:17,"{""short_code"":""ZYbnWv"",""original_url"":""https://acme.dev/ivory/uplink/1952""}"
1953,1953,280,created,2025-04-09 13:58:45,"{""short_code"":""6fuV1Q"",""original_url"":""https://relay.cloud/rapid/canyon/1953""}"
1954,1954,238,created,2025-06-06 01:28:28,"{""short_code"":""0powrh"",""original_url"":""https://hackstack.io/amber/zenith/1954""}"
1955,1955,20,created,2025-06-09 22:55:04,"{""short_code"":""qVv3Cw"",""original_url"":""https://opswise.net/urban/engine/1955""}"
1956,1956,249,created,2026-02-19 20:25:20,"{""short_code"":""a0pqEA"",""original_url"":""https://acme.dev/forest/lagoon/1956""}"
1957,1957,180,created,2025-09-21 02:42:11,"{""short_code"":""OxoAUj"",""original_url"":""https://example.com/clear/river/1957""}"
1958,1958,347,created,2025-07-29 10:16:30,"{""short_code"":""plbJwp"",""original_url"":""https://example.com/opal/anchor/1958""}"
1959,1959,90,created,2025-03-02 08:29:22,"{""short_code"":""TGh1CM"",""original_url"":""https://relay.cloud/silver/zenith/1959""}"
1960,1960,148,created,2025-07-18 09:59:07,"{""short_code"":""DHRj5r"",""original_url"":""https://opswise.net/tidy/orbit/1960""}"
1961,1961,203,created,2025-03-29 01:50:51,"{""short_code"":""fpYc4p"",""original_url"":""https://example.com/cobalt/delta/1961""}"
1962,1962,148,created,2025-07-05 20:47:14,"{""short_code"":""XBTb0r"",""original_url"":""https://opswise.net/mellow/pioneer/1962""}"
1963,1963,143,created,2025-11-21 05:44:19,"{""short_code"":""KbFAMP"",""original_url"":""https://example.com/keen/engine/1963""}"
1964,1964,44,created,2025-04-29 14:24:27,"{""short_code"":""8Zer9R"",""original_url"":""https://opswise.net/navy/journey/1964""}"
1965,1965,336,created,2025-04-08 11:19:48,"{""short_code"":""WToPBn"",""original_url"":""https://hackstack.io/vivid/engine/1965""}"
1966,1966,321,created,2025-05-10 17:09:41,"{""short_code"":""0OVtk5"",""original_url"":""https://seeded.app/urban/signal/1966""}"
1967,1967,43,created,2025-12-23 14:44:02,"{""short_code"":""0TP0rl"",""original_url"":""https://seeded.app/young/trail/1967""}"
1968,1968,303,created,2025-03-18 13:54:48,"{""short_code"":""b4dDZM"",""original_url"":""https://example.com/rapid/engine/1968""}"
1969,1969,274,created,2025-03-05 21:48:47,"{""short_code"":""rwy0P6"",""original_url"":""https://hackstack.io/vivid/quartz/1969""}"
1970,1970,355,created,2025-04-30 01:13:42,"{""short_code"":""VJunw6"",""original_url"":""https://example.com/young/signal/1970""}"
1971,1971,379,created,2026-01-04 17:00:57,"{""short_code"":""hh0bne"",""original_url"":""https://example.com/calm/kernel/1971""}"
1972,1972,378,created,2025-01-15 01:49:26,"{""short_code"":""1S7hqR"",""original_url"":""https://seeded.app/dawn/meadow/1972""}"
1973,1973,138,created,2025-02-03 20:06:54,"{""short_code"":""sQSEP1"",""original_url"":""https://relay.cloud/lively/yard/1973""}"
1974,1974,60,created,2025-05-24 20:25:07,"{""short_code"":""AU7nwb"",""original_url"":""https://seeded.app/calm/valley/1974""}"
1975,1975,229,created,2025-10-21 01:27:55,"{""short_code"":""6YiUlS"",""original_url"":""https://opswise.net/gold/uplink/1975""}"
1976,1976,37,created,2025-08-13 03:00:56,"{""short_code"":""kz8jnz"",""original_url"":""https://seeded.app/keen/engine/1976""}"
1977,1977,59,created,2025-04-15 11:24:25,"{""short_code"":""YVClmS"",""original_url"":""https://seeded.app/silver/meadow/1977""}"
1978,1978,112,created,2025-01-04 17:30:40,"{""short_code"":""t8sXw3"",""original_url"":""https://acme.dev/keen/river/1978""}"
1979,1979,162,created,2025-08-08 07:39:39,"{""short_code"":""nhMAFs"",""original_url"":""https://relay.cloud/calm/orbit/1979""}"
1980,1980,296,created,2025-10-20 23:20:45,"{""short_code"":""VNhBeB"",""original_url"":""https://relay.cloud/gold/meadow/1980""}"
1981,1981,27,created,2025-09-17 08:37:17,"{""short_code"":""XJjdf7"",""original_url"":""https://seeded.app/silver/window/1981""}"
1982,1982,63,created,2025-11-24 22:41:54,"{""short_code"":""70iR51"",""original_url"":""https://acme.dev/young/uplink/1982""}"
1983,1983,109,created,2025-01-10 13:56:17,"{""short_code"":""2jfXXf"",""original_url"":""https://seeded.app/opal/harvest/1983""}"
1984,1984,400,created,2025-06-13 09:05:56,"{""short_code"":""SwLhR4"",""original_url"":""https://acme.dev/tidy/pioneer/1984""}"
1985,1985,335,created,2025-08-28 21:06:28,"{""short_code"":""YcVUsd"",""original_url"":""https://opswise.net/tidy/trail/1985""}"
1986,1986,293,created,2025-05-31 05:52:16,"{""short_code"":""izyiFQ"",""original_url"":""https://opswise.net/opal/valley/1986""}"
1987,1987,262,created,2025-05-09 00:54:48,"{""short_code"":""anSFUB"",""original_url"":""https://acme.dev/amber/beacon/1987""}"
1988,1988,359,created,2025-11-06 18:29:39,"{""short_code"":""VOcMYN"",""original_url"":""https://opswise.net/clear/harvest/1988""}"
1989,1989,157,created,2025-11-21 15:43:10,"{""short_code"":""rsMLgM"",""original_url"":""https://example.com/ember/yard/1989""}"
1990,1990,399,created,2025-12-20 12:38:03,"{""short_code"":""3YOw9X"",""original_url"":""https://hackstack.io/silver/beacon/1990""}"
1991,1991,274,created,2025-12-04 04:32:32,"{""short_code"":""7UbLCn"",""original_url"":""https://relay.cloud/young/delta/1991""}"
1992,1992,145,created,2026-01-24 18:27:31,"{""short_code"":""7my2X2"",""original_url"":""https://relay.cloud/harbor/trail/1992""}"
1993,1993,286,created,2025-10-23 14:18:42,"{""short_code"":""yRhUdm"",""original_url"":""https://hackstack.io/young/harvest/1993""}"
1994,1994,357,created,2026-01-20 09:14:33,"{""short_code"":""YidegA"",""original_url"":""https://opswise.net/warm/harvest/1994""}"
1995,1995,113,created,2025-11-25 10:03:32,"{""short_code"":""ek2nAi"",""original_url"":""https://example.com/young/harvest/1995""}"
1996,1996,78,created,2025-12-14 14:50:22,"{""short_code"":""Kfslar"",""original_url"":""https://opswise.net/cobalt/harvest/1996""}"
1997,1997,397,created,2025-04-06 17:45:35,"{""short_code"":""SWrQFn"",""original_url"":""https://seeded.app/dawn/engine/1997""}"
1998,1998,204,created,2025-03-07 20:49:45,"{""short_code"":""navmRk"",""original_url"":""https://seeded.app/gold/island/1998""}"
1999,1999,105,created,2025-01-10 15:30:42,"{""short_code"":""fmxfII"",""original_url"":""https://relay.cloud/calm/orbit/1999""}"
2000,2000,365,created,2025-07-06 13:17:52,"{""short_code"":""VcEgkK"",""original_url"":""https://opswise.net/navy/trail/2000""}"
2001,1,1,updated,2025-11-05 14:47:31,"{""field"":""title"",""source"":""seed_update""}"
2002,38,398,updated,2025-10-30 12:09:00,"{""field"":""is_active"",""source"":""seed_update""}"
2003,75,258,updated,2026-02-18 05:42:27,"{""field"":""title"",""source"":""seed_update""}"
2004,112,9,updated,2025-07-15 16:06:10,"{""field"":""is_active"",""source"":""seed_update""}"
2005,149,292,updated,2026-01-23 03:17:01,"{""field"":""title"",""source"":""seed_update""}"
2006,186,27,updated,2025-12-22 20:38:20,"{""field"":""is_active"",""source"":""seed_update""}"
2007,223,211,updated,2026-02-25 07:52:16,"{""field"":""title"",""source"":""seed_update""}"
2008,260,62,updated,2025-12-18 15:43:51,"{""field"":""is_active"",""source"":""seed_update""}"
2009,297,129,updated,2025-12-13 07:41:44,"{""field"":""title"",""source"":""seed_update""}"
2010,334,210,updated,2025-12-29 23:46:03,"{""field"":""is_active"",""source"":""seed_update""}"
2011,371,332,updated,2025-09-29 11:35:53,"{""field"":""title"",""source"":""seed_update""}"
2012,408,13,updated,2026-02-14 09:51:43,"{""field"":""is_active"",""source"":""seed_update""}"
2013,445,300,updated,2025-09-26 04:40:17,"{""field"":""title"",""source"":""seed_update""}"
2014,482,200,updated,2025-12-07 00:39:37,"{""field"":""is_active"",""source"":""seed_update""}"
2015,519,91,updated,2026-02-20 00:51:45,"{""field"":""title"",""source"":""seed_update""}"
2016,556,176,updated,2025-10-29 21:11:29,"{""field"":""is_active"",""source"":""seed_update""}"
2017,593,205,updated,2026-01-24 20:37:42,"{""field"":""title"",""source"":""seed_update""}"
2018,630,243,updated,2025-08-20 06:27:35,"{""field"":""is_active"",""source"":""seed_update""}"
2019,667,379,updated,2026-02-24 00:16:23,"{""field"":""title"",""source"":""seed_update""}"
2020,704,135,updated,2025-12-02 16:52:20,"{""field"":""is_active"",""source"":""seed_update""}"
2021,741,384,updated,2025-11-27 16:31:30,"{""field"":""title"",""source"":""seed_update""}"
2022,778,122,updated,2025-11-26 01:34:17,"{""field"":""is_active"",""source"":""seed_update""}"
2023,815,127,updated,2025-12-11 14:34:16,"{""field"":""title"",""source"":""seed_update""}"
2024,852,121,updated,2025-09-06 07:01:54,"{""field"":""is_active"",""source"":""seed_update""}"
2025,889,75,updated,2025-08-22 18:56:08,"{""field"":""title"",""source"":""seed_update""}"
2026,926,94,updated,2025-07-14 20:12:43,"{""field"":""is_active"",""source"":""seed_update""}"
2027,963,366,updated,2026-02-23 15:14:07,"{""field"":""title"",""source"":""seed_update""}"
2028,1000,333,updated,2026-01-24 08:37:21,"{""field"":""is_active"",""source"":""seed_update""}"
2029,1037,32,updated,2025-05-25 18:12:24,"{""field"":""title"",""source"":""seed_update""}"
2030,1074,107,updated,2026-02-22 12:48:49,"{""field"":""is_active"",""source"":""seed_update""}"
2031,1111,124,updated,2026-02-18 14:59:36,"{""field"":""title"",""source"":""seed_update""}"
2032,1148,153,updated,2025-11-16 06:11:25,"{""field"":""is_active"",""source"":""seed_update""}"
2033,1185,324,updated,2026-02-28 21:20:55,"{""field"":""title"",""source"":""seed_update""}"
2034,1222,321,updated,2025-11-30 08:23:52,"{""field"":""is_active"",""source"":""seed_update""}"
2035,1259,224,updated,2026-02-28 15:11:37,"{""field"":""title"",""source"":""seed_update""}"
2036,1296,344,updated,2025-06-24 19:04:57,"{""field"":""is_active"",""source"":""seed_update""}"
2037,1333,10,updated,2026-02-23 10:28:10,"{""field"":""title"",""source"":""seed_update""}"
2038,1370,1,updated,2026-02-26 23:37:32,"{""field"":""is_active"",""source"":""seed_update""}"
2039,1407,357,updated,2025-10-07 21:12:22,"{""field"":""title"",""source"":""seed_update""}"
2040,1444,293,updated,2025-10-12 04:13:47,"{""field"":""is_active"",""source"":""seed_update""}"
2041,1481,284,updated,2025-10-02 07:07:49,"{""field"":""title"",""source"":""seed_update""}"
2042,1518,356,updated,2025-12-21 15:28:22,"{""field"":""is_active"",""source"":""seed_update""}"
2043,1555,186,updated,2025-07-03 18:13:22,"{""field"":""title"",""source"":""seed_update""}"
2044,1592,195,updated,2025-11-06 14:00:37,"{""field"":""is_active"",""source"":""seed_update""}"
2045,1629,123,updated,2025-12-02 12:16:26,"{""field"":""title"",""source"":""seed_update""}"
2046,1666,89,updated,2026-02-28 11:49:54,"{""field"":""is_active"",""source"":""seed_update""}"
2047,1703,5,updated,2026-02-25 09:59:47,"{""field"":""title"",""source"":""seed_update""}"
2048,1740,92,updated,2026-01-23 12:22:24,"{""field"":""is_active"",""source"":""seed_update""}"
2049,1777,390,updated,2026-02-20 10:53:29,"{""field"":""title"",""source"":""seed_update""}"
2050,1814,191,updated,2025-12-06 20:27:56,"{""field"":""is_active"",""source"":""seed_update""}"
2051,1851,301,updated,2026-01-05 21:45:39,"{""field"":""title"",""source"":""seed_update""}"
2052,1888,141,updated,2025-12-21 20:18:02,"{""field"":""is_active"",""source"":""seed_update""}"
2053,1925,277,updated,2025-07-04 19:39:23,"{""field"":""title"",""source"":""seed_update""}"
2054,1962,148,updated,2025-09-06 11:18:27,"{""field"":""is_active"",""source"":""seed_update""}"
2055,1999,105,updated,2025-03-15 21:04:38,"{""field"":""title"",""source"":""seed_update""}"
2056,36,101,updated,2025-11-14 20:00:55,"{""field"":""is_active"",""source"":""seed_update""}"
2057,73,337,updated,2026-01-22 08:39:05,"{""field"":""title"",""source"":""seed_update""}"
2058,110,347,updated,2026-02-19 04:58:54,"{""field"":""is_active"",""source"":""seed_update""}"
2059,147,345,updated,2026-02-05 21:39:38,"{""field"":""title"",""source"":""seed_update""}"
2060,184,383,updated,2025-08-01 03:19:18,"{""field"":""is_active"",""source"":""seed_update""}"
2061,221,99,updated,2025-11-26 22:09:42,"{""field"":""title"",""source"":""seed_update""}"
2062,258,155,updated,2025-10-02 22:58:34,"{""field"":""is_active"",""source"":""seed_update""}"
2063,295,384,updated,2025-10-31 12:50:03,"{""field"":""title"",""source"":""seed_update""}"
2064,332,367,updated,2025-10-20 20:48:12,"{""field"":""is_active"",""source"":""seed_update""}"
2065,369,153,updated,2026-02-04 13:12:49,"{""field"":""title"",""source"":""seed_update""}"
2066,406,179,updated,2025-12-01 21:50:30,"{""field"":""is_active"",""source"":""seed_update""}"
2067,443,68,updated,2026-01-17 01:25:17,"{""field"":""title"",""source"":""seed_update""}"
2068,480,249,updated,2025-04-03 22:52:10,"{""field"":""is_active"",""source"":""seed_update""}"
2069,517,298,updated,2026-01-11 13:59:46,"{""field"":""title"",""source"":""seed_update""}"
2070,554,185,updated,2025-11-12 18:43:57,"{""field"":""is_active"",""source"":""seed_update""}"
2071,591,127,updated,2026-02-16 10:25:14,"{""field"":""title"",""source"":""seed_update""}"
2072,628,31,updated,2025-11-25 01:36:32,"{""field"":""is_active"",""source"":""seed_update""}"
2073,665,81,updated,2025-08-21 17:53:40,"{""field"":""title"",""source"":""seed_update""}"
2074,702,177,updated,2025-03-29 10:57:35,"{""field"":""is_active"",""source"":""seed_update""}"
2075,739,304,updated,2025-06-20 17:27:45,"{""field"":""title"",""source"":""seed_update""}"
2076,776,26,updated,2026-02-22 11:19:22,"{""field"":""is_active"",""source"":""seed_update""}"
2077,813,37,updated,2026-02-18 12:24:59,"{""field"":""title"",""source"":""seed_update""}"
2078,850,374,updated,2025-10-05 23:37:13,"{""field"":""is_active"",""source"":""seed_update""}"
2079,887,331,updated,2025-12-14 10:47:32,"{""field"":""title"",""source"":""seed_update""}"
2080,924,327,updated,2025-12-22 21:52:44,"{""field"":""is_active"",""source"":""seed_update""}"
2081,961,86,updated,2026-01-29 14:50:41,"{""field"":""title"",""source"":""seed_update""}"
2082,998,321,updated,2025-07-23 16:13:27,"{""field"":""is_active"",""source"":""seed_update""}"
2083,1035,174,updated,2025-07-25 17:32:06,"{""field"":""title"",""source"":""seed_update""}"
2084,1072,7,updated,2025-11-14 23:41:32,"{""field"":""is_active"",""source"":""seed_update""}"
2085,1109,10,updated,2026-01-02 05:17:13,"{""field"":""title"",""source"":""seed_update""}"
2086,1146,310,updated,2026-02-02 05:58:32,"{""field"":""is_active"",""source"":""seed_update""}"
2087,1183,66,updated,2026-01-26 16:01:46,"{""field"":""title"",""source"":""seed_update""}"
2088,1220,364,updated,2025-04-11 19:49:20,"{""field"":""is_active"",""source"":""seed_update""}"
2089,1257,106,updated,2025-03-16 09:18:00,"{""field"":""title"",""source"":""seed_update""}"
2090,1294,28,updated,2026-02-01 04:33:08,"{""field"":""is_active"",""source"":""seed_update""}"
2091,1331,97,updated,2025-11-14 02:37:11,"{""field"":""title"",""source"":""seed_update""}"
2092,1368,241,updated,2025-11-14 16:02:52,"{""field"":""is_active"",""source"":""seed_update""}"
2093,1405,385,updated,2026-01-03 18:01:30,"{""field"":""title"",""source"":""seed_update""}"
2094,1442,78,updated,2025-09-24 20:54:52,"{""field"":""is_active"",""source"":""seed_update""}"
2095,1479,314,updated,2025-12-28 19:37:19,"{""field"":""title"",""source"":""seed_update""}"
2096,1516,296,updated,2026-01-28 06:07:16,"{""field"":""is_active"",""source"":""seed_update""}"
2097,1553,193,updated,2026-01-10 13:54:40,"{""field"":""title"",""source"":""seed_update""}"
2098,1590,338,updated,2026-02-12 18:15:31,"{""field"":""is_active"",""source"":""seed_update""}"
2099,1627,309,updated,2025-12-15 04:34:59,"{""field"":""title"",""source"":""seed_update""}"
2100,1664,292,updated,2025-10-03 02:12:53,"{""field"":""is_active"",""source"":""seed_update""}"
2101,1701,376,updated,2026-01-22 01:17:16,"{""field"":""title"",""source"":""seed_update""}"
2102,1738,286,updated,2025-10-17 08:49:26,"{""field"":""is_active"",""source"":""seed_update""}"
2103,1775,68,updated,2025-12-06 21:13:04,"{""field"":""title"",""source"":""seed_update""}"
2104,1812,88,updated,2026-02-24 23:44:04,"{""field"":""is_active"",""source"":""seed_update""}"
2105,1849,287,updated,2025-10-15 21:07:49,"{""field"":""title"",""source"":""seed_update""}"
2106,1886,353,updated,2025-11-04 01:15:33,"{""field"":""is_active"",""source"":""seed_update""}"
2107,1923,325,updated,2026-02-13 10:57:23,"{""field"":""title"",""source"":""seed_update""}"
2108,1960,148,updated,2025-12-07 18:19:41,"{""field"":""is_active"",""source"":""seed_update""}"
2109,1997,397,updated,2025-08-07 19:21:12,"{""field"":""title"",""source"":""seed_update""}"
2110,34,320,updated,2025-09-24 00:25:53,"{""field"":""is_active"",""source"":""seed_update""}"
2111,71,76,updated,2025-08-29 16:53:04,"{""field"":""title"",""source"":""seed_update""}"
2112,108,157,updated,2025-11-18 21:08:36,"{""field"":""is_active"",""source"":""seed_update""}"
2113,145,62,updated,2025-09-13 10:06:25,"{""field"":""title"",""source"":""seed_update""}"
2114,182,321,updated,2025-08-31 09:30:04,"{""field"":""is_active"",""source"":""seed_update""}"
2115,219,153,updated,2026-01-28 05:01:28,"{""field"":""title"",""source"":""seed_update""}"
2116,256,138,updated,2025-11-15 12:09:31,"{""field"":""is_active"",""source"":""seed_update""}"
2117,293,225,updated,2025-08-13 04:44:11,"{""field"":""title"",""source"":""seed_update""}"
2118,330,199,updated,2025-12-27 00:54:09,"{""field"":""is_active"",""source"":""seed_update""}"
2119,367,244,updated,2026-01-25 10:28:02,"{""field"":""title"",""source"":""seed_update""}"
2120,404,262,updated,2026-02-14 12:42:09,"{""field"":""is_active"",""source"":""seed_update""}"
2121,441,12,updated,2025-12-22 09:28:39,"{""field"":""title"",""source"":""seed_update""}"
2122,478,292,updated,2025-11-03 22:56:14,"{""field"":""is_active"",""source"":""seed_update""}"
2123,515,315,updated,2025-06-09 01:43:01,"{""field"":""title"",""source"":""seed_update""}"
2124,552,344,updated,2026-01-10 08:37:00,"{""field"":""is_active"",""source"":""seed_update""}"
2125,589,287,updated,2025-10-05 17:44:28,"{""field"":""title"",""source"":""seed_update""}"
2126,626,387,updated,2026-01-22 14:54:27,"{""field"":""is_active"",""source"":""seed_update""}"
2127,663,172,updated,2025-10-15 04:41:51,"{""field"":""title"",""source"":""seed_update""}"
2128,700,295,updated,2025-10-29 17:27:39,"{""field"":""is_active"",""source"":""seed_update""}"
2129,737,342,updated,2025-12-07 19:02:18,"{""field"":""title"",""source"":""seed_update""}"
2130,774,331,updated,2026-02-27 09:02:39,"{""field"":""is_active"",""source"":""seed_update""}"
2131,811,66,updated,2025-11-22 11:46:14,"{""field"":""title"",""source"":""seed_update""}"
2132,848,357,updated,2025-07-14 00:45:29,"{""field"":""is_active"",""source"":""seed_update""}"
2133,885,112,updated,2025-12-16 16:29:09,"{""field"":""title"",""source"":""seed_update""}"
2134,922,176,updated,2025-10-14 11:41:01,"{""field"":""is_active"",""source"":""seed_update""}"
2135,959,1,updated,2026-02-13 10:28:46,"{""field"":""title"",""source"":""seed_update""}"
2136,996,88,updated,2026-01-12 03:00:09,"{""field"":""is_active"",""source"":""seed_update""}"
2137,1033,333,updated,2025-12-10 04:24:34,"{""field"":""title"",""source"":""seed_update""}"
2138,1070,33,updated,2025-12-15 21:28:41,"{""field"":""is_active"",""source"":""seed_update""}"
2139,1107,176,updated,2026-02-22 14:07:46,"{""field"":""title"",""source"":""seed_update""}"
2140,1144,153,updated,2025-11-29 17:13:46,"{""field"":""is_active"",""source"":""seed_update""}"
2141,1181,194,updated,2025-11-27 05:02:28,"{""field"":""title"",""source"":""seed_update""}"
2142,1218,87,updated,2025-12-07 15:49:08,"{""field"":""is_active"",""source"":""seed_update""}"
2143,1255,122,updated,2026-02-18 20:30:27,"{""field"":""title"",""source"":""seed_update""}"
2144,1292,35,updated,2025-03-07 06:47:16,"{""field"":""is_active"",""source"":""seed_update""}"
2145,1329,197,updated,2025-08-07 03:29:35,"{""field"":""title"",""source"":""seed_update""}"
2146,1366,11,updated,2025-07-03 17:46:44,"{""field"":""is_active"",""source"":""seed_update""}"
2147,1403,123,updated,2025-02-24 20:11:41,"{""field"":""title"",""source"":""seed_update""}"
2148,1440,87,updated,2026-01-22 12:15:16,"{""field"":""is_active"",""source"":""seed_update""}"
2149,1477,310,updated,2025-02-21 17:17:55,"{""field"":""title"",""source"":""seed_update""}"
2150,1514,276,updated,2025-11-04 00:26:23,"{""field"":""is_active"",""source"":""seed_update""}"
2151,1551,173,updated,2026-02-20 23:39:06,"{""field"":""title"",""source"":""seed_update""}"
2152,1588,71,updated,2026-02-16 13:32:02,"{""field"":""is_active"",""source"":""seed_update""}"
2153,1625,193,updated,2025-12-02 21:24:10,"{""field"":""title"",""source"":""seed_update""}"
2154,1662,84,updated,2025-06-10 02:59:30,"{""field"":""is_active"",""source"":""seed_update""}"
2155,1699,318,updated,2026-01-11 04:13:02,"{""field"":""title"",""source"":""seed_update""}"
2156,1736,294,updated,2025-11-23 23:34:37,"{""field"":""is_active"",""source"":""seed_update""}"
2157,1773,17,updated,2025-12-12 20:58:12,"{""field"":""title"",""source"":""seed_update""}"
2158,1810,138,updated,2025-12-07 21:15:28,"{""field"":""is_active"",""source"":""seed_update""}"
2159,1847,148,updated,2026-02-16 21:49:41,"{""field"":""title"",""source"":""seed_update""}"
2160,1884,138,updated,2026-02-19 19:59:44,"{""field"":""is_active"",""source"":""seed_update""}"
2161,1921,53,updated,2025-05-31 02:02:05,"{""field"":""title"",""source"":""seed_update""}"
2162,1958,347,updated,2025-10-15 01:57:48,"{""field"":""is_active"",""source"":""seed_update""}"
2163,1995,113,updated,2026-02-24 10:43:37,"{""field"":""title"",""source"":""seed_update""}"
2164,32,258,updated,2025-10-22 18:05:52,"{""field"":""is_active"",""source"":""seed_update""}"
2165,69,394,updated,2026-01-04 23:17:54,"{""field"":""title"",""source"":""seed_update""}"
2166,106,27,updated,2025-09-30 19:00:37,"{""field"":""is_active"",""source"":""seed_update""}"
2167,143,390,updated,2026-02-10 06:52:47,"{""field"":""title"",""source"":""seed_update""}"
2168,180,274,updated,2026-01-25 04:44:14,"{""field"":""is_active"",""source"":""seed_update""}"
2169,217,98,updated,2025-09-20 09:22:53,"{""field"":""title"",""source"":""seed_update""}"
2170,254,160,updated,2025-06-11 23:09:44,"{""field"":""is_active"",""source"":""seed_update""}"
2171,291,293,updated,2025-12-22 03:18:26,"{""field"":""title"",""source"":""seed_update""}"
2172,328,2,updated,2025-12-13 11:21:10,"{""field"":""is_active"",""source"":""seed_update""}"
2173,365,201,updated,2026-02-10 02:09:35,"{""field"":""title"",""source"":""seed_update""}"
2174,402,350,updated,2025-12-18 11:01:31,"{""field"":""is_active"",""source"":""seed_update""}"
2175,439,197,updated,2026-01-21 13:06:25,"{""field"":""title"",""source"":""seed_update""}"
2176,476,278,updated,2025-11-23 20:56:17,"{""field"":""is_active"",""source"":""seed_update""}"
2177,513,240,updated,2026-02-23 05:41:32,"{""field"":""title"",""source"":""seed_update""}"
2178,550,231,updated,2025-03-26 20:32:01,"{""field"":""is_active"",""source"":""seed_update""}"
2179,587,125,updated,2026-02-02 14:14:07,"{""field"":""title"",""source"":""seed_update""}"
2180,624,105,updated,2026-02-10 19:26:03,"{""field"":""is_active"",""source"":""seed_update""}"
2181,661,118,updated,2025-06-26 21:23:04,"{""field"":""title"",""source"":""seed_update""}"
2182,698,219,updated,2026-02-27 04:13:15,"{""field"":""is_active"",""source"":""seed_update""}"
2183,735,164,updated,2026-01-19 09:29:20,"{""field"":""title"",""source"":""seed_update""}"
2184,772,386,updated,2026-02-17 21:19:20,"{""field"":""is_active"",""source"":""seed_update""}"
2185,809,211,updated,2025-09-02 22:04:27,"{""field"":""title"",""source"":""seed_update""}"
2186,846,138,updated,2025-11-16 02:42:25,"{""field"":""is_active"",""source"":""seed_update""}"
2187,883,169,updated,2025-12-02 04:40:33,"{""field"":""title"",""source"":""seed_update""}"
2188,920,235,updated,2025-12-15 05:04:59,"{""field"":""is_active"",""source"":""seed_update""}"
2189,957,40,updated,2025-10-15 19:27:29,"{""field"":""title"",""source"":""seed_update""}"
2190,994,101,updated,2026-02-12 00:24:35,"{""field"":""is_active"",""source"":""seed_update""}"
2191,1031,187,updated,2025-10-15 20:39:07,"{""field"":""title"",""source"":""seed_update""}"
2192,1068,100,updated,2026-02-24 01:35:39,"{""field"":""is_active"",""source"":""seed_update""}"
2193,1105,194,updated,2025-12-05 01:55:34,"{""field"":""title"",""source"":""seed_update""}"
2194,1142,50,updated,2026-01-09 14:39:50,"{""field"":""is_active"",""source"":""seed_update""}"
2195,1179,175,updated,2026-01-15 04:28:14,"{""field"":""title"",""source"":""seed_update""}"
2196,1216,372,updated,2026-02-09 06:04:04,"{""field"":""is_active"",""source"":""seed_update""}"
2197,1253,4,updated,2025-12-31 08:03:31,"{""field"":""title"",""source"":""seed_update""}"
2198,1290,175,updated,2025-10-18 05:03:59,"{""field"":""is_active"",""source"":""seed_update""}"
2199,1327,238,updated,2025-12-18 12:47:17,"{""field"":""title"",""source"":""seed_update""}"
2200,1364,197,updated,2025-10-08 16:50:29,"{""field"":""is_active"",""source"":""seed_update""}"
2201,1401,246,updated,2025-03-25 17:45:24,"{""field"":""title"",""source"":""seed_update""}"
2202,1438,141,updated,2026-01-17 12:52:35,"{""field"":""is_active"",""source"":""seed_update""}"
2203,1475,243,updated,2025-11-02 23:30:02,"{""field"":""title"",""source"":""seed_update""}"
2204,1512,188,updated,2025-10-05 13:47:23,"{""field"":""is_active"",""source"":""seed_update""}"
2205,1549,364,updated,2026-01-25 19:31:20,"{""field"":""title"",""source"":""seed_update""}"
2206,1586,49,updated,2026-01-04 10:29:25,"{""field"":""is_active"",""source"":""seed_update""}"
2207,1623,51,updated,2026-01-06 16:37:59,"{""field"":""title"",""source"":""seed_update""}"
2208,1660,3,updated,2026-02-17 12:51:04,"{""field"":""is_active"",""source"":""seed_update""}"
2209,1697,168,updated,2026-01-12 19:00:41,"{""field"":""title"",""source"":""seed_update""}"
2210,1734,382,updated,2026-01-25 15:52:43,"{""field"":""is_active"",""source"":""seed_update""}"
2211,1771,204,updated,2025-07-11 07:40:09,"{""field"":""title"",""source"":""seed_update""}"
2212,1808,17,updated,2026-02-11 15:51:29,"{""field"":""is_active"",""source"":""seed_update""}"
2213,1845,301,updated,2025-10-08 23:43:05,"{""field"":""title"",""source"":""seed_update""}"
2214,1882,198,updated,2026-01-29 17:17:24,"{""field"":""is_active"",""source"":""seed_update""}"
2215,1919,269,updated,2025-10-11 14:52:04,"{""field"":""title"",""source"":""seed_update""}"
2216,1956,249,updated,2026-02-24 12:39:19,"{""field"":""is_active"",""source"":""seed_update""}"
2217,1993,286,updated,2026-02-24 06:55:53,"{""field"":""title"",""source"":""seed_update""}"
2218,30,42,updated,2025-09-24 09:20:18,"{""field"":""is_active"",""source"":""seed_update""}"
2219,67,385,updated,2025-07-10 15:07:54,"{""field"":""title"",""source"":""seed_update""}"
2220,104,158,updated,2025-12-16 17:57:04,"{""field"":""is_active"",""source"":""seed_update""}"
2221,141,140,updated,2025-04-30 13:03:33,"{""field"":""title"",""source"":""seed_update""}"
2222,178,46,updated,2025-05-20 16:33:23,"{""field"":""is_active"",""source"":""seed_update""}"
2223,215,117,updated,2025-09-01 13:03:44,"{""field"":""title"",""source"":""seed_update""}"
2224,252,126,updated,2026-01-28 06:36:39,"{""field"":""is_active"",""source"":""seed_update""}"
2225,289,394,updated,2026-01-09 17:02:18,"{""field"":""title"",""source"":""seed_update""}"
2226,326,230,updated,2026-01-05 11:57:58,"{""field"":""is_active"",""source"":""seed_update""}"
2227,363,308,updated,2025-12-18 00:47:20,"{""field"":""title"",""source"":""seed_update""}"
2228,400,392,updated,2026-02-23 09:51:38,"{""field"":""is_active"",""source"":""seed_update""}"
2229,437,97,updated,2025-07-19 20:38:13,"{""field"":""title"",""source"":""seed_update""}"
2230,474,93,updated,2025-09-27 09:46:20,"{""field"":""is_active"",""source"":""seed_update""}"
2231,511,185,updated,2025-11-12 03:10:48,"{""field"":""title"",""source"":""seed_update""}"
2232,548,1,updated,2025-06-19 17:50:25,"{""field"":""is_active"",""source"":""seed_update""}"
2233,585,36,updated,2026-02-10 11:30:16,"{""field"":""title"",""source"":""seed_update""}"
2234,622,372,updated,2025-08-03 20:48:11,"{""field"":""is_active"",""source"":""seed_update""}"
2235,659,346,updated,2025-12-08 00:52:35,"{""field"":""title"",""source"":""seed_update""}"
2236,696,165,updated,2025-10-08 06:20:41,"{""field"":""is_active"",""source"":""seed_update""}"
2237,733,366,updated,2026-02-24 18:33:42,"{""field"":""title"",""source"":""seed_update""}"
2238,770,57,updated,2026-02-18 20:58:55,"{""field"":""is_active"",""source"":""seed_update""}"
2239,807,302,updated,2025-06-04 05:03:52,"{""field"":""title"",""source"":""seed_update""}"
2240,844,71,updated,2026-02-11 05:03:16,"{""field"":""is_active"",""source"":""seed_update""}"
2241,881,333,updated,2025-12-10 03:07:18,"{""field"":""title"",""source"":""seed_update""}"
2242,918,118,updated,2025-12-29 02:13:07,"{""field"":""is_active"",""source"":""seed_update""}"
2243,955,374,updated,2026-02-18 16:35:59,"{""field"":""title"",""source"":""seed_update""}"
2244,992,331,updated,2025-05-05 14:03:10,"{""field"":""is_active"",""source"":""seed_update""}"
2245,1029,39,updated,2026-02-24 19:07:06,"{""field"":""title"",""source"":""seed_update""}"
2246,1066,325,updated,2026-01-07 02:25:45,"{""field"":""is_active"",""source"":""seed_update""}"
2247,1103,273,updated,2026-02-15 09:14:35,"{""field"":""title"",""source"":""seed_update""}"
2248,1140,250,updated,2025-11-12 00:06:30,"{""field"":""is_active"",""source"":""seed_update""}"
2249,1177,389,updated,2025-11-16 19:47:01,"{""field"":""title"",""source"":""seed_update""}"
2250,1214,138,updated,2025-11-03 07:37:36,"{""field"":""is_active"",""source"":""seed_update""}"
2251,1251,369,updated,2025-10-29 20:35:12,"{""field"":""title"",""source"":""seed_update""}"
2252,1288,198,updated,2025-10-11 08:40:35,"{""field"":""is_active"",""source"":""seed_update""}"
2253,1325,46,updated,2025-05-11 23:32:20,"{""field"":""title"",""source"":""seed_update""}"
2254,1362,31,updated,2026-01-24 20:50:44,"{""field"":""is_active"",""source"":""seed_update""}"
2255,1399,296,updated,2026-02-15 04:56:41,"{""field"":""title"",""source"":""seed_update""}"
2256,1436,140,updated,2025-09-21 23:20:51,"{""field"":""is_active"",""source"":""seed_update""}"
2257,1473,285,updated,2026-01-05 05:53:57,"{""field"":""title"",""source"":""seed_update""}"
2258,1510,115,updated,2026-02-04 13:43:37,"{""field"":""is_active"",""source"":""seed_update""}"
2259,1547,62,updated,2025-12-30 17:07:27,"{""field"":""title"",""source"":""seed_update""}"
2260,1584,6,updated,2026-01-21 19:06:26,"{""field"":""is_active"",""source"":""seed_update""}"
2261,1621,97,updated,2026-02-01 10:45:10,"{""field"":""title"",""source"":""seed_update""}"
2262,1658,238,updated,2025-09-16 16:23:12,"{""field"":""is_active"",""source"":""seed_update""}"
2263,1695,4,updated,2025-07-12 04:32:40,"{""field"":""title"",""source"":""seed_update""}"
2264,1732,153,updated,2025-10-03 23:03:28,"{""field"":""is_active"",""source"":""seed_update""}"
2265,1769,336,updated,2025-04-12 18:06:47,"{""field"":""title"",""source"":""seed_update""}"
2266,1806,4,updated,2025-04-23 16:27:22,"{""field"":""is_active"",""source"":""seed_update""}"
2267,1843,301,updated,2026-02-22 06:04:22,"{""field"":""title"",""source"":""seed_update""}"
2268,1880,44,updated,2025-11-24 12:39:56,"{""field"":""is_active"",""source"":""seed_update""}"
2269,1917,65,updated,2026-01-22 17:56:17,"{""field"":""title"",""source"":""seed_update""}"
2270,1954,238,updated,2025-07-04 10:05:20,"{""field"":""is_active"",""source"":""seed_update""}"
2271,1991,274,updated,2025-12-22 01:05:09,"{""field"":""title"",""source"":""seed_update""}"
2272,28,71,updated,2025-07-16 20:23:33,"{""field"":""is_active"",""source"":""seed_update""}"
2273,65,382,updated,2025-07-04 17:12:55,"{""field"":""title"",""source"":""seed_update""}"
2274,102,253,updated,2026-02-02 08:32:37,"{""field"":""is_active"",""source"":""seed_update""}"
2275,139,269,updated,2026-01-29 00:43:20,"{""field"":""title"",""source"":""seed_update""}"
2276,176,156,updated,2025-07-07 17:59:43,"{""field"":""is_active"",""source"":""seed_update""}"
2277,213,127,updated,2026-02-22 20:50:09,"{""field"":""title"",""source"":""seed_update""}"
2278,250,234,updated,2026-02-02 22:27:50,"{""field"":""is_active"",""source"":""seed_update""}"
2279,287,48,updated,2026-02-21 02:53:40,"{""field"":""title"",""source"":""seed_update""}"
2280,324,28,updated,2026-02-26 21:59:00,"{""field"":""is_active"",""source"":""seed_update""}"
2281,361,105,updated,2025-01-07 02:42:38,"{""field"":""title"",""source"":""seed_update""}"
2282,398,77,updated,2026-02-06 06:48:28,"{""field"":""is_active"",""source"":""seed_update""}"
2283,435,249,updated,2026-02-01 10:12:36,"{""field"":""title"",""source"":""seed_update""}"
2284,472,294,updated,2026-01-04 11:26:46,"{""field"":""is_active"",""source"":""seed_update""}"
2285,509,339,updated,2026-02-19 11:07:58,"{""field"":""title"",""source"":""seed_update""}"
2286,546,245,updated,2026-02-17 07:28:02,"{""field"":""is_active"",""source"":""seed_update""}"
2287,583,22,updated,2026-01-15 14:47:55,"{""field"":""title"",""source"":""seed_update""}"
2288,620,161,updated,2026-01-18 04:07:54,"{""field"":""is_active"",""source"":""seed_update""}"
2289,657,34,updated,2026-01-12 14:26:11,"{""field"":""title"",""source"":""seed_update""}"
2290,694,361,updated,2025-04-15 21:39:14,"{""field"":""is_active"",""source"":""seed_update""}"
2291,731,106,updated,2026-01-13 08:35:43,"{""field"":""title"",""source"":""seed_update""}"
2292,768,231,updated,2026-01-13 20:02:53,"{""field"":""is_active"",""source"":""seed_update""}"
2293,805,310,updated,2026-01-17 15:35:00,"{""field"":""title"",""source"":""seed_update""}"
2294,842,246,updated,2025-11-14 05:23:43,"{""field"":""is_active"",""source"":""seed_update""}"
2295,879,93,updated,2025-05-14 00:46:36,"{""field"":""title"",""source"":""seed_update""}"
2296,916,298,updated,2025-07-27 22:54:16,"{""field"":""is_active"",""source"":""seed_update""}"
2297,953,131,updated,2025-09-27 00:18:26,"{""field"":""title"",""source"":""seed_update""}"
2298,990,198,updated,2026-01-20 17:14:00,"{""field"":""is_active"",""source"":""seed_update""}"
2299,1027,89,updated,2025-11-07 00:38:33,"{""field"":""title"",""source"":""seed_update""}"
2300,1064,240,updated,2025-06-09 22:17:02,"{""field"":""is_active"",""source"":""seed_update""}"
2301,1101,257,updated,2025-07-01 01:34:54,"{""field"":""title"",""source"":""seed_update""}"
2302,1138,399,updated,2025-07-02 02:21:46,"{""field"":""is_active"",""source"":""seed_update""}"
2303,1175,118,updated,2026-02-20 19:38:45,"{""field"":""title"",""source"":""seed_update""}"
2304,1212,188,updated,2025-06-21 14:20:55,"{""field"":""is_active"",""source"":""seed_update""}"
2305,1249,209,updated,2026-01-24 14:26:43,"{""field"":""title"",""source"":""seed_update""}"
2306,1286,356,updated,2025-07-18 08:21:16,"{""field"":""is_active"",""source"":""seed_update""}"
2307,1323,24,updated,2025-04-08 21:47:00,"{""field"":""title"",""source"":""seed_update""}"
2308,1360,88,updated,2025-10-11 04:59:40,"{""field"":""is_active"",""source"":""seed_update""}"
2309,1397,115,updated,2025-09-21 07:46:02,"{""field"":""title"",""source"":""seed_update""}"
2310,1434,9,updated,2025-11-04 17:27:51,"{""field"":""is_active"",""source"":""seed_update""}"
2311,1471,70,updated,2026-01-06 10:25:14,"{""field"":""title"",""source"":""seed_update""}"
2312,1508,200,updated,2025-04-18 03:43:59,"{""field"":""is_active"",""source"":""seed_update""}"
2313,1545,100,updated,2025-06-17 06:14:46,"{""field"":""title"",""source"":""seed_update""}"
2314,1582,365,updated,2025-08-27 12:33:12,"{""field"":""is_active"",""source"":""seed_update""}"
2315,1619,392,updated,2026-02-19 02:33:39,"{""field"":""title"",""source"":""seed_update""}"
2316,1656,210,updated,2026-02-21 02:28:09,"{""field"":""is_active"",""source"":""seed_update""}"
2317,1693,80,updated,2025-12-14 10:34:20,"{""field"":""title"",""source"":""seed_update""}"
2318,1730,23,updated,2026-01-10 20:08:02,"{""field"":""is_active"",""source"":""seed_update""}"
2319,1767,24,updated,2025-10-24 15:23:26,"{""field"":""title"",""source"":""seed_update""}"
2320,1804,185,updated,2026-01-25 08:17:53,"{""field"":""is_active"",""source"":""seed_update""}"
2321,1841,254,updated,2026-02-21 16:41:17,"{""field"":""title"",""source"":""seed_update""}"
2322,1878,118,updated,2025-10-18 16:55:42,"{""field"":""is_active"",""source"":""seed_update""}"
2323,1915,201,updated,2026-02-24 05:40:01,"{""field"":""title"",""source"":""seed_update""}"
2324,1952,58,updated,2025-08-10 12:27:02,"{""field"":""is_active"",""source"":""seed_update""}"
2325,1989,157,updated,2025-12-17 10:23:59,"{""field"":""title"",""source"":""seed_update""}"
2326,26,109,updated,2025-12-03 01:02:10,"{""field"":""is_active"",""source"":""seed_update""}"
2327,63,256,updated,2025-11-25 13:53:27,"{""field"":""title"",""source"":""seed_update""}"
2328,100,394,updated,2025-09-07 11:54:29,"{""field"":""is_active"",""source"":""seed_update""}"
2329,137,1,updated,2025-02-21 09:26:07,"{""field"":""title"",""source"":""seed_update""}"
2330,174,91,updated,2025-12-19 17:48:12,"{""field"":""is_active"",""source"":""seed_update""}"
2331,211,136,updated,2026-02-12 00:22:44,"{""field"":""title"",""source"":""seed_update""}"
2332,248,223,updated,2025-07-13 01:44:00,"{""field"":""is_active"",""source"":""seed_update""}"
2333,285,254,updated,2026-01-13 15:54:22,"{""field"":""title"",""source"":""seed_update""}"
2334,322,200,updated,2025-09-03 14:06:57,"{""field"":""is_active"",""source"":""seed_update""}"
2335,359,257,updated,2025-06-22 06:27:57,"{""field"":""title"",""source"":""seed_update""}"
2336,396,16,updated,2025-04-25 03:23:33,"{""field"":""is_active"",""source"":""seed_update""}"
2337,433,371,updated,2026-02-28 01:40:13,"{""field"":""title"",""source"":""seed_update""}"
2338,470,397,updated,2026-02-21 22:30:42,"{""field"":""is_active"",""source"":""seed_update""}"
2339,507,334,updated,2026-02-05 07:29:22,"{""field"":""title"",""source"":""seed_update""}"
2340,544,145,updated,2025-05-22 17:11:29,"{""field"":""is_active"",""source"":""seed_update""}"
2341,581,289,updated,2025-11-28 08:10:39,"{""field"":""title"",""source"":""seed_update""}"
2342,618,310,updated,2026-02-04 00:46:58,"{""field"":""is_active"",""source"":""seed_update""}"
2343,655,136,updated,2025-11-01 13:38:27,"{""field"":""title"",""source"":""seed_update""}"
2344,692,135,updated,2025-10-23 00:03:59,"{""field"":""is_active"",""source"":""seed_update""}"
2345,729,179,updated,2026-02-23 10:29:19,"{""field"":""title"",""source"":""seed_update""}"
2346,766,324,updated,2026-02-06 04:03:46,"{""field"":""is_active"",""source"":""seed_update""}"
2347,803,396,updated,2025-12-23 23:47:45,"{""field"":""title"",""source"":""seed_update""}"
2348,840,139,updated,2025-12-30 05:35:00,"{""field"":""is_active"",""source"":""seed_update""}"
2349,877,188,updated,2025-03-18 22:39:52,"{""field"":""title"",""source"":""seed_update""}"
2350,914,271,updated,2026-02-13 15:43:47,"{""field"":""is_active"",""source"":""seed_update""}"
2351,951,79,updated,2026-01-09 04:03:26,"{""field"":""title"",""source"":""seed_update""}"
2352,988,239,updated,2025-09-23 13:10:55,"{""field"":""is_active"",""source"":""seed_update""}"
2353,1025,400,updated,2025-12-10 01:40:39,"{""field"":""title"",""source"":""seed_update""}"
2354,1062,219,updated,2026-02-05 18:00:22,"{""field"":""is_active"",""source"":""seed_update""}"
2355,1099,397,updated,2025-10-17 08:51:25,"{""field"":""title"",""source"":""seed_update""}"
2356,1136,167,updated,2025-12-01 04:08:44,"{""field"":""is_active"",""source"":""seed_update""}"
2357,1173,363,updated,2025-04-10 08:46:00,"{""field"":""title"",""source"":""seed_update""}"
2358,1210,174,updated,2026-02-13 13:20:07,"{""field"":""is_active"",""source"":""seed_update""}"
2359,1247,137,updated,2025-06-09 21:46:55,"{""field"":""title"",""source"":""seed_update""}"
2360,1284,195,updated,2026-01-29 23:16:23,"{""field"":""is_active"",""source"":""seed_update""}"
2361,1321,351,updated,2025-08-12 15:29:05,"{""field"":""title"",""source"":""seed_update""}"
2362,1358,337,updated,2025-11-16 20:25:51,"{""field"":""is_active"",""source"":""seed_update""}"
2363,1395,249,updated,2026-01-19 13:08:36,"{""field"":""title"",""source"":""seed_update""}"
2364,1432,141,updated,2026-01-24 23:58:03,"{""field"":""is_active"",""source"":""seed_update""}"
2365,1469,396,updated,2026-02-17 14:26:07,"{""field"":""title"",""source"":""seed_update""}"
2366,1506,98,updated,2025-09-07 10:49:20,"{""field"":""is_active"",""source"":""seed_update""}"
2367,1543,145,updated,2025-11-16 22:30:42,"{""field"":""title"",""source"":""seed_update""}"
2368,1580,376,updated,2025-09-04 15:31:32,"{""field"":""is_active"",""source"":""seed_update""}"
2369,1617,282,updated,2026-01-26 07:24:03,"{""field"":""title"",""source"":""seed_update""}"
2370,1654,377,updated,2025-08-01 01:39:13,"{""field"":""is_active"",""source"":""seed_update""}"
2371,1691,389,updated,2026-01-25 08:47:44,"{""field"":""title"",""source"":""seed_update""}"
2372,1728,165,updated,2025-09-27 07:04:00,"{""field"":""is_active"",""source"":""seed_update""}"
2373,1765,180,updated,2025-09-13 15:44:59,"{""field"":""title"",""source"":""seed_update""}"
2374,1802,371,updated,2025-12-13 20:42:47,"{""field"":""is_active"",""source"":""seed_update""}"
2375,1839,45,updated,2026-02-21 19:33:33,"{""field"":""title"",""source"":""seed_update""}"
2376,1876,169,updated,2026-02-18 18:21:56,"{""field"":""is_active"",""source"":""seed_update""}"
2377,1913,115,updated,2026-02-05 12:46:14,"{""field"":""title"",""source"":""seed_update""}"
2378,1950,395,updated,2026-02-10 05:16:47,"{""field"":""is_active"",""source"":""seed_update""}"
2379,1987,262,updated,2025-08-07 05:04:57,"{""field"":""title"",""source"":""seed_update""}"
2380,24,87,updated,2025-07-27 22:18:28,"{""field"":""is_active"",""source"":""seed_update""}"
2381,61,136,updated,2025-10-12 14:23:48,"{""field"":""title"",""source"":""seed_update""}"
2382,98,56,updated,2025-10-15 07:03:15,"{""field"":""is_active"",""source"":""seed_update""}"
2383,135,244,updated,2025-08-04 16:42:19,"{""field"":""title"",""source"":""seed_update""}"
2384,172,23,updated,2026-02-13 07:42:41,"{""field"":""is_active"",""source"":""seed_update""}"
2385,209,388,updated,2025-10-23 19:53:11,"{""field"":""title"",""source"":""seed_update""}"
2386,246,339,updated,2025-07-29 05:32:36,"{""field"":""is_active"",""source"":""seed_update""}"
2387,283,214,updated,2026-01-01 05:02:32,"{""field"":""title"",""source"":""seed_update""}"
2388,320,393,updated,2026-01-16 06:23:17,"{""field"":""is_active"",""source"":""seed_update""}"
2389,357,3,updated,2025-12-18 03:54:14,"{""field"":""title"",""source"":""seed_update""}"
2390,394,102,updated,2026-01-13 09:47:02,"{""field"":""is_active"",""source"":""seed_update""}"
2391,431,357,updated,2025-06-19 08:04:10,"{""field"":""title"",""source"":""seed_update""}"
2392,468,144,updated,2025-07-24 10:56:57,"{""field"":""is_active"",""source"":""seed_update""}"
2393,505,13,updated,2026-01-14 07:34:29,"{""field"":""title"",""source"":""seed_update""}"
2394,542,44,updated,2025-05-11 00:03:37,"{""field"":""is_active"",""source"":""seed_update""}"
2395,579,123,updated,2025-04-01 15:35:27,"{""field"":""title"",""source"":""seed_update""}"
2396,616,168,updated,2026-02-06 14:59:33,"{""field"":""is_active"",""source"":""seed_update""}"
2397,653,378,updated,2025-10-07 19:40:04,"{""field"":""title"",""source"":""seed_update""}"
2398,690,258,updated,2025-11-27 16:50:34,"{""field"":""is_active"",""source"":""seed_update""}"
2399,727,174,updated,2025-11-01 10:24:01,"{""field"":""title"",""source"":""seed_update""}"
2400,764,92,updated,2025-12-19 04:13:26,"{""field"":""is_active"",""source"":""seed_update""}"
2401,801,397,updated,2025-09-01 16:10:42,"{""field"":""title"",""source"":""seed_update""}"
2402,838,102,updated,2025-12-28 13:10:02,"{""field"":""is_active"",""source"":""seed_update""}"
2403,875,247,updated,2026-02-16 08:38:16,"{""field"":""title"",""source"":""seed_update""}"
2404,912,109,updated,2025-08-12 21:06:46,"{""field"":""is_active"",""source"":""seed_update""}"
2405,949,296,updated,2026-02-08 01:10:17,"{""field"":""title"",""source"":""seed_update""}"
2406,986,161,updated,2026-02-28 08:39:13,"{""field"":""is_active"",""source"":""seed_update""}"
2407,1023,74,updated,2026-01-03 01:33:18,"{""field"":""title"",""source"":""seed_update""}"
2408,1060,352,updated,2026-01-04 09:04:06,"{""field"":""is_active"",""source"":""seed_update""}"
2409,1097,51,updated,2025-11-19 06:16:32,"{""field"":""title"",""source"":""seed_update""}"
2410,1134,115,updated,2025-11-07 02:49:43,"{""field"":""is_active"",""source"":""seed_update""}"
2411,1171,32,updated,2026-02-25 09:42:38,"{""field"":""title"",""source"":""seed_update""}"
2412,1208,184,updated,2025-09-15 12:52:50,"{""field"":""is_active"",""source"":""seed_update""}"
2413,1245,94,updated,2026-02-16 02:42:34,"{""field"":""title"",""source"":""seed_update""}"
2414,1282,74,updated,2026-02-16 22:55:45,"{""field"":""is_active"",""source"":""seed_update""}"
2415,1319,125,updated,2026-01-27 19:11:06,"{""field"":""title"",""source"":""seed_update""}"
2416,1356,330,updated,2025-11-25 15:19:25,"{""field"":""is_active"",""source"":""seed_update""}"
2417,1393,47,updated,2025-09-14 08:32:12,"{""field"":""title"",""source"":""seed_update""}"
2418,1430,196,updated,2026-01-04 11:54:36,"{""field"":""is_active"",""source"":""seed_update""}"
2419,1467,323,updated,2025-12-15 03:55:30,"{""field"":""title"",""source"":""seed_update""}"
2420,1504,218,updated,2026-01-12 14:10:02,"{""field"":""is_active"",""source"":""seed_update""}"
2421,1541,109,updated,2026-01-24 13:51:37,"{""field"":""title"",""source"":""seed_update""}"
2422,1578,108,updated,2026-02-06 18:31:58,"{""field"":""is_active"",""source"":""seed_update""}"
2423,1615,219,updated,2026-01-19 19:18:30,"{""field"":""title"",""source"":""seed_update""}"
2424,1652,75,updated,2025-04-23 02:32:37,"{""field"":""is_active"",""source"":""seed_update""}"
2425,1689,321,updated,2025-07-14 13:59:17,"{""field"":""title"",""source"":""seed_update""}"
2426,1726,330,updated,2026-02-26 07:32:50,"{""field"":""is_active"",""source"":""seed_update""}"
2427,1763,344,updated,2025-09-12 08:22:20,"{""field"":""title"",""source"":""seed_update""}"
2428,1800,396,updated,2025-12-18 07:23:03,"{""field"":""is_active"",""source"":""seed_update""}"
2429,1837,311,updated,2026-02-07 16:01:35,"{""field"":""title"",""source"":""seed_update""}"
2430,1874,223,updated,2025-08-16 01:10:30,"{""field"":""is_active"",""source"":""seed_update""}"
2431,1911,57,updated,2025-10-23 20:01:06,"{""field"":""title"",""source"":""seed_update""}"
2432,1948,249,updated,2026-02-13 05:54:37,"{""field"":""is_active"",""source"":""seed_update""}"
2433,1985,335,updated,2025-12-24 10:29:24,"{""field"":""title"",""source"":""seed_update""}"
2434,22,60,updated,2026-02-23 23:22:46,"{""field"":""is_active"",""source"":""seed_update""}"
2435,59,85,updated,2025-06-04 00:53:29,"{""field"":""title"",""source"":""seed_update""}"
2436,96,160,updated,2026-01-22 15:26:08,"{""field"":""is_active"",""source"":""seed_update""}"
2437,133,174,updated,2025-10-23 03:38:49,"{""field"":""title"",""source"":""seed_update""}"
2438,170,202,updated,2025-12-16 14:02:40,"{""field"":""is_active"",""source"":""seed_update""}"
2439,207,102,updated,2026-02-20 10:52:34,"{""field"":""title"",""source"":""seed_update""}"
2440,244,295,updated,2025-09-18 01:08:01,"{""field"":""is_active"",""source"":""seed_update""}"
2441,281,344,updated,2025-09-08 18:00:01,"{""field"":""title"",""source"":""seed_update""}"
2442,318,126,updated,2025-06-20 21:14:53,"{""field"":""is_active"",""source"":""seed_update""}"
2443,355,380,updated,2026-02-26 02:00:50,"{""field"":""title"",""source"":""seed_update""}"
2444,392,109,updated,2025-04-08 11:52:37,"{""field"":""is_active"",""source"":""seed_update""}"
2445,429,20,updated,2026-01-09 16:49:35,"{""field"":""title"",""source"":""seed_update""}"
2446,466,232,updated,2025-09-27 10:22:05,"{""field"":""is_active"",""source"":""seed_update""}"
2447,503,71,updated,2026-01-02 00:51:07,"{""field"":""title"",""source"":""seed_update""}"
2448,540,226,updated,2026-02-28 18:37:19,"{""field"":""is_active"",""source"":""seed_update""}"
2449,577,144,updated,2026-02-23 15:05:28,"{""field"":""title"",""source"":""seed_update""}"
2450,614,189,updated,2025-12-17 16:24:52,"{""field"":""is_active"",""source"":""seed_update""}"
2451,651,335,updated,2025-06-25 07:51:49,"{""field"":""title"",""source"":""seed_update""}"
2452,688,161,updated,2026-02-15 21:26:37,"{""field"":""is_active"",""source"":""seed_update""}"
2453,725,371,updated,2026-01-13 19:24:26,"{""field"":""title"",""source"":""seed_update""}"
2454,762,171,updated,2025-07-23 21:15:46,"{""field"":""is_active"",""source"":""seed_update""}"
2455,799,73,updated,2025-11-17 10:58:04,"{""field"":""title"",""source"":""seed_update""}"
2456,836,325,updated,2025-10-31 22:20:07,"{""field"":""is_active"",""source"":""seed_update""}"
2457,873,193,updated,2025-10-14 13:15:22,"{""field"":""title"",""source"":""seed_update""}"
2458,910,391,updated,2025-09-09 17:09:40,"{""field"":""is_active"",""source"":""seed_update""}"
2459,947,281,updated,2026-02-07 05:48:51,"{""field"":""title"",""source"":""seed_update""}"
2460,984,363,updated,2026-02-05 04:59:52,"{""field"":""is_active"",""source"":""seed_update""}"
2461,1021,113,updated,2025-04-02 08:51:12,"{""field"":""title"",""source"":""seed_update""}"
2462,1058,12,updated,2025-06-28 16:01:43,"{""field"":""is_active"",""source"":""seed_update""}"
2463,1095,152,updated,2026-01-28 05:04:08,"{""field"":""title"",""source"":""seed_update""}"
2464,1132,86,updated,2026-02-25 02:47:45,"{""field"":""is_active"",""source"":""seed_update""}"
2465,1169,73,updated,2025-12-22 19:07:42,"{""field"":""title"",""source"":""seed_update""}"
2466,1206,141,updated,2026-02-15 02:55:41,"{""field"":""is_active"",""source"":""seed_update""}"
2467,1243,90,updated,2026-02-18 10:46:19,"{""field"":""title"",""source"":""seed_update""}"
2468,1280,329,updated,2026-01-17 19:23:13,"{""field"":""is_active"",""source"":""seed_update""}"
2469,1317,4,updated,2026-01-02 17:39:43,"{""field"":""title"",""source"":""seed_update""}"
2470,1354,389,updated,2026-01-11 00:44:28,"{""field"":""is_active"",""source"":""seed_update""}"
2471,1391,400,updated,2026-02-13 04:40:25,"{""field"":""title"",""source"":""seed_update""}"
2472,1428,207,updated,2026-01-24 05:22:00,"{""field"":""is_active"",""source"":""seed_update""}"
2473,1465,15,updated,2025-07-13 21:06:05,"{""field"":""title"",""source"":""seed_update""}"
2474,1502,61,updated,2025-11-19 23:52:37,"{""field"":""is_active"",""source"":""seed_update""}"
2475,1539,206,updated,2025-11-01 09:16:32,"{""field"":""title"",""source"":""seed_update""}"
2476,1576,202,updated,2025-12-03 10:16:23,"{""field"":""is_active"",""source"":""seed_update""}"
2477,1613,347,updated,2026-02-04 03:49:04,"{""field"":""title"",""source"":""seed_update""}"
2478,1650,247,updated,2026-02-08 20:27:27,"{""field"":""is_active"",""source"":""seed_update""}"
2479,1687,146,updated,2025-10-16 19:43:07,"{""field"":""title"",""source"":""seed_update""}"
2480,1724,66,updated,2026-02-15 23:07:36,"{""field"":""is_active"",""source"":""seed_update""}"
2481,1761,202,updated,2025-04-23 21:21:11,"{""field"":""title"",""source"":""seed_update""}"
2482,1798,339,updated,2025-10-27 07:14:55,"{""field"":""is_active"",""source"":""seed_update""}"
2483,1835,140,updated,2025-11-17 20:23:23,"{""field"":""title"",""source"":""seed_update""}"
2484,1872,352,updated,2025-03-26 09:09:36,"{""field"":""is_active"",""source"":""seed_update""}"
2485,1909,197,updated,2025-08-03 08:09:33,"{""field"":""title"",""source"":""seed_update""}"
2486,1946,222,updated,2026-02-01 09:58:26,"{""field"":""is_active"",""source"":""seed_update""}"
2487,1983,109,updated,2026-01-15 04:46:25,"{""field"":""title"",""source"":""seed_update""}"
2488,20,149,updated,2025-09-20 19:49:27,"{""field"":""is_active"",""source"":""seed_update""}"
2489,57,219,updated,2025-07-08 12:57:10,"{""field"":""title"",""source"":""seed_update""}"
2490,94,314,updated,2026-01-22 17:28:43,"{""field"":""is_active"",""source"":""seed_update""}"
2491,131,243,updated,2025-07-11 05:09:46,"{""field"":""title"",""source"":""seed_update""}"
2492,168,371,updated,2025-09-22 08:02:28,"{""field"":""is_active"",""source"":""seed_update""}"
2493,205,80,updated,2025-07-14 16:05:43,"{""field"":""title"",""source"":""seed_update""}"
2494,242,207,updated,2026-02-05 20:36:01,"{""field"":""is_active"",""source"":""seed_update""}"
2495,279,170,updated,2025-07-08 13:07:09,"{""field"":""title"",""source"":""seed_update""}"
2496,316,61,updated,2025-09-23 03:33:58,"{""field"":""is_active"",""source"":""seed_update""}"
2497,353,249,updated,2025-10-21 09:23:34,"{""field"":""title"",""source"":""seed_update""}"
2498,390,304,updated,2026-01-07 18:24:23,"{""field"":""is_active"",""source"":""seed_update""}"
2499,427,15,updated,2025-10-03 09:49:11,"{""field"":""title"",""source"":""seed_update""}"
2500,464,240,updated,2025-08-23 17:20:43,"{""field"":""is_active"",""source"":""seed_update""}"
2501,501,237,updated,2025-04-22 03:40:03,"{""field"":""title"",""source"":""seed_update""}"
2502,538,256,updated,2025-12-20 11:01:47,"{""field"":""is_active"",""source"":""seed_update""}"
2503,575,83,updated,2025-12-20 03:41:12,"{""field"":""title"",""source"":""seed_update""}"
2504,612,355,updated,2025-10-22 00:51:42,"{""field"":""is_active"",""source"":""seed_update""}"
2505,649,126,updated,2025-12-26 06:03:05,"{""field"":""title"",""source"":""seed_update""}"
2506,686,76,updated,2025-07-30 05:28:29,"{""field"":""is_active"",""source"":""seed_update""}"
2507,723,100,updated,2026-02-23 05:05:26,"{""field"":""title"",""source"":""seed_update""}"
2508,760,134,updated,2026-01-29 14:14:36,"{""field"":""is_active"",""source"":""seed_update""}"
2509,797,57,updated,2025-09-23 12:11:38,"{""field"":""title"",""source"":""seed_update""}"
2510,834,224,updated,2026-02-10 00:49:56,"{""field"":""is_active"",""source"":""seed_update""}"
2511,871,327,updated,2025-11-13 16:31:40,"{""field"":""title"",""source"":""seed_update""}"
2512,908,224,updated,2025-07-12 03:16:37,"{""field"":""is_active"",""source"":""seed_update""}"
2513,945,353,updated,2025-07-15 23:29:01,"{""field"":""title"",""source"":""seed_update""}"
2514,982,242,updated,2026-01-18 23:48:10,"{""field"":""is_active"",""source"":""seed_update""}"
2515,1019,210,updated,2025-10-06 22:40:23,"{""field"":""title"",""source"":""seed_update""}"
2516,1056,151,updated,2025-09-22 21:25:01,"{""field"":""is_active"",""source"":""seed_update""}"
2517,1093,265,updated,2025-07-04 19:11:47,"{""field"":""title"",""source"":""seed_update""}"
2518,1130,191,updated,2025-05-19 05:54:36,"{""field"":""is_active"",""source"":""seed_update""}"
2519,1167,9,updated,2025-09-26 15:51:19,"{""field"":""title"",""source"":""seed_update""}"
2520,1204,65,updated,2025-09-16 00:43:33,"{""field"":""is_active"",""source"":""seed_update""}"
2521,1241,208,updated,2025-04-27 15:06:37,"{""field"":""title"",""source"":""seed_update""}"
2522,1278,209,updated,2025-04-12 15:45:22,"{""field"":""is_active"",""source"":""seed_update""}"
2523,1315,91,updated,2026-02-09 15:26:17,"{""field"":""title"",""source"":""seed_update""}"
2524,1352,39,updated,2026-01-04 02:37:07,"{""field"":""is_active"",""source"":""seed_update""}"
2525,1389,297,updated,2026-02-19 09:56:08,"{""field"":""title"",""source"":""seed_update""}"
2526,1426,129,updated,2025-11-28 13:33:33,"{""field"":""is_active"",""source"":""seed_update""}"
2527,1463,281,updated,2025-12-03 15:44:10,"{""field"":""title"",""source"":""seed_update""}"
2528,1500,328,updated,2026-01-20 00:57:33,"{""field"":""is_active"",""source"":""seed_update""}"
2529,1537,85,updated,2026-01-07 21:02:15,"{""field"":""title"",""source"":""seed_update""}"
2530,1574,380,updated,2025-12-11 07:04:56,"{""field"":""is_active"",""source"":""seed_update""}"
2531,1611,12,updated,2025-06-11 06:10:31,"{""field"":""title"",""source"":""seed_update""}"
2532,1648,251,updated,2025-09-01 10:51:00,"{""field"":""is_active"",""source"":""seed_update""}"
2533,1685,296,updated,2025-11-04 21:12:02,"{""field"":""title"",""source"":""seed_update""}"
2534,1722,151,updated,2026-02-21 10:43:29,"{""field"":""is_active"",""source"":""seed_update""}"
2535,1759,395,updated,2025-12-08 07:02:19,"{""field"":""title"",""source"":""seed_update""}"
2536,1796,329,updated,2026-01-22 00:11:46,"{""field"":""is_active"",""source"":""seed_update""}"
2537,1833,82,updated,2025-12-09 10:13:01,"{""field"":""title"",""source"":""seed_update""}"
2538,1870,225,updated,2026-02-18 07:47:12,"{""field"":""is_active"",""source"":""seed_update""}"
2539,1907,398,updated,2025-05-29 23:23:25,"{""field"":""title"",""source"":""seed_update""}"
2540,1944,136,updated,2026-01-14 13:12:01,"{""field"":""is_active"",""source"":""seed_update""}"
2541,1981,27,updated,2026-01-01 09:56:07,"{""field"":""title"",""source"":""seed_update""}"
2542,18,45,updated,2026-02-12 16:09:25,"{""field"":""is_active"",""source"":""seed_update""}"
2543,55,112,updated,2026-02-03 02:38:44,"{""field"":""title"",""source"":""seed_update""}"
2544,92,189,updated,2025-12-10 11:06:31,"{""field"":""is_active"",""source"":""seed_update""}"
2545,129,386,updated,2025-12-16 20:24:14,"{""field"":""title"",""source"":""seed_update""}"
2546,166,304,updated,2025-09-04 04:05:43,"{""field"":""is_active"",""source"":""seed_update""}"
2547,203,312,updated,2025-09-16 04:47:30,"{""field"":""title"",""source"":""seed_update""}"
2548,240,72,updated,2025-11-23 13:20:04,"{""field"":""is_active"",""source"":""seed_update""}"
2549,277,123,updated,2026-01-31 21:22:09,"{""field"":""title"",""source"":""seed_update""}"
2550,314,201,updated,2026-02-09 22:36:10,"{""field"":""is_active"",""source"":""seed_update""}"
2551,351,33,updated,2025-12-15 10:12:04,"{""field"":""title"",""source"":""seed_update""}"
2552,388,91,updated,2025-11-15 19:52:12,"{""field"":""is_active"",""source"":""seed_update""}"
2553,425,263,updated,2025-09-13 05:22:22,"{""field"":""title"",""source"":""seed_update""}"
2554,462,103,updated,2026-01-15 12:22:17,"{""field"":""is_active"",""source"":""seed_update""}"
2555,499,67,updated,2025-07-30 01:41:06,"{""field"":""title"",""source"":""seed_update""}"
2556,536,268,updated,2026-02-20 20:02:58,"{""field"":""is_active"",""source"":""seed_update""}"
2557,573,369,updated,2026-01-04 01:56:18,"{""field"":""title"",""source"":""seed_update""}"
2558,610,144,updated,2025-10-17 19:03:08,"{""field"":""is_active"",""source"":""seed_update""}"
2559,647,172,updated,2025-10-21 01:04:40,"{""field"":""title"",""source"":""seed_update""}"
2560,684,144,updated,2026-01-28 16:16:01,"{""field"":""is_active"",""source"":""seed_update""}"
2561,721,112,updated,2025-10-04 09:50:32,"{""field"":""title"",""source"":""seed_update""}"
2562,758,90,updated,2026-01-01 06:36:52,"{""field"":""is_active"",""source"":""seed_update""}"
2563,795,47,updated,2026-01-20 02:48:41,"{""field"":""title"",""source"":""seed_update""}"
2564,832,356,updated,2025-10-29 01:14:23,"{""field"":""is_active"",""source"":""seed_update""}"
2565,869,192,updated,2026-02-21 05:19:40,"{""field"":""title"",""source"":""seed_update""}"
2566,906,72,updated,2025-12-06 18:34:09,"{""field"":""is_active"",""source"":""seed_update""}"
2567,943,77,updated,2026-01-07 22:13:13,"{""field"":""title"",""source"":""seed_update""}"
2568,980,42,updated,2026-01-26 18:30:32,"{""field"":""is_active"",""source"":""seed_update""}"
2569,1017,176,updated,2025-09-01 10:41:26,"{""field"":""title"",""source"":""seed_update""}"
2570,1054,231,updated,2026-01-12 00:25:26,"{""field"":""is_active"",""source"":""seed_update""}"
2571,1091,112,updated,2026-01-27 19:38:57,"{""field"":""title"",""source"":""seed_update""}"
2572,1128,158,updated,2025-12-12 11:58:29,"{""field"":""is_active"",""source"":""seed_update""}"
2573,1165,87,updated,2025-10-10 18:59:03,"{""field"":""title"",""source"":""seed_update""}"
2574,1202,141,updated,2026-01-01 04:41:45,"{""field"":""is_active"",""source"":""seed_update""}"
2575,1239,222,updated,2025-09-25 07:07:42,"{""field"":""title"",""source"":""seed_update""}"
2576,1276,60,updated,2025-03-10 20:35:30,"{""field"":""is_active"",""source"":""seed_update""}"
2577,1313,106,updated,2026-01-03 20:17:04,"{""field"":""title"",""source"":""seed_update""}"
2578,1350,235,updated,2025-12-19 10:52:48,"{""field"":""is_active"",""source"":""seed_update""}"
2579,1387,392,updated,2025-05-09 21:06:31,"{""field"":""title"",""source"":""seed_update""}"
2580,1424,197,updated,2025-02-12 21:35:52,"{""field"":""is_active"",""source"":""seed_update""}"
2581,1461,387,updated,2026-02-20 06:26:09,"{""field"":""title"",""source"":""seed_update""}"
2582,1498,17,updated,2025-07-22 09:14:50,"{""field"":""is_active"",""source"":""seed_update""}"
2583,1535,274,updated,2026-01-16 16:29:09,"{""field"":""title"",""source"":""seed_update""}"
2584,1572,120,updated,2026-01-14 15:15:43,"{""field"":""is_active"",""source"":""seed_update""}"
2585,1609,305,updated,2025-11-28 05:04:14,"{""field"":""title"",""source"":""seed_update""}"
2586,1646,158,updated,2026-02-14 02:42:11,"{""field"":""is_active"",""source"":""seed_update""}"
2587,1683,379,updated,2026-01-16 23:26:27,"{""field"":""title"",""source"":""seed_update""}"
2588,1720,369,updated,2025-12-09 19:23:02,"{""field"":""is_active"",""source"":""seed_update""}"
2589,1757,239,updated,2025-12-02 23:27:53,"{""field"":""title"",""source"":""seed_update""}"
2590,1794,230,updated,2026-02-14 14:17:26,"{""field"":""is_active"",""source"":""seed_update""}"
2591,1831,110,updated,2025-04-30 02:54:24,"{""field"":""title"",""source"":""seed_update""}"
2592,1868,18,updated,2026-01-23 11:45:05,"{""field"":""is_active"",""source"":""seed_update""}"
2593,1905,144,updated,2025-04-07 23:50:35,"{""field"":""title"",""source"":""seed_update""}"
2594,1942,186,updated,2025-12-25 04:35:10,"{""field"":""is_active"",""source"":""seed_update""}"
2595,1979,162,updated,2025-08-26 05:26:39,"{""field"":""title"",""source"":""seed_update""}"
2596,16,306,updated,2025-09-06 09:58:01,"{""field"":""is_active"",""source"":""seed_update""}"
2597,53,52,updated,2026-02-11 01:45:42,"{""field"":""title"",""source"":""seed_update""}"
2598,90,219,updated,2025-09-07 15:17:43,"{""field"":""is_active"",""source"":""seed_update""}"
2599,127,296,updated,2025-08-23 01:06:57,"{""field"":""title"",""source"":""seed_update""}"
2600,164,291,updated,2025-12-26 07:49:33,"{""field"":""is_active"",""source"":""seed_update""}"
2601,201,204,updated,2026-02-09 08:24:46,"{""field"":""title"",""source"":""seed_update""}"
2602,238,184,updated,2025-08-24 14:05:42,"{""field"":""is_active"",""source"":""seed_update""}"
2603,275,27,updated,2026-02-13 13:08:34,"{""field"":""title"",""source"":""seed_update""}"
2604,312,346,updated,2026-02-26 18:22:03,"{""field"":""is_active"",""source"":""seed_update""}"
2605,349,183,updated,2026-02-24 11:41:46,"{""field"":""title"",""source"":""seed_update""}"
2606,386,345,updated,2025-09-28 10:47:49,"{""field"":""is_active"",""source"":""seed_update""}"
2607,423,170,updated,2025-11-25 16:34:23,"{""field"":""title"",""source"":""seed_update""}"
2608,460,76,updated,2025-06-05 13:38:26,"{""field"":""is_active"",""source"":""seed_update""}"
2609,497,64,updated,2025-11-11 05:04:40,"{""field"":""title"",""source"":""seed_update""}"
2610,534,78,updated,2025-07-11 23:53:42,"{""field"":""is_active"",""source"":""seed_update""}"
2611,571,318,updated,2025-08-07 19:33:59,"{""field"":""title"",""source"":""seed_update""}"
2612,608,106,updated,2025-11-19 05:30:46,"{""field"":""is_active"",""source"":""seed_update""}"
2613,645,266,updated,2025-12-25 22:45:36,"{""field"":""title"",""source"":""seed_update""}"
2614,682,18,updated,2026-01-10 11:40:58,"{""field"":""is_active"",""source"":""seed_update""}"
2615,719,237,updated,2025-09-04 15:40:10,"{""field"":""title"",""source"":""seed_update""}"
2616,756,257,updated,2025-02-07 20:07:48,"{""field"":""is_active"",""source"":""seed_update""}"
2617,793,43,updated,2025-08-03 14:13:11,"{""field"":""title"",""source"":""seed_update""}"
2618,830,155,updated,2026-01-17 19:28:21,"{""field"":""is_active"",""source"":""seed_update""}"
2619,867,195,updated,2025-05-08 23:49:38,"{""field"":""title"",""source"":""seed_update""}"
2620,904,236,updated,2025-09-20 14:14:52,"{""field"":""is_active"",""source"":""seed_update""}"
2621,941,337,updated,2025-10-25 00:46:35,"{""field"":""title"",""source"":""seed_update""}"
2622,978,352,updated,2026-02-06 03:25:48,"{""field"":""is_active"",""source"":""seed_update""}"
2623,1015,312,updated,2025-12-17 10:50:10,"{""field"":""title"",""source"":""seed_update""}"
2624,1052,63,updated,2025-10-17 20:03:08,"{""field"":""is_active"",""source"":""seed_update""}"
2625,1089,187,updated,2026-02-25 15:24:02,"{""field"":""title"",""source"":""seed_update""}"
2626,1126,24,updated,2026-02-18 17:38:32,"{""field"":""is_active"",""source"":""seed_update""}"
2627,1163,54,updated,2025-09-24 18:42:34,"{""field"":""title"",""source"":""seed_update""}"
2628,1200,326,updated,2026-02-03 21:40:26,"{""field"":""is_active"",""source"":""seed_update""}"
2629,1237,283,updated,2025-12-18 02:32:13,"{""field"":""title"",""source"":""seed_update""}"
2630,1274,368,updated,2025-10-04 07:10:54,"{""field"":""is_active"",""source"":""seed_update""}"
2631,1311,160,updated,2025-08-30 19:48:05,"{""field"":""title"",""source"":""seed_update""}"
2632,1348,223,updated,2025-12-07 11:53:27,"{""field"":""is_active"",""source"":""seed_update""}"
2633,1385,185,updated,2026-02-21 08:04:52,"{""field"":""title"",""source"":""seed_update""}"
2634,1422,45,updated,2026-02-23 17:50:26,"{""field"":""is_active"",""source"":""seed_update""}"
2635,1459,134,updated,2026-02-06 16:27:39,"{""field"":""title"",""source"":""seed_update""}"
2636,1496,124,updated,2025-10-18 18:53:10,"{""field"":""is_active"",""source"":""seed_update""}"
2637,1533,278,updated,2025-10-31 06:05:03,"{""field"":""title"",""source"":""seed_update""}"
2638,1570,233,updated,2025-05-09 23:49:28,"{""field"":""is_active"",""source"":""seed_update""}"
2639,1607,166,updated,2025-04-22 00:51:58,"{""field"":""title"",""source"":""seed_update""}"
2640,1644,1,updated,2025-10-12 08:21:31,"{""field"":""is_active"",""source"":""seed_update""}"
2641,1681,239,updated,2026-02-27 23:02:46,"{""field"":""title"",""source"":""seed_update""}"
2642,1718,211,updated,2025-12-17 06:34:52,"{""field"":""is_active"",""source"":""seed_update""}"
2643,1755,49,updated,2025-08-20 17:14:16,"{""field"":""title"",""source"":""seed_update""}"
2644,1792,400,updated,2025-06-01 08:43:05,"{""field"":""is_active"",""source"":""seed_update""}"
2645,1829,344,updated,2026-01-03 18:08:10,"{""field"":""title"",""source"":""seed_update""}"
2646,1866,79,updated,2025-06-24 13:07:46,"{""field"":""is_active"",""source"":""seed_update""}"
2647,1903,160,updated,2025-05-24 23:45:44,"{""field"":""title"",""source"":""seed_update""}"
2648,1940,238,updated,2025-07-06 05:04:54,"{""field"":""is_active"",""source"":""seed_update""}"
2649,1977,59,updated,2025-07-14 23:50:10,"{""field"":""title"",""source"":""seed_update""}"
2650,14,155,updated,2026-01-28 16:35:52,"{""field"":""is_active"",""source"":""seed_update""}"
2651,51,382,updated,2025-12-31 16:42:28,"{""field"":""title"",""source"":""seed_update""}"
2652,88,151,updated,2026-02-10 16:54:29,"{""field"":""is_active"",""source"":""seed_update""}"
2653,125,104,updated,2025-09-03 15:37:21,"{""field"":""title"",""source"":""seed_update""}"
2654,162,157,updated,2025-11-27 11:50:55,"{""field"":""is_active"",""source"":""seed_update""}"
2655,199,232,updated,2025-11-12 03:46:14,"{""field"":""title"",""source"":""seed_update""}"
2656,236,230,updated,2026-01-05 19:23:58,"{""field"":""is_active"",""source"":""seed_update""}"
2657,273,148,updated,2025-06-18 09:38:18,"{""field"":""title"",""source"":""seed_update""}"
2658,310,177,updated,2026-02-24 09:13:59,"{""field"":""is_active"",""source"":""seed_update""}"
2659,347,351,updated,2025-09-03 12:17:56,"{""field"":""title"",""source"":""seed_update""}"
2660,384,394,updated,2025-11-02 20:59:43,"{""field"":""is_active"",""source"":""seed_update""}"
2661,421,342,updated,2025-09-22 01:48:23,"{""field"":""title"",""source"":""seed_update""}"
2662,458,64,updated,2025-08-20 06:57:50,"{""field"":""is_active"",""source"":""seed_update""}"
2663,495,188,updated,2026-02-05 21:20:42,"{""field"":""title"",""source"":""seed_update""}"
2664,532,297,updated,2025-10-01 00:10:52,"{""field"":""is_active"",""source"":""seed_update""}"
2665,569,344,updated,2025-10-09 04:25:33,"{""field"":""title"",""source"":""seed_update""}"
2666,606,247,updated,2025-11-24 19:57:16,"{""field"":""is_active"",""source"":""seed_update""}"
2667,643,240,updated,2025-04-16 04:56:03,"{""field"":""title"",""source"":""seed_update""}"
2668,680,329,updated,2025-05-26 07:39:21,"{""field"":""is_active"",""source"":""seed_update""}"
2669,717,378,updated,2026-01-19 04:25:56,"{""field"":""title"",""source"":""seed_update""}"
2670,754,334,updated,2026-02-02 02:00:59,"{""field"":""is_active"",""source"":""seed_update""}"
2671,791,151,updated,2025-07-28 12:42:24,"{""field"":""title"",""source"":""seed_update""}"
2672,828,301,updated,2025-03-18 13:22:36,"{""field"":""is_active"",""source"":""seed_update""}"
2673,865,289,updated,2026-02-22 16:39:48,"{""field"":""title"",""source"":""seed_update""}"
2674,902,125,updated,2026-02-15 13:32:24,"{""field"":""is_active"",""source"":""seed_update""}"
2675,939,320,updated,2026-01-25 19:33:58,"{""field"":""title"",""source"":""seed_update""}"
2676,976,324,updated,2025-06-02 01:45:11,"{""field"":""is_active"",""source"":""seed_update""}"
2677,1013,21,updated,2025-08-23 09:30:37,"{""field"":""title"",""source"":""seed_update""}"
2678,1050,144,updated,2025-05-20 16:20:28,"{""field"":""is_active"",""source"":""seed_update""}"
2679,1087,18,updated,2026-02-21 00:00:35,"{""field"":""title"",""source"":""seed_update""}"
2680,1124,210,updated,2025-07-09 07:00:19,"{""field"":""is_active"",""source"":""seed_update""}"
2681,1161,277,updated,2025-04-10 10:51:33,"{""field"":""title"",""source"":""seed_update""}"
2682,1198,60,updated,2026-02-01 02:21:40,"{""field"":""is_active"",""source"":""seed_update""}"
2683,1235,126,updated,2025-12-29 01:41:14,"{""field"":""title"",""source"":""seed_update""}"
2684,1272,117,updated,2025-12-10 04:05:44,"{""field"":""is_active"",""source"":""seed_update""}"
2685,1309,337,updated,2026-02-24 20:45:16,"{""field"":""title"",""source"":""seed_update""}"
2686,1346,307,updated,2025-12-19 13:07:50,"{""field"":""is_active"",""source"":""seed_update""}"
2687,1383,178,updated,2026-01-07 01:44:24,"{""field"":""title"",""source"":""seed_update""}"
2688,1420,171,updated,2025-10-01 02:36:01,"{""field"":""is_active"",""source"":""seed_update""}"
2689,1457,183,updated,2025-10-15 08:24:12,"{""field"":""title"",""source"":""seed_update""}"
2690,1494,388,updated,2025-09-27 02:02:11,"{""field"":""is_active"",""source"":""seed_update""}"
2691,1531,245,updated,2026-01-17 21:53:10,"{""field"":""title"",""source"":""seed_update""}"
2692,1568,321,updated,2025-11-11 19:02:48,"{""field"":""is_active"",""source"":""seed_update""}"
2693,1605,91,updated,2025-10-19 15:28:22,"{""field"":""title"",""source"":""seed_update""}"
2694,1642,102,updated,2026-02-16 20:18:42,"{""field"":""is_active"",""source"":""seed_update""}"
2695,1679,379,updated,2025-05-31 12:16:39,"{""field"":""title"",""source"":""seed_update""}"
2696,1716,308,updated,2025-07-27 10:55:38,"{""field"":""is_active"",""source"":""seed_update""}"
2697,1753,353,updated,2026-02-22 04:36:20,"{""field"":""title"",""source"":""seed_update""}"
2698,1790,283,updated,2026-02-11 22:07:59,"{""field"":""is_active"",""source"":""seed_update""}"
2699,1827,77,updated,2025-09-02 19:49:44,"{""field"":""title"",""source"":""seed_update""}"
2700,1864,170,updated,2026-01-03 22:20:28,"{""field"":""is_active"",""source"":""seed_update""}"
2701,1901,86,updated,2025-10-25 06:16:32,"{""field"":""title"",""source"":""seed_update""}"
2702,1938,205,updated,2025-04-23 20:04:23,"{""field"":""is_active"",""source"":""seed_update""}"
2703,1975,229,updated,2026-01-24 03:17:57,"{""field"":""title"",""source"":""seed_update""}"
2704,12,165,updated,2026-01-02 21:44:15,"{""field"":""is_active"",""source"":""seed_update""}"
2705,49,138,updated,2026-02-15 09:12:41,"{""field"":""title"",""source"":""seed_update""}"
2706,86,90,updated,2026-01-25 07:16:58,"{""field"":""is_active"",""source"":""seed_update""}"
2707,123,330,updated,2026-02-24 08:32:22,"{""field"":""title"",""source"":""seed_update""}"
2708,160,146,updated,2026-02-06 18:59:27,"{""field"":""is_active"",""source"":""seed_update""}"
2709,197,153,updated,2026-02-15 16:02:10,"{""field"":""title"",""source"":""seed_update""}"
2710,234,107,updated,2026-02-14 19:29:20,"{""field"":""is_active"",""source"":""seed_update""}"
2711,271,138,updated,2026-02-12 03:17:13,"{""field"":""title"",""source"":""seed_update""}"
2712,308,213,updated,2026-02-06 22:05:46,"{""field"":""is_active"",""source"":""seed_update""}"
2713,345,25,updated,2026-01-04 07:30:11,"{""field"":""title"",""source"":""seed_update""}"
2714,382,218,updated,2026-01-13 03:23:33,"{""field"":""is_active"",""source"":""seed_update""}"
2715,419,103,updated,2026-02-22 14:37:27,"{""field"":""title"",""source"":""seed_update""}"
2716,456,16,updated,2026-02-13 01:10:20,"{""field"":""is_active"",""source"":""seed_update""}"
2717,493,174,updated,2025-09-07 06:57:23,"{""field"":""title"",""source"":""seed_update""}"
2718,530,198,updated,2026-02-08 14:11:17,"{""field"":""is_active"",""source"":""seed_update""}"
2719,567,307,updated,2026-01-25 06:31:28,"{""field"":""title"",""source"":""seed_update""}"
2720,604,129,updated,2026-01-11 09:51:42,"{""field"":""is_active"",""source"":""seed_update""}"
2721,641,315,updated,2025-05-07 20:45:25,"{""field"":""title"",""source"":""seed_update""}"
2722,678,28,updated,2025-10-13 17:20:52,"{""field"":""is_active"",""source"":""seed_update""}"
2723,715,239,updated,2025-11-24 23:57:24,"{""field"":""title"",""source"":""seed_update""}"
2724,752,110,updated,2025-08-03 23:20:25,"{""field"":""is_active"",""source"":""seed_update""}"
2725,789,102,updated,2025-09-30 06:41:11,"{""field"":""title"",""source"":""seed_update""}"
2726,826,300,updated,2025-09-17 10:05:09,"{""field"":""is_active"",""source"":""seed_update""}"
2727,863,155,updated,2025-10-21 13:04:56,"{""field"":""title"",""source"":""seed_update""}"
2728,900,371,updated,2025-12-24 02:43:56,"{""field"":""is_active"",""source"":""seed_update""}"
2729,937,343,updated,2026-01-06 14:30:19,"{""field"":""title"",""source"":""seed_update""}"
2730,974,1,updated,2025-07-19 02:05:15,"{""field"":""is_active"",""source"":""seed_update""}"
2731,1011,295,updated,2025-12-25 15:50:53,"{""field"":""title"",""source"":""seed_update""}"
2732,1048,114,updated,2026-02-13 03:48:16,"{""field"":""is_active"",""source"":""seed_update""}"
2733,1085,86,updated,2025-11-12 18:49:04,"{""field"":""title"",""source"":""seed_update""}"
2734,1122,4,updated,2026-02-26 07:02:10,"{""field"":""is_active"",""source"":""seed_update""}"
2735,1159,258,updated,2026-02-10 16:15:51,"{""field"":""title"",""source"":""seed_update""}"
2736,1196,286,updated,2026-02-21 22:34:20,"{""field"":""is_active"",""source"":""seed_update""}"
2737,1233,1,updated,2026-01-07 12:38:26,"{""field"":""title"",""source"":""seed_update""}"
2738,1270,379,updated,2026-01-06 03:12:41,"{""field"":""is_active"",""source"":""seed_update""}"
2739,1307,243,updated,2026-02-10 12:07:38,"{""field"":""title"",""source"":""seed_update""}"
2740,1344,387,updated,2025-03-17 08:26:06,"{""field"":""is_active"",""source"":""seed_update""}"
2741,1381,93,updated,2025-10-24 01:34:45,"{""field"":""title"",""source"":""seed_update""}"
2742,1418,3,updated,2026-02-17 13:37:28,"{""field"":""is_active"",""source"":""seed_update""}"
2743,1455,342,updated,2026-02-14 12:08:53,"{""field"":""title"",""source"":""seed_update""}"
2744,1492,197,updated,2025-10-01 03:03:32,"{""field"":""is_active"",""source"":""seed_update""}"
2745,1529,37,updated,2025-08-03 12:01:56,"{""field"":""title"",""source"":""seed_update""}"
2746,1566,109,updated,2026-02-05 00:38:34,"{""field"":""is_active"",""source"":""seed_update""}"
2747,1603,315,updated,2026-01-05 12:29:27,"{""field"":""title"",""source"":""seed_update""}"
2748,1640,228,updated,2025-02-04 06:52:11,"{""field"":""is_active"",""source"":""seed_update""}"
2749,1677,230,updated,2025-10-25 02:33:19,"{""field"":""title"",""source"":""seed_update""}"
2750,1714,173,updated,2026-02-22 04:23:18,"{""field"":""is_active"",""source"":""seed_update""}"
2751,1751,223,updated,2025-11-07 06:17:49,"{""field"":""title"",""source"":""seed_update""}"
2752,1788,244,updated,2025-09-15 19:08:48,"{""field"":""is_active"",""source"":""seed_update""}"
2753,1825,63,updated,2025-06-29 01:31:33,"{""field"":""title"",""source"":""seed_update""}"
2754,1862,221,updated,2026-02-21 19:44:12,"{""field"":""is_active"",""source"":""seed_update""}"
2755,1899,135,updated,2025-12-06 04:22:20,"{""field"":""title"",""source"":""seed_update""}"
2756,1936,81,updated,2025-04-01 09:56:38,"{""field"":""is_active"",""source"":""seed_update""}"
2757,1973,138,updated,2025-09-23 20:00:05,"{""field"":""title"",""source"":""seed_update""}"
2758,10,173,updated,2025-04-13 04:49:43,"{""field"":""is_active"",""source"":""seed_update""}"
2759,47,363,updated,2026-01-22 01:53:53,"{""field"":""title"",""source"":""seed_update""}"
2760,84,94,updated,2025-10-18 18:22:04,"{""field"":""is_active"",""source"":""seed_update""}"
2761,121,58,updated,2025-10-30 05:07:41,"{""field"":""title"",""source"":""seed_update""}"
2762,158,33,updated,2025-04-25 10:00:33,"{""field"":""is_active"",""source"":""seed_update""}"
2763,195,190,updated,2025-12-02 00:36:08,"{""field"":""title"",""source"":""seed_update""}"
2764,232,65,updated,2025-09-06 15:06:14,"{""field"":""is_active"",""source"":""seed_update""}"
2765,269,75,updated,2026-02-25 17:54:34,"{""field"":""title"",""source"":""seed_update""}"
2766,306,71,updated,2025-11-01 00:07:31,"{""field"":""is_active"",""source"":""seed_update""}"
2767,343,69,updated,2026-01-12 23:40:08,"{""field"":""title"",""source"":""seed_update""}"
2768,380,307,updated,2026-02-06 10:04:36,"{""field"":""is_active"",""source"":""seed_update""}"
2769,417,214,updated,2025-07-02 06:10:52,"{""field"":""title"",""source"":""seed_update""}"
2770,454,175,updated,2025-09-03 23:38:03,"{""field"":""is_active"",""source"":""seed_update""}"
2771,491,70,updated,2026-01-05 07:45:53,"{""field"":""title"",""source"":""seed_update""}"
2772,528,33,updated,2025-10-17 18:03:30,"{""field"":""is_active"",""source"":""seed_update""}"
2773,565,56,updated,2026-02-02 07:09:59,"{""field"":""title"",""source"":""seed_update""}"
2774,602,47,updated,2026-02-23 08:58:05,"{""field"":""is_active"",""source"":""seed_update""}"
2775,639,86,updated,2025-12-31 00:59:19,"{""field"":""title"",""source"":""seed_update""}"
2776,676,372,updated,2025-09-23 16:35:00,"{""field"":""is_active"",""source"":""seed_update""}"
2777,713,58,updated,2026-02-08 12:35:23,"{""field"":""title"",""source"":""seed_update""}"
2778,750,158,updated,2026-01-15 17:46:18,"{""field"":""is_active"",""source"":""seed_update""}"
2779,787,16,updated,2025-11-27 05:39:28,"{""field"":""title"",""source"":""seed_update""}"
2780,824,276,updated,2025-09-15 17:29:51,"{""field"":""is_active"",""source"":""seed_update""}"
2781,861,227,updated,2025-06-16 02:25:51,"{""field"":""title"",""source"":""seed_update""}"
2782,898,253,updated,2025-12-03 22:57:44,"{""field"":""is_active"",""source"":""seed_update""}"
2783,935,252,updated,2026-01-11 01:43:53,"{""field"":""title"",""source"":""seed_update""}"
2784,972,192,updated,2025-06-25 21:02:36,"{""field"":""is_active"",""source"":""seed_update""}"
2785,1009,224,updated,2026-02-06 05:44:07,"{""field"":""title"",""source"":""seed_update""}"
2786,1046,56,updated,2025-05-19 14:40:56,"{""field"":""is_active"",""source"":""seed_update""}"
2787,1083,345,updated,2025-09-21 22:54:24,"{""field"":""title"",""source"":""seed_update""}"
2788,1120,98,updated,2026-01-08 17:55:44,"{""field"":""is_active"",""source"":""seed_update""}"
2789,1157,2,updated,2025-10-24 21:02:39,"{""field"":""title"",""source"":""seed_update""}"
2790,1194,398,updated,2026-01-19 23:36:25,"{""field"":""is_active"",""source"":""seed_update""}"
2791,1231,167,updated,2025-11-20 15:53:59,"{""field"":""title"",""source"":""seed_update""}"
2792,1268,271,updated,2025-10-28 23:26:34,"{""field"":""is_active"",""source"":""seed_update""}"
2793,1305,333,updated,2026-01-22 19:59:12,"{""field"":""title"",""source"":""seed_update""}"
2794,1342,194,updated,2026-02-08 18:39:43,"{""field"":""is_active"",""source"":""seed_update""}"
2795,1379,16,updated,2026-02-12 10:57:39,"{""field"":""title"",""source"":""seed_update""}"
2796,1416,268,updated,2025-07-27 15:48:18,"{""field"":""is_active"",""source"":""seed_update""}"
2797,1453,394,updated,2025-04-02 09:59:37,"{""field"":""title"",""source"":""seed_update""}"
2798,1490,160,updated,2026-02-13 16:56:28,"{""field"":""is_active"",""source"":""seed_update""}"
2799,1527,26,updated,2025-12-07 18:03:53,"{""field"":""title"",""source"":""seed_update""}"
2800,1564,300,updated,2026-01-03 15:33:48,"{""field"":""is_active"",""source"":""seed_update""}"
2801,2,341,deleted,2025-09-25 06:31:29,"{""reason"":""seed_cleanup""}"
2802,55,112,deleted,2025-10-24 21:30:31,"{""reason"":""seed_cleanup""}"
2803,108,157,deleted,2025-09-09 06:04:08,"{""reason"":""seed_cleanup""}"
2804,161,178,deleted,2026-02-28 01:01:47,"{""reason"":""seed_cleanup""}"
2805,214,194,deleted,2026-01-31 17:07:24,"{""reason"":""seed_cleanup""}"
2806,267,7,deleted,2026-02-16 21:16:21,"{""reason"":""seed_cleanup""}"
2807,320,393,deleted,2026-01-27 22:03:51,"{""reason"":""seed_cleanup""}"
2808,373,59,deleted,2025-02-01 22:54:19,"{""reason"":""seed_cleanup""}"
2809,426,250,deleted,2026-01-02 00:40:56,"{""reason"":""seed_cleanup""}"
2810,479,384,deleted,2026-01-30 20:09:45,"{""reason"":""seed_cleanup""}"
2811,532,297,deleted,2026-01-23 02:01:40,"{""reason"":""seed_cleanup""}"
2812,585,36,deleted,2025-08-24 14:49:00,"{""reason"":""seed_cleanup""}"
2813,638,156,deleted,2026-01-01 22:06:06,"{""reason"":""seed_cleanup""}"
2814,691,384,deleted,2025-09-07 02:54:53,"{""reason"":""seed_cleanup""}"
2815,744,161,deleted,2025-11-09 10:35:34,"{""reason"":""seed_cleanup""}"
2816,797,57,deleted,2025-10-30 18:05:43,"{""reason"":""seed_cleanup""}"
2817,850,374,deleted,2025-07-10 12:43:30,"{""reason"":""seed_cleanup""}"
2818,903,42,deleted,2026-01-26 09:51:20,"{""reason"":""seed_cleanup""}"
2819,956,306,deleted,2025-12-03 04:13:37,"{""reason"":""seed_cleanup""}"
2820,1009,224,deleted,2026-01-20 21:00:06,"{""reason"":""seed_cleanup""}"
2821,1062,219,deleted,2026-01-23 21:25:14,"{""reason"":""seed_cleanup""}"
2822,1115,141,deleted,2025-07-30 12:23:41,"{""reason"":""seed_cleanup""}"
2823,1168,40,deleted,2025-12-10 17:35:00,"{""reason"":""seed_cleanup""}"
2824,1221,140,deleted,2025-03-13 02:18:52,"{""reason"":""seed_cleanup""}"
2825,1274,368,deleted,2025-09-02 22:15:13,"{""reason"":""seed_cleanup""}"
2826,1327,238,deleted,2026-02-26 03:26:50,"{""reason"":""seed_cleanup""}"
2827,1380,127,deleted,2026-02-27 12:53:19,"{""reason"":""seed_cleanup""}"
2828,1433,342,deleted,2025-10-01 00:37:07,"{""reason"":""seed_cleanup""}"
2829,1486,37,deleted,2025-04-09 20:52:38,"{""reason"":""seed_cleanup""}"
2830,1539,206,deleted,2026-02-09 03:49:19,"{""reason"":""seed_cleanup""}"
2831,1592,195,deleted,2025-08-05 02:28:38,"{""reason"":""seed_cleanup""}"
2832,1645,382,deleted,2025-06-07 02:28:32,"{""reason"":""seed_cleanup""}"
2833,1698,210,deleted,2026-01-23 15:01:17,"{""reason"":""seed_cleanup""}"
2834,1751,223,deleted,2025-12-15 13:02:10,"{""reason"":""seed_cleanup""}"
2835,1804,185,deleted,2026-01-18 14:31:18,"{""reason"":""seed_cleanup""}"
2836,1857,86,deleted,2025-12-31 11:10:01,"{""reason"":""seed_cleanup""}"
2837,1910,93,deleted,2026-02-17 14:33:35,"{""reason"":""seed_cleanup""}"
2838,1963,143,deleted,2026-02-12 17:01:03,"{""reason"":""seed_cleanup""}"
2839,17,381,deleted,2026-02-01 23:25:22,"{""reason"":""seed_cleanup""}"
2840,70,223,deleted,2026-01-08 04:10:35,"{""reason"":""seed_cleanup""}"
2841,123,330,deleted,2026-02-24 01:53:18,"{""reason"":""seed_cleanup""}"
2842,176,156,deleted,2025-10-23 18:27:48,"{""reason"":""seed_cleanup""}"
2843,229,150,deleted,2026-02-07 03:48:29,"{""reason"":""seed_cleanup""}"
2844,282,253,deleted,2025-11-22 05:29:57,"{""reason"":""seed_cleanup""}"
2845,335,354,deleted,2025-07-29 01:34:12,"{""reason"":""seed_cleanup""}"
2846,388,91,deleted,2026-02-14 07:55:27,"{""reason"":""seed_cleanup""}"
2847,441,12,deleted,2025-09-26 08:52:51,"{""reason"":""seed_cleanup""}"
2848,494,307,deleted,2025-07-21 05:54:51,"{""reason"":""seed_cleanup""}"
2849,547,136,deleted,2025-08-18 10:15:17,"{""reason"":""seed_cleanup""}"
2850,600,195,deleted,2025-11-09 17:06:40,"{""reason"":""seed_cleanup""}"
2851,653,378,deleted,2026-01-22 16:35:08,"{""reason"":""seed_cleanup""}"
2852,706,57,deleted,2026-01-02 05:51:54,"{""reason"":""seed_cleanup""}"
2853,759,24,deleted,2026-01-23 03:00:01,"{""reason"":""seed_cleanup""}"
2854,812,189,deleted,2026-01-08 16:31:18,"{""reason"":""seed_cleanup""}"
2855,865,289,deleted,2026-02-10 04:47:07,"{""reason"":""seed_cleanup""}"
2856,918,118,deleted,2025-11-23 01:39:27,"{""reason"":""seed_cleanup""}"
2857,971,292,deleted,2025-10-16 09:43:59,"{""reason"":""seed_cleanup""}"
2858,1024,356,deleted,2025-10-28 03:36:56,"{""reason"":""seed_cleanup""}"
2859,1077,151,deleted,2025-11-09 05:27:03,"{""reason"":""seed_cleanup""}"
2860,1130,191,deleted,2025-11-14 00:06:05,"{""reason"":""seed_cleanup""}"
2861,1183,66,deleted,2026-01-17 13:35:01,"{""reason"":""seed_cleanup""}"
2862,1236,31,deleted,2025-11-15 18:04:07,"{""reason"":""seed_cleanup""}"
2863,1289,168,deleted,2025-12-14 13:39:24,"{""reason"":""seed_cleanup""}"
2864,1342,194,deleted,2025-09-20 18:27:31,"{""reason"":""seed_cleanup""}"
2865,1395,249,deleted,2025-12-01 11:57:29,"{""reason"":""seed_cleanup""}"
2866,1448,63,deleted,2026-02-03 19:44:52,"{""reason"":""seed_cleanup""}"
2867,1501,40,deleted,2026-01-31 15:54:58,"{""reason"":""seed_cleanup""}"
2868,1554,175,deleted,2026-01-15 02:55:22,"{""reason"":""seed_cleanup""}"
2869,1607,166,deleted,2025-05-02 01:18:11,"{""reason"":""seed_cleanup""}"
2870,1660,3,deleted,2026-02-23 11:40:54,"{""reason"":""seed_cleanup""}"
2871,1713,387,deleted,2025-03-12 15:01:26,"{""reason"":""seed_cleanup""}"
2872,1766,161,deleted,2025-03-27 00:40:41,"{""reason"":""seed_cleanup""}"
2873,1819,365,deleted,2026-01-27 07:03:03,"{""reason"":""seed_cleanup""}"
2874,1872,352,deleted,2025-08-13 04:55:34,"{""reason"":""seed_cleanup""}"
2875,1925,277,deleted,2025-08-03 13:07:23,"{""reason"":""seed_cleanup""}"
2876,1978,112,deleted,2025-06-09 08:19:50,"{""reason"":""seed_cleanup""}"
2877,32,258,deleted,2025-12-25 12:15:58,"{""reason"":""seed_cleanup""}"
2878,85,80,deleted,2026-01-12 10:41:27,"{""reason"":""seed_cleanup""}"
2879,138,238,deleted,2025-12-23 23:39:30,"{""reason"":""seed_cleanup""}"
2880,191,15,deleted,2025-11-05 18:04:29,"{""reason"":""seed_cleanup""}"
2881,244,295,deleted,2025-12-13 04:17:10,"{""reason"":""seed_cleanup""}"
2882,297,129,deleted,2025-09-30 19:12:32,"{""reason"":""seed_cleanup""}"
2883,350,365,deleted,2025-09-17 15:06:41,"{""reason"":""seed_cleanup""}"
2884,403,40,deleted,2025-07-21 22:15:05,"{""reason"":""seed_cleanup""}"
2885,456,16,deleted,2026-02-16 13:52:21,"{""reason"":""seed_cleanup""}"
2886,509,339,deleted,2025-11-30 07:22:50,"{""reason"":""seed_cleanup""}"
2887,562,320,deleted,2025-09-17 16:45:02,"{""reason"":""seed_cleanup""}"
2888,615,246,deleted,2025-08-27 07:01:24,"{""reason"":""seed_cleanup""}"
2889,668,197,deleted,2025-11-19 20:00:14,"{""reason"":""seed_cleanup""}"
2890,721,112,deleted,2025-08-24 05:26:44,"{""reason"":""seed_cleanup""}"
2891,774,331,deleted,2025-12-24 09:00:57,"{""reason"":""seed_cleanup""}"
2892,827,4,deleted,2025-11-21 12:23:45,"{""reason"":""seed_cleanup""}"
2893,880,177,deleted,2026-01-09 08:02:09,"{""reason"":""seed_cleanup""}"
2894,933,253,deleted,2025-08-02 13:27:15,"{""reason"":""seed_cleanup""}"
2895,986,161,deleted,2026-02-04 06:15:50,"{""reason"":""seed_cleanup""}"
2896,1039,4,deleted,2025-12-05 22:20:38,"{""reason"":""seed_cleanup""}"
2897,1092,46,deleted,2025-12-03 03:14:37,"{""reason"":""seed_cleanup""}"
2898,1145,295,deleted,2025-04-29 04:16:03,"{""reason"":""seed_cleanup""}"
2899,1198,60,deleted,2025-08-30 13:00:35,"{""reason"":""seed_cleanup""}"
2900,1251,369,deleted,2026-01-04 12:48:27,"{""reason"":""seed_cleanup""}"
2901,1304,395,deleted,2025-12-07 17:58:36,"{""reason"":""seed_cleanup""}"
2902,1357,342,deleted,2026-02-20 09:43:01,"{""reason"":""seed_cleanup""}"
2903,1410,128,deleted,2025-06-29 14:20:15,"{""reason"":""seed_cleanup""}"
2904,1463,281,deleted,2025-12-09 19:11:06,"{""reason"":""seed_cleanup""}"
2905,1516,296,deleted,2026-02-14 03:12:48,"{""reason"":""seed_cleanup""}"
2906,1569,140,deleted,2026-02-26 06:34:02,"{""reason"":""seed_cleanup""}"
2907,1622,278,deleted,2026-02-12 07:09:50,"{""reason"":""seed_cleanup""}"
2908,1675,143,deleted,2025-09-10 23:51:01,"{""reason"":""seed_cleanup""}"
2909,1728,165,deleted,2025-05-14 21:52:24,"{""reason"":""seed_cleanup""}"
2910,1781,1,deleted,2025-09-14 22:16:03,"{""reason"":""seed_cleanup""}"
2911,1834,221,deleted,2026-01-25 17:11:45,"{""reason"":""seed_cleanup""}"
2912,1887,18,deleted,2025-04-23 08:37:01,"{""reason"":""seed_cleanup""}"
2913,1940,238,deleted,2025-12-13 00:37:51,"{""reason"":""seed_cleanup""}"
2914,1993,286,deleted,2026-02-11 07:40:16,"{""reason"":""seed_cleanup""}"
2915,47,363,deleted,2026-02-20 21:59:18,"{""reason"":""seed_cleanup""}"
2916,100,394,deleted,2026-01-31 04:46:59,"{""reason"":""seed_cleanup""}"
2917,153,9,deleted,2026-01-03 04:51:17,"{""reason"":""seed_cleanup""}"
2918,206,81,deleted,2025-05-14 03:00:12,"{""reason"":""seed_cleanup""}"
2919,259,178,deleted,2025-05-22 08:23:33,"{""reason"":""seed_cleanup""}"
2920,312,346,deleted,2026-02-26 21:02:18,"{""reason"":""seed_cleanup""}"
2921,365,201,deleted,2026-02-20 17:29:24,"{""reason"":""seed_cleanup""}"
2922,418,276,deleted,2025-06-15 17:15:45,"{""reason"":""seed_cleanup""}"
2923,471,134,deleted,2026-01-12 19:37:08,"{""reason"":""seed_cleanup""}"
2924,524,9,deleted,2025-06-07 08:49:18,"{""reason"":""seed_cleanup""}"
2925,577,144,deleted,2025-12-16 11:47:16,"{""reason"":""seed_cleanup""}"
2926,630,243,deleted,2025-11-23 04:52:16,"{""reason"":""seed_cleanup""}"
2927,683,317,deleted,2026-02-06 02:31:16,"{""reason"":""seed_cleanup""}"
2928,736,348,deleted,2026-02-10 06:35:26,"{""reason"":""seed_cleanup""}"
2929,789,102,deleted,2025-07-15 12:39:33,"{""reason"":""seed_cleanup""}"
2930,842,246,deleted,2025-08-15 19:13:22,"{""reason"":""seed_cleanup""}"
2931,895,244,deleted,2025-12-06 21:30:04,"{""reason"":""seed_cleanup""}"
2932,948,182,deleted,2026-01-18 05:52:03,"{""reason"":""seed_cleanup""}"
2933,1001,74,deleted,2026-02-18 22:47:55,"{""reason"":""seed_cleanup""}"
2934,1054,231,deleted,2025-11-04 10:22:06,"{""reason"":""seed_cleanup""}"
2935,1107,176,deleted,2026-01-11 23:57:34,"{""reason"":""seed_cleanup""}"
2936,1160,389,deleted,2025-08-28 14:35:08,"{""reason"":""seed_cleanup""}"
2937,1213,305,deleted,2025-12-20 06:12:05,"{""reason"":""seed_cleanup""}"
2938,1266,119,deleted,2025-09-04 01:50:10,"{""reason"":""seed_cleanup""}"
2939,1319,125,deleted,2026-01-22 16:09:15,"{""reason"":""seed_cleanup""}"
2940,1372,76,deleted,2026-02-04 03:14:22,"{""reason"":""seed_cleanup""}"
2941,1425,151,deleted,2025-11-13 18:11:46,"{""reason"":""seed_cleanup""}"
2942,1478,23,deleted,2025-09-29 16:24:31,"{""reason"":""seed_cleanup""}"
2943,1531,245,deleted,2026-02-15 08:14:19,"{""reason"":""seed_cleanup""}"
2944,1584,6,deleted,2026-01-12 20:04:49,"{""reason"":""seed_cleanup""}"
2945,1637,305,deleted,2025-06-16 11:11:19,"{""reason"":""seed_cleanup""}"
2946,1690,200,deleted,2026-01-20 23:06:10,"{""reason"":""seed_cleanup""}"
2947,1743,392,deleted,2025-10-24 00:26:51,"{""reason"":""seed_cleanup""}"
2948,1796,329,deleted,2026-01-24 14:43:03,"{""reason"":""seed_cleanup""}"
2949,1849,287,deleted,2025-09-25 15:40:52,"{""reason"":""seed_cleanup""}"
2950,1902,281,deleted,2025-10-30 19:51:01,"{""reason"":""seed_cleanup""}"
2951,1955,20,deleted,2025-12-10 00:45:21,"{""reason"":""seed_cleanup""}"
2952,9,272,deleted,2025-12-09 09:13:51,"{""reason"":""seed_cleanup""}"
2953,62,90,deleted,2026-02-03 01:38:52,"{""reason"":""seed_cleanup""}"
2954,115,157,deleted,2026-01-23 22:26:13,"{""reason"":""seed_cleanup""}"
2955,168,371,deleted,2026-02-07 04:42:06,"{""reason"":""seed_cleanup""}"
2956,221,99,deleted,2025-12-29 08:51:53,"{""reason"":""seed_cleanup""}"
2957,274,1,deleted,2026-02-23 07:08:04,"{""reason"":""seed_cleanup""}"
2958,327,141,deleted,2025-10-01 04:33:11,"{""reason"":""seed_cleanup""}"
2959,380,307,deleted,2026-01-27 08:35:45,"{""reason"":""seed_cleanup""}"
2960,433,371,deleted,2026-02-19 11:09:51,"{""reason"":""seed_cleanup""}"
2961,486,203,deleted,2026-02-13 11:59:42,"{""reason"":""seed_cleanup""}"
2962,539,355,deleted,2026-02-15 02:11:29,"{""reason"":""seed_cleanup""}"
2963,592,92,deleted,2026-01-28 05:37:54,"{""reason"":""seed_cleanup""}"
2964,645,266,deleted,2025-12-21 14:12:03,"{""reason"":""seed_cleanup""}"
2965,698,219,deleted,2026-01-31 14:45:01,"{""reason"":""seed_cleanup""}"
2966,751,294,deleted,2026-02-03 22:47:38,"{""reason"":""seed_cleanup""}"
2967,804,351,deleted,2026-01-03 19:12:56,"{""reason"":""seed_cleanup""}"
2968,857,300,deleted,2026-01-04 04:59:56,"{""reason"":""seed_cleanup""}"
2969,910,391,deleted,2025-11-04 10:11:48,"{""reason"":""seed_cleanup""}"
2970,963,366,deleted,2026-02-19 11:27:56,"{""reason"":""seed_cleanup""}"
2971,1016,152,deleted,2026-01-26 05:34:39,"{""reason"":""seed_cleanup""}"
2972,1069,360,deleted,2025-12-19 21:36:39,"{""reason"":""seed_cleanup""}"
2973,1122,4,deleted,2025-08-25 02:26:23,"{""reason"":""seed_cleanup""}"
2974,1175,118,deleted,2026-02-22 03:45:48,"{""reason"":""seed_cleanup""}"
2975,1228,141,deleted,2025-09-09 18:15:34,"{""reason"":""seed_cleanup""}"
2976,1281,77,deleted,2025-06-21 02:29:05,"{""reason"":""seed_cleanup""}"
2977,1334,248,deleted,2025-06-05 05:36:14,"{""reason"":""seed_cleanup""}"
2978,1387,392,deleted,2025-06-09 12:43:39,"{""reason"":""seed_cleanup""}"
2979,1440,87,deleted,2026-02-03 22:15:36,"{""reason"":""seed_cleanup""}"
2980,1493,119,deleted,2025-11-25 16:37:52,"{""reason"":""seed_cleanup""}"
2981,1546,114,deleted,2026-02-27 03:22:22,"{""reason"":""seed_cleanup""}"
2982,1599,273,deleted,2025-12-12 05:57:35,"{""reason"":""seed_cleanup""}"
2983,1652,75,deleted,2025-11-09 16:52:05,"{""reason"":""seed_cleanup""}"
2984,1705,18,deleted,2025-04-26 07:50:10,"{""reason"":""seed_cleanup""}"
2985,1758,80,deleted,2026-01-16 12:06:51,"{""reason"":""seed_cleanup""}"
2986,1811,386,deleted,2026-02-03 05:39:47,"{""reason"":""seed_cleanup""}"
2987,1864,170,deleted,2025-12-27 22:28:48,"{""reason"":""seed_cleanup""}"
2988,1917,65,deleted,2026-02-25 21:39:20,"{""reason"":""seed_cleanup""}"
2989,1970,355,deleted,2025-07-07 19:12:18,"{""reason"":""seed_cleanup""}"
2990,24,87,deleted,2026-01-19 15:44:24,"{""reason"":""seed_cleanup""}"
2991,77,116,deleted,2025-12-30 13:24:16,"{""reason"":""seed_cleanup""}"
2992,130,247,deleted,2025-12-21 14:46:41,"{""reason"":""seed_cleanup""}"
2993,183,295,deleted,2025-10-09 15:51:05,"{""reason"":""seed_cleanup""}"
2994,236,230,deleted,2025-12-28 22:29:01,"{""reason"":""seed_cleanup""}"
2995,289,394,deleted,2025-12-28 15:24:48,"{""reason"":""seed_cleanup""}"
2996,342,87,deleted,2025-12-19 18:18:59,"{""reason"":""seed_cleanup""}"
2997,395,260,deleted,2026-01-12 05:07:44,"{""reason"":""seed_cleanup""}"
2998,448,18,deleted,2026-02-17 15:41:32,"{""reason"":""seed_cleanup""}"
2999,501,237,deleted,2025-12-27 01:30:22,"{""reason"":""seed_cleanup""}"
3000,554,185,deleted,2026-01-06 07:19:05,"{""reason"":""seed_cleanup""}"
3001,1,1,click,2025-10-24 11:47:21,"{""referrer"":""https://google.com"",""user_agent"":""Mozilla/5.0 seed-client""}"
3002,20,149,click,2025-12-13 11:00:59,"{""referrer"":""https://google.com"",""user_agent"":""Mozilla/5.0 seed-client""}"
3003,39,40,click,2025-12-26 14:59:39,"{""referrer"":""https://mlh.io"",""user_agent"":""Mozilla/5.0 seed-client""}"
3004,58,11,click,2026-02-17 04:04:51,"{""referrer"":""https://devpost.com"",""user_agent"":""Mozilla/5.0 seed-client""}"
3005,77,116,click,2025-11-28 19:56:59,"{""referrer"":""https://google.com"",""user_agent"":""Mozilla/5.0 seed-client""}"
3006,96,160,click,2026-01-24 16:29:09,"{""referrer"":""https://devpost.com"",""user_agent"":""Mozilla/5.0 seed-client""}"
3007,115,157,click,2025-12-20 10:36:15,"{""referrer"":""https://devpost.com"",""user_agent"":""Mozilla/5.0 seed-client""}"
3008,134,95,click,2025-07-21 02:19:52,"{""referrer"":""https://github.com"",""user_agent"":""Mozilla/5.0 seed-client""}"
3009,153,9,click,2026-01-22 04:21:16,"{""referrer"":""https://google.com"",""user_agent"":""Mozilla/5.0 seed-client""}"
3010,172,23,click,2026-02-19 09:04:34,"{""referrer"":""https://mlh.io"",""user_agent"":""Mozilla/5.0 seed-client""}"
3011,191,15,click,2025-11-30 19:50:56,"{""referrer"":""https://example.org/newsletter"",""user_agent"":""Mozilla/5.0 seed-client""}"
3012,210,318,click,2026-01-23 08:45:37,"{""referrer"":""https://news.ycombinator.com"",""user_agent"":""Mozilla/5.0 seed-client""}"
3013,229,150,click,2025-09-02 08:21:01,"{""referrer"":""https://github.com"",""user_agent"":""Mozilla/5.0 seed-client""}"
3014,248,223,click,2025-07-11 08:53:50,"{""referrer"":""https://github.com"",""user_agent"":""Mozilla/5.0 seed-client""}"
3015,267,7,click,2026-02-08 13:39:19,"{""referrer"":""https://devpost.com"",""user_agent"":""Mozilla/5.0 seed-client""}"
3016,286,60,click,2025-12-06 05:45:19,"{""referrer"":""https://example.org/newsletter"",""user_agent"":""Mozilla/5.0 seed-client""}"
3017,305,155,click,2025-09-03 03:09:16,"{""referrer"":""https://example.org/newsletter"",""user_agent"":""Mozilla/5.0 seed-client""}"
3018,324,28,click,2026-02-17 15:09:26,"{""referrer"":""https://devpost.com"",""user_agent"":""Mozilla/5.0 seed-client""}"
3019,343,69,click,2025-10-04 19:50:51,"{""referrer"":""https://news.ycombinator.com"",""user_agent"":""Mozilla/5.0 seed-client""}"
3020,362,358,click,2025-09-14 20:05:39,"{""referrer"":""https://github.com"",""user_agent"":""Mozilla/5.0 seed-client""}"
3021,381,21,click,2025-11-21 06:24:02,"{""referrer"":""https://devpost.com"",""user_agent"":""Mozilla/5.0 seed-client""}"
3022,400,392,click,2026-02-22 02:26:11,"{""referrer"":""https://example.org/newsletter"",""user_agent"":""Mozilla/5.0 seed-client""}"
3023,419,103,click,2026-02-24 22:02:31,"{""referrer"":""https://news.ycombinator.com"",""user_agent"":""Mozilla/5.0 seed-client""}"
3024,438,348,click,2026-01-25 13:27:14,"{""referrer"":""https://mlh.io"",""user_agent"":""Mozilla/5.0 seed-client""}"
3025,457,359,click,2025-08-13 11:33:38,"{""referrer"":""https://google.com"",""user_agent"":""Mozilla/5.0 seed-client""}"
3026,476,278,click,2025-09-25 19:41:45,"{""referrer"":""https://example.org/newsletter"",""user_agent"":""Mozilla/5.0 seed-client""}"
3027,495,188,click,2025-11-13 22:31:53,"{""referrer"":""https://news.ycombinator.com"",""user_agent"":""Mozilla/5.0 seed-client""}"
3028,514,344,click,2026-02-04 14:41:05,"{""referrer"":""https://github.com"",""user_agent"":""Mozilla/5.0 seed-client""}"
3029,533,75,click,2026-02-01 05:32:15,"{""referrer"":""https://google.com"",""user_agent"":""Mozilla/5.0 seed-client""}"
3030,552,344,click,2026-01-01 14:53:17,"{""referrer"":""https://google.com"",""user_agent"":""Mozilla/5.0 seed-client""}"
3031,571,318,click,2025-11-01 23:30:11,"{""referrer"":""https://github.com"",""user_agent"":""Mozilla/5.0 seed-client""}"
3032,590,168,click,2026-02-17 16:01:23,"{""referrer"":""https://devpost.com"",""user_agent"":""Mozilla/5.0 seed-client""}"
3033,609,368,click,2026-01-16 13:36:14,"{""referrer"":""https://example.org/newsletter"",""user_agent"":""Mozilla/5.0 seed-client""}"
3034,628,31,click,2026-01-02 06:12:34,"{""referrer"":""https://example.org/newsletter"",""user_agent"":""Mozilla/5.0 seed-client""}"
3035,647,172,click,2025-09-25 22:36:09,"{""referrer"":""https://news.ycombinator.com"",""user_agent"":""Mozilla/5.0 seed-client""}"
3036,666,192,click,2026-02-06 20:43:16,"{""referrer"":""https://example.org/newsletter"",""user_agent"":""Mozilla/5.0 seed-client""}"
3037,685,1,click,2026-02-14 03:09:31,"{""referrer"":""https://devpost.com"",""user_agent"":""Mozilla/5.0 seed-client""}"
3038,704,135,click,2025-10-25 04:29:09,"{""referrer"":""https://mlh.io"",""user_agent"":""Mozilla/5.0 seed-client""}"
3039,723,100,click,2026-01-13 10:00:13,"{""referrer"":""https://devpost.com"",""user_agent"":""Mozilla/5.0 seed-client""}"
3040,742,351,click,2026-01-15 10:19:16,"{""referrer"":""https://mlh.io"",""user_agent"":""Mozilla/5.0 seed-client""}"
3041,761,317,click,2025-07-15 22:35:16,"{""referrer"":""https://devpost.com"",""user_agent"":""Mozilla/5.0 seed-client""}"
3042,780,36,click,2025-05-22 03:07:49,"{""referrer"":""https://devpost.com"",""user_agent"":""Mozilla/5.0 seed-client""}"
3043,799,73,click,2025-08-26 04:28:34,"{""referrer"":""https://github.com"",""user_agent"":""Mozilla/5.0 seed-client""}"
3044,818,227,click,2026-02-23 04:30:59,"{""referrer"":""https://google.com"",""user_agent"":""Mozilla/5.0 seed-client""}"
3045,837,245,click,2026-02-28 14:49:58,"{""referrer"":""https://devpost.com"",""user_agent"":""Mozilla/5.0 seed-client""}"
3046,856,147,click,2025-10-26 14:47:38,"{""referrer"":""https://mlh.io"",""user_agent"":""Mozilla/5.0 seed-client""}"
3047,875,247,click,2026-02-09 04:42:49,"{""referrer"":""https://example.org/newsletter"",""user_agent"":""Mozilla/5.0 seed-client""}"
3048,894,289,click,2025-12-24 02:50:59,"{""referrer"":""https://news.ycombinator.com"",""user_agent"":""Mozilla/5.0 seed-client""}"
3049,913,58,click,2025-10-26 06:41:20,"{""referrer"":""https://mlh.io"",""user_agent"":""Mozilla/5.0 seed-client""}"
3050,932,396,click,2025-12-28 00:35:46,"{""referrer"":""https://mlh.io"",""user_agent"":""Mozilla/5.0 seed-client""}"
3051,951,79,click,2025-11-29 04:44:34,"{""referrer"":""https://google.com"",""user_agent"":""Mozilla/5.0 seed-client""}"
3052,970,332,click,2025-03-08 01:25:14,"{""referrer"":""https://news.ycombinator.com"",""user_agent"":""Mozilla/5.0 seed-client""}"
3053,989,85,click,2025-07-02 19:33:45,"{""referrer"":""https://devpost.com"",""user_agent"":""Mozilla/5.0 seed-client""}"
3054,1008,247,click,2025-06-14 23:52:40,"{""referrer"":""https://example.org/newsletter"",""user_agent"":""Mozilla/5.0 seed-client""}"
3055,1027,89,click,2025-09-15 13:38:27,"{""referrer"":""https://mlh.io"",""user_agent"":""Mozilla/5.0 seed-client""}"
3056,1046,56,click,2025-05-02 20:32:47,"{""referrer"":""https://google.com"",""user_agent"":""Mozilla/5.0 seed-client""}"
3057,1065,281,click,2025-06-21 09:12:28,"{""referrer"":""https://google.com"",""user_agent"":""Mozilla/5.0 seed-client""}"
3058,1084,228,click,2025-10-29 15:16:00,"{""referrer"":""https://google.com"",""user_agent"":""Mozilla/5.0 seed-client""}"
3059,1103,273,click,2026-02-10 18:56:27,"{""referrer"":""https://news.ycombinator.com"",""user_agent"":""Mozilla/5.0 seed-client""}"
3060,1122,4,click,2025-08-19 03:03:55,"{""referrer"":""https://mlh.io"",""user_agent"":""Mozilla/5.0 seed-client""}"
3061,1141,370,click,2025-09-19 16:23:06,"{""referrer"":""https://devpost.com"",""user_agent"":""Mozilla/5.0 seed-client""}"
3062,1160,389,click,2025-09-11 10:32:40,"{""referrer"":""https://devpost.com"",""user_agent"":""Mozilla/5.0 seed-client""}"
3063,1179,175,click,2026-01-14 23:07:41,"{""referrer"":""https://mlh.io"",""user_agent"":""Mozilla/5.0 seed-client""}"
3064,1198,60,click,2025-05-11 07:19:42,"{""referrer"":""https://example.org/newsletter"",""user_agent"":""Mozilla/5.0 seed-client""}"
3065,1217,113,click,2025-08-23 17:41:58,"{""referrer"":""https://news.ycombinator.com"",""user_agent"":""Mozilla/5.0 seed-client""}"
3066,1236,31,click,2026-02-10 01:56:12,"{""referrer"":""https://google.com"",""user_agent"":""Mozilla/5.0 seed-client""}"
3067,1255,122,click,2025-08-27 11:12:44,"{""referrer"":""https://github.com"",""user_agent"":""Mozilla/5.0 seed-client""}"
3068,1274,368,click,2026-01-30 05:16:57,"{""referrer"":""https://google.com"",""user_agent"":""Mozilla/5.0 seed-client""}"
3069,1293,397,click,2025-07-04 00:01:26,"{""referrer"":""https://mlh.io"",""user_agent"":""Mozilla/5.0 seed-client""}"
3070,1312,247,click,2025-10-06 22:09:29,"{""referrer"":""https://devpost.com"",""user_agent"":""Mozilla/5.0 seed-client""}"
3071,1331,97,click,2025-10-02 00:07:02,"{""referrer"":""https://example.org/newsletter"",""user_agent"":""Mozilla/5.0 seed-client""}"
3072,1350,235,click,2025-09-09 08:26:38,"{""referrer"":""https://news.ycombinator.com"",""user_agent"":""Mozilla/5.0 seed-client""}"
3073,1369,107,click,2025-08-06 16:53:45,"{""referrer"":""https://news.ycombinator.com"",""user_agent"":""Mozilla/5.0 seed-client""}"
3074,1388,242,click,2025-11-25 16:01:21,"{""referrer"":""https://example.org/newsletter"",""user_agent"":""Mozilla/5.0 seed-client""}"
3075,1407,357,click,2025-07-26 06:03:20,"{""referrer"":""https://google.com"",""user_agent"":""Mozilla/5.0 seed-client""}"
3076,1426,129,click,2026-02-04 00:01:29,"{""referrer"":""https://google.com"",""user_agent"":""Mozilla/5.0 seed-client""}"
3077,1445,352,click,2026-01-10 06:13:42,"{""referrer"":""https://github.com"",""user_agent"":""Mozilla/5.0 seed-client""}"
3078,1464,331,click,2026-02-03 19:42:53,"{""referrer"":""https://mlh.io"",""user_agent"":""Mozilla/5.0 seed-client""}"
3079,1483,261,click,2025-12-13 01:57:14,"{""referrer"":""https://mlh.io"",""user_agent"":""Mozilla/5.0 seed-client""}"
3080,1502,61,click,2026-01-12 03:11:31,"{""referrer"":""https://github.com"",""user_agent"":""Mozilla/5.0 seed-client""}"
3081,1521,331,click,2026-02-01 18:42:37,"{""referrer"":""https://google.com"",""user_agent"":""Mozilla/5.0 seed-client""}"
3082,1540,259,click,2025-12-15 20:50:48,"{""referrer"":""https://example.org/newsletter"",""user_agent"":""Mozilla/5.0 seed-client""}"
3083,1559,195,click,2026-01-26 03:17:27,"{""referrer"":""https://github.com"",""user_agent"":""Mozilla/5.0 seed-client""}"
3084,1578,108,click,2026-02-20 18:29:57,"{""referrer"":""https://google.com"",""user_agent"":""Mozilla/5.0 seed-client""}"
3085,1597,273,click,2025-11-09 03:00:39,"{""referrer"":""https://github.com"",""user_agent"":""Mozilla/5.0 seed-client""}"
3086,1616,315,click,2025-10-24 22:41:17,"{""referrer"":""https://example.org/newsletter"",""user_agent"":""Mozilla/5.0 seed-client""}"
3087,1635,352,click,2025-11-21 23:30:22,"{""referrer"":""https://mlh.io"",""user_agent"":""Mozilla/5.0 seed-client""}"
3088,1654,377,click,2025-07-05 20:14:11,"{""referrer"":""https://google.com"",""user_agent"":""Mozilla/5.0 seed-client""}"
3089,1673,223,click,2025-08-21 12:40:49,"{""referrer"":""https://github.com"",""user_agent"":""Mozilla/5.0 seed-client""}"
3090,1692,333,click,2025-09-09 04:34:22,"{""referrer"":""https://news.ycombinator.com"",""user_agent"":""Mozilla/5.0 seed-client""}"
3091,1711,25,click,2025-11-12 08:55:43,"{""referrer"":""https://devpost.com"",""user_agent"":""Mozilla/5.0 seed-client""}"
3092,1730,23,click,2025-12-25 17:57:24,"{""referrer"":""https://google.com"",""user_agent"":""Mozilla/5.0 seed-client""}"
3093,1749,252,click,2025-10-02 18:44:23,"{""referrer"":""https://example.org/newsletter"",""user_agent"":""Mozilla/5.0 seed-client""}"
3094,1768,284,click,2026-02-07 17:42:43,"{""referrer"":""https://example.org/newsletter"",""user_agent"":""Mozilla/5.0 seed-client""}"
3095,1787,108,click,2025-05-05 16:26:12,"{""referrer"":""https://google.com"",""user_agent"":""Mozilla/5.0 seed-client""}"
3096,1806,4,click,2025-11-20 07:18:48,"{""referrer"":""https://github.com"",""user_agent"":""Mozilla/5.0 seed-client""}"
3097,1825,63,click,2025-10-20 11:15:55,"{""referrer"":""https://example.org/newsletter"",""user_agent"":""Mozilla/5.0 seed-client""}"
3098,1844,127,click,2026-02-18 09:46:10,"{""referrer"":""https://github.com"",""user_agent"":""Mozilla/5.0 seed-client""}"
3099,1863,162,click,2026-02-27 20:11:12,"{""referrer"":""https://news.ycombinator.com"",""user_agent"":""Mozilla/5.0 seed-client""}"
3100,1882,198,click,2026-02-25 09:15:07,"{""referrer"":""https://github.com"",""user_agent"":""Mozilla/5.0 seed-client""}"
3101,1901,86,click,2025-08-03 12:57:08,"{""referrer"":""https://example.org/newsletter"",""user_agent"":""Mozilla/5.0 seed-client""}"
3102,1920,380,click,2025-12-22 07:38:10,"{""referrer"":""https://mlh.io"",""user_agent"":""Mozilla/5.0 seed-client""}"
3103,1939,358,click,2025-06-24 08:42:13,"{""referrer"":""https://google.com"",""user_agent"":""Mozilla/5.0 seed-client""}"
3104,1958,347,click,2025-09-29 09:23:03,"{""referrer"":""https://github.com"",""user_agent"":""Mozilla/5.0 seed-client""}"
3105,1977,59,click,2026-01-26 06:31:02,"{""referrer"":""https://example.org/newsletter"",""user_agent"":""Mozilla/5.0 seed-client""}"
3106,1996,78,click,2026-01-15 23:57:39,"{""referrer"":""https://mlh.io"",""user_agent"":""Mozilla/5.0 seed-client""}"
3107,15,273,click,2025-06-02 03:37:32,"{""referrer"":""https://github.com"",""user_agent"":""Mozilla/5.0 seed-client""}"
3108,34,320,click,2025-12-24 04:30:47,"{""referrer"":""https://github.com"",""user_agent"":""Mozilla/5.0 seed-client""}"
3109,53,52,click,2026-02-09 17:33:06,"{""referrer"":""https://example.org/newsletter"",""user_agent"":""Mozilla/5.0 seed-client""}"
3110,72,341,click,2025-07-19 15:50:37,"{""referrer"":""https://github.com"",""user_agent"":""Mozilla/5.0 seed-client""}"
3111,91,360,click,2026-01-18 23:32:11,"{""referrer"":""https://devpost.com"",""user_agent"":""Mozilla/5.0 seed-client""}"
3112,110,347,click,2026-02-19 05:25:41,"{""referrer"":""https://news.ycombinator.com"",""user_agent"":""Mozilla/5.0 seed-client""}"
3113,129,386,click,2026-02-25 00:36:15,"{""referrer"":""https://example.org/newsletter"",""user_agent"":""Mozilla/5.0 seed-client""}"
3114,148,32,click,2026-02-21 07:14:12,"{""referrer"":""https://google.com"",""user_agent"":""Mozilla/5.0 seed-client""}"
3115,167,232,click,2026-01-08 08:58:31,"{""referrer"":""https://devpost.com"",""user_agent"":""Mozilla/5.0 seed-client""}"
3116,186,27,click,2025-11-21 03:34:51,"{""referrer"":""https://devpost.com"",""user_agent"":""Mozilla/5.0 seed-client""}"
3117,205,80,click,2025-11-01 17:27:46,"{""referrer"":""https://google.com"",""user_agent"":""Mozilla/5.0 seed-client""}"
3118,224,339,click,2026-02-19 07:29:26,"{""referrer"":""https://news.ycombinator.com"",""user_agent"":""Mozilla/5.0 seed-client""}"
3119,243,19,click,2025-09-22 01:30:20,"{""referrer"":""https://google.com"",""user_agent"":""Mozilla/5.0 seed-client""}"
3120,262,181,click,2025-07-01 14:52:57,"{""referrer"":""https://github.com"",""user_agent"":""Mozilla/5.0 seed-client""}"
3121,281,344,click,2025-11-05 18:08:50,"{""referrer"":""https://github.com"",""user_agent"":""Mozilla/5.0 seed-client""}"
3122,300,348,click,2025-12-03 09:27:33,"{""referrer"":""https://news.ycombinator.com"",""user_agent"":""Mozilla/5.0 seed-client""}"
3123,319,242,click,2026-01-28 08:20:50,"{""referrer"":""https://github.com"",""user_agent"":""Mozilla/5.0 seed-client""}"
3124,338,177,click,2025-12-26 05:53:11,"{""referrer"":""https://news.ycombinator.com"",""user_agent"":""Mozilla/5.0 seed-client""}"
3125,357,3,click,2025-05-20 18:14:13,"{""referrer"":""https://news.ycombinator.com"",""user_agent"":""Mozilla/5.0 seed-client""}"
3126,376,98,click,2026-02-12 15:58:12,"{""referrer"":""https://devpost.com"",""user_agent"":""Mozilla/5.0 seed-client""}"
3127,395,260,click,2025-11-28 22:00:31,"{""referrer"":""https://news.ycombinator.com"",""user_agent"":""Mozilla/5.0 seed-client""}"
3128,414,213,click,2025-11-12 17:06:40,"{""referrer"":""https://mlh.io"",""user_agent"":""Mozilla/5.0 seed-client""}"
3129,433,371,click,2025-08-30 08:51:40,"{""referrer"":""https://devpost.com"",""user_agent"":""Mozilla/5.0 seed-client""}"
3130,452,113,click,2025-09-25 07:15:50,"{""referrer"":""https://github.com"",""user_agent"":""Mozilla/5.0 seed-client""}"
3131,471,134,click,2026-02-22 14:53:31,"{""referrer"":""https://github.com"",""user_agent"":""Mozilla/5.0 seed-client""}"
3132,490,7,click,2025-04-09 21:28:23,"{""referrer"":""https://example.org/newsletter"",""user_agent"":""Mozilla/5.0 seed-client""}"
3133,509,339,click,2025-12-28 09:50:01,"{""referrer"":""https://news.ycombinator.com"",""user_agent"":""Mozilla/5.0 seed-client""}"
3134,528,33,click,2025-11-21 11:45:10,"{""referrer"":""https://google.com"",""user_agent"":""Mozilla/5.0 seed-client""}"
3135,547,136,click,2025-11-21 12:49:59,"{""referrer"":""https://example.org/newsletter"",""user_agent"":""Mozilla/5.0 seed-client""}"
3136,566,279,click,2025-08-07 22:13:04,"{""referrer"":""https://mlh.io"",""user_agent"":""Mozilla/5.0 seed-client""}"
3137,585,36,click,2025-12-15 15:36:14,"{""referrer"":""https://google.com"",""user_agent"":""Mozilla/5.0 seed-client""}"
3138,604,129,click,2025-07-10 04:03:28,"{""referrer"":""https://github.com"",""user_agent"":""Mozilla/5.0 seed-client""}"
3139,623,11,click,2026-01-13 23:52:34,"{""referrer"":""https://google.com"",""user_agent"":""Mozilla/5.0 seed-client""}"
3140,642,221,click,2026-02-24 20:27:47,"{""referrer"":""https://example.org/newsletter"",""user_agent"":""Mozilla/5.0 seed-client""}"
3141,661,118,click,2025-04-11 18:40:37,"{""referrer"":""https://mlh.io"",""user_agent"":""Mozilla/5.0 seed-client""}"
3142,680,329,click,2025-09-29 23:09:49,"{""referrer"":""https://devpost.com"",""user_agent"":""Mozilla/5.0 seed-client""}"
3143,699,174,click,2025-11-27 13:47:28,"{""referrer"":""https://example.org/newsletter"",""user_agent"":""Mozilla/5.0 seed-client""}"
3144,718,369,click,2025-02-14 22:26:04,"{""referrer"":""https://news.ycombinator.com"",""user_agent"":""Mozilla/5.0 seed-client""}"
3145,737,342,click,2025-08-30 04:06:18,"{""referrer"":""https://mlh.io"",""user_agent"":""Mozilla/5.0 seed-client""}"
3146,756,257,click,2025-09-11 17:11:03,"{""referrer"":""https://github.com"",""user_agent"":""Mozilla/5.0 seed-client""}"
3147,775,131,click,2025-12-18 14:18:45,"{""referrer"":""https://devpost.com"",""user_agent"":""Mozilla/5.0 seed-client""}"
3148,794,111,click,2025-09-01 11:47:27,"{""referrer"":""https://github.com"",""user_agent"":""Mozilla/5.0 seed-client""}"
3149,813,37,click,2026-02-11 20:34:36,"{""referrer"":""https://example.org/newsletter"",""user_agent"":""Mozilla/5.0 seed-client""}"
3150,832,356,click,2026-01-24 21:00:09,"{""referrer"":""https://devpost.com"",""user_agent"":""Mozilla/5.0 seed-client""}"
3151,851,324,click,2026-02-07 02:18:28,"{""referrer"":""https://github.com"",""user_agent"":""Mozilla/5.0 seed-client""}"
3152,870,378,click,2025-07-04 01:10:21,"{""referrer"":""https://github.com"",""user_agent"":""Mozilla/5.0 seed-client""}"
3153,889,75,click,2026-01-05 03:24:39,"{""referrer"":""https://google.com"",""user_agent"":""Mozilla/5.0 seed-client""}"
3154,908,224,click,2026-02-27 17:15:43,"{""referrer"":""https://example.org/newsletter"",""user_agent"":""Mozilla/5.0 seed-client""}"
3155,927,87,click,2025-12-19 13:54:29,"{""referrer"":""https://example.org/newsletter"",""user_agent"":""Mozilla/5.0 seed-client""}"
3156,946,251,click,2025-12-22 00:19:23,"{""referrer"":""https://devpost.com"",""user_agent"":""Mozilla/5.0 seed-client""}"
3157,965,241,click,2026-02-17 13:16:00,"{""referrer"":""https://google.com"",""user_agent"":""Mozilla/5.0 seed-client""}"
3158,984,363,click,2025-09-23 10:41:29,"{""referrer"":""https://mlh.io"",""user_agent"":""Mozilla/5.0 seed-client""}"
3159,1003,194,click,2025-12-02 22:56:10,"{""referrer"":""https://github.com"",""user_agent"":""Mozilla/5.0 seed-client""}"
3160,1022,185,click,2026-01-17 10:25:36,"{""referrer"":""https://mlh.io"",""user_agent"":""Mozilla/5.0 seed-client""}"
3161,1041,297,click,2025-07-28 08:51:43,"{""referrer"":""https://github.com"",""user_agent"":""Mozilla/5.0 seed-client""}"
3162,1060,352,click,2026-02-14 14:08:59,"{""referrer"":""https://mlh.io"",""user_agent"":""Mozilla/5.0 seed-client""}"
3163,1079,71,click,2025-10-28 03:21:22,"{""referrer"":""https://devpost.com"",""user_agent"":""Mozilla/5.0 seed-client""}"
3164,1098,21,click,2025-03-10 23:05:34,"{""referrer"":""https://mlh.io"",""user_agent"":""Mozilla/5.0 seed-client""}"
3165,1117,398,click,2026-02-08 14:56:52,"{""referrer"":""https://github.com"",""user_agent"":""Mozilla/5.0 seed-client""}"
3166,1136,167,click,2026-01-24 11:17:57,"{""referrer"":""https://github.com"",""user_agent"":""Mozilla/5.0 seed-client""}"
3167,1155,183,click,2026-01-18 16:34:55,"{""referrer"":""https://news.ycombinator.com"",""user_agent"":""Mozilla/5.0 seed-client""}"
3168,1174,344,click,2025-12-28 15:16:42,"{""referrer"":""https://google.com"",""user_agent"":""Mozilla/5.0 seed-client""}"
3169,1193,224,click,2025-12-28 14:17:12,"{""referrer"":""https://mlh.io"",""user_agent"":""Mozilla/5.0 seed-client""}"
3170,1212,188,click,2025-05-24 02:38:41,"{""referrer"":""https://google.com"",""user_agent"":""Mozilla/5.0 seed-client""}"
3171,1231,167,click,2026-01-03 11:19:24,"{""referrer"":""https://github.com"",""user_agent"":""Mozilla/5.0 seed-client""}"
3172,1250,252,click,2025-11-25 16:11:55,"{""referrer"":""https://mlh.io"",""user_agent"":""Mozilla/5.0 seed-client""}"
3173,1269,378,click,2025-12-26 08:06:42,"{""referrer"":""https://mlh.io"",""user_agent"":""Mozilla/5.0 seed-client""}"
3174,1288,198,click,2025-11-14 18:45:51,"{""referrer"":""https://google.com"",""user_agent"":""Mozilla/5.0 seed-client""}"
3175,1307,243,click,2026-02-24 07:32:22,"{""referrer"":""https://github.com"",""user_agent"":""Mozilla/5.0 seed-client""}"
3176,1326,382,click,2026-01-18 00:42:02,"{""referrer"":""https://news.ycombinator.com"",""user_agent"":""Mozilla/5.0 seed-client""}"
3177,1345,305,click,2025-07-14 10:52:56,"{""referrer"":""https://devpost.com"",""user_agent"":""Mozilla/5.0 seed-client""}"
3178,1364,197,click,2025-04-29 14:02:04,"{""referrer"":""https://devpost.com"",""user_agent"":""Mozilla/5.0 seed-client""}"
3179,1383,178,click,2025-06-03 00:21:24,"{""referrer"":""https://mlh.io"",""user_agent"":""Mozilla/5.0 seed-client""}"
3180,1402,33,click,2025-12-23 20:49:32,"{""referrer"":""https://google.com"",""user_agent"":""Mozilla/5.0 seed-client""}"
3181,1421,30,click,2025-11-24 10:17:01,"{""referrer"":""https://news.ycombinator.com"",""user_agent"":""Mozilla/5.0 seed-client""}"
3182,1440,87,click,2025-12-16 01:31:14,"{""referrer"":""https://example.org/newsletter"",""user_agent"":""Mozilla/5.0 seed-client""}"
3183,1459,134,click,2025-12-30 16:09:19,"{""referrer"":""https://mlh.io"",""user_agent"":""Mozilla/5.0 seed-client""}"
3184,1478,23,click,2025-11-03 15:02:21,"{""referrer"":""https://mlh.io"",""user_agent"":""Mozilla/5.0 seed-client""}"
3185,1497,91,click,2025-07-30 17:53:56,"{""referrer"":""https://github.com"",""user_agent"":""Mozilla/5.0 seed-client""}"
3186,1516,296,click,2026-01-25 13:32:57,"{""referrer"":""https://google.com"",""user_agent"":""Mozilla/5.0 seed-client""}"
3187,1535,274,click,2026-01-11 11:48:43,"{""referrer"":""https://devpost.com"",""user_agent"":""Mozilla/5.0 seed-client""}"
3188,1554,175,click,2026-01-29 15:56:15,"{""referrer"":""https://google.com"",""user_agent"":""Mozilla/5.0 seed-client""}"
3189,1573,39,click,2025-11-10 16:43:11,"{""referrer"":""https://github.com"",""user_agent"":""Mozilla/5.0 seed-client""}"
3190,1592,195,click,2026-02-24 11:56:22,"{""referrer"":""https://github.com"",""user_agent"":""Mozilla/5.0 seed-client""}"
3191,1611,12,click,2026-02-14 13:29:46,"{""referrer"":""https://mlh.io"",""user_agent"":""Mozilla/5.0 seed-client""}"
3192,1630,271,click,2026-02-24 18:21:48,"{""referrer"":""https://news.ycombinator.com"",""user_agent"":""Mozilla/5.0 seed-client""}"
3193,1649,177,click,2026-01-30 19:00:51,"{""referrer"":""https://news.ycombinator.com"",""user_agent"":""Mozilla/5.0 seed-client""}"
3194,1668,9,click,2025-12-18 13:32:26,"{""referrer"":""https://news.ycombinator.com"",""user_agent"":""Mozilla/5.0 seed-client""}"
3195,1687,146,click,2025-10-18 08:12:28,"{""referrer"":""https://news.ycombinator.com"",""user_agent"":""Mozilla/5.0 seed-client""}"
3196,1706,177,click,2026-01-12 09:08:31,"{""referrer"":""https://news.ycombinator.com"",""user_agent"":""Mozilla/5.0 seed-client""}"
3197,1725,259,click,2026-01-08 04:38:12,"{""referrer"":""https://github.com"",""user_agent"":""Mozilla/5.0 seed-client""}"
3198,1744,393,click,2026-02-09 12:57:32,"{""referrer"":""https://mlh.io"",""user_agent"":""Mozilla/5.0 seed-client""}"
3199,1763,344,click,2025-07-20 17:37:37,"{""referrer"":""https://github.com"",""user_agent"":""Mozilla/5.0 seed-client""}"
3200,1782,3,click,2025-12-26 08:06:21,"{""referrer"":""https://news.ycombinator.com"",""user_agent"":""Mozilla/5.0 seed-client""}"
3201,1801,323,click,2025-12-20 02:53:23,"{""referrer"":""https://github.com"",""user_agent"":""Mozilla/5.0 seed-client""}"
3202,1820,399,click,2026-01-15 02:22:22,"{""referrer"":""https://github.com"",""user_agent"":""Mozilla/5.0 seed-client""}"
3203,1839,45,click,2026-02-17 04:55:14,"{""referrer"":""https://devpost.com"",""user_agent"":""Mozilla/5.0 seed-client""}"
3204,1858,351,click,2025-05-26 08:32:40,"{""referrer"":""https://devpost.com"",""user_agent"":""Mozilla/5.0 seed-client""}"
3205,1877,397,click,2026-02-05 04:43:35,"{""referrer"":""https://devpost.com"",""user_agent"":""Mozilla/5.0 seed-client""}"
3206,1896,177,click,2025-11-28 17:18:03,"{""referrer"":""https://example.org/newsletter"",""user_agent"":""Mozilla/5.0 seed-client""}"
3207,1915,201,click,2026-02-13 09:23:01,"{""referrer"":""https://github.com"",""user_agent"":""Mozilla/5.0 seed-client""}"
3208,1934,359,click,2025-09-05 09:21:14,"{""referrer"":""https://devpost.com"",""user_agent"":""Mozilla/5.0 seed-client""}"
3209,1953,280,click,2026-02-20 22:47:26,"{""referrer"":""https://mlh.io"",""user_agent"":""Mozilla/5.0 seed-client""}"
3210,1972,378,click,2026-02-06 05:56:06,"{""referrer"":""https://mlh.io"",""user_agent"":""Mozilla/5.0 seed-client""}"
3211,1991,274,click,2026-01-16 23:06:07,"{""referrer"":""https://github.com"",""user_agent"":""Mozilla/5.0 seed-client""}"
3212,10,173,click,2026-02-28 14:53:13,"{""referrer"":""https://mlh.io"",""user_agent"":""Mozilla/5.0 seed-client""}"
3213,29,74,click,2026-01-10 05:11:39,"{""referrer"":""https://google.com"",""user_agent"":""Mozilla/5.0 seed-client""}"
3214,48,152,click,2026-01-03 03:29:36,"{""referrer"":""https://example.org/newsletter"",""user_agent"":""Mozilla/5.0 seed-client""}"
3215,67,385,click,2026-01-08 00:54:32,"{""referrer"":""https://github.com"",""user_agent"":""Mozilla/5.0 seed-client""}"
3216,86,90,click,2025-11-18 19:48:30,"{""referrer"":""https://example.org/newsletter"",""user_agent"":""Mozilla/5.0 seed-client""}"
3217,105,94,click,2026-02-25 14:48:00,"{""referrer"":""https://news.ycombinator.com"",""user_agent"":""Mozilla/5.0 seed-client""}"
3218,124,293,click,2025-06-29 20:34:49,"{""referrer"":""https://mlh.io"",""user_agent"":""Mozilla/5.0 seed-client""}"
3219,143,390,click,2026-02-20 01:42:42,"{""referrer"":""https://google.com"",""user_agent"":""Mozilla/5.0 seed-client""}"
3220,162,157,click,2025-11-07 04:26:48,"{""referrer"":""https://example.org/newsletter"",""user_agent"":""Mozilla/5.0 seed-client""}"
3221,181,106,click,2026-02-19 00:25:08,"{""referrer"":""https://github.com"",""user_agent"":""Mozilla/5.0 seed-client""}"
3222,200,262,click,2025-12-02 00:33:48,"{""referrer"":""https://google.com"",""user_agent"":""Mozilla/5.0 seed-client""}"
3223,219,153,click,2025-12-18 10:35:29,"{""referrer"":""https://github.com"",""user_agent"":""Mozilla/5.0 seed-client""}"
3224,238,184,click,2025-10-07 23:11:41,"{""referrer"":""https://google.com"",""user_agent"":""Mozilla/5.0 seed-client""}"
3225,257,398,click,2026-02-25 09:19:20,"{""referrer"":""https://devpost.com"",""user_agent"":""Mozilla/5.0 seed-client""}"
3226,276,212,click,2025-04-02 19:28:09,"{""referrer"":""https://mlh.io"",""user_agent"":""Mozilla/5.0 seed-client""}"
3227,295,384,click,2025-12-28 12:43:58,"{""referrer"":""https://news.ycombinator.com"",""user_agent"":""Mozilla/5.0 seed-client""}"
3228,314,201,click,2026-01-01 14:01:12,"{""referrer"":""https://mlh.io"",""user_agent"":""Mozilla/5.0 seed-client""}"
3229,333,96,click,2025-10-18 16:32:16,"{""referrer"":""https://google.com"",""user_agent"":""Mozilla/5.0 seed-client""}"
3230,352,176,click,2025-03-25 18:18:07,"{""referrer"":""https://devpost.com"",""user_agent"":""Mozilla/5.0 seed-client""}"
3231,371,332,click,2025-08-20 00:20:05,"{""referrer"":""https://example.org/newsletter"",""user_agent"":""Mozilla/5.0 seed-client""}"
3232,390,304,click,2025-10-31 08:01:34,"{""referrer"":""https://news.ycombinator.com"",""user_agent"":""Mozilla/5.0 seed-client""}"
3233,409,295,click,2026-01-29 03:55:50,"{""referrer"":""https://google.com"",""user_agent"":""Mozilla/5.0 seed-client""}"
3234,428,146,click,2025-09-29 16:41:14,"{""referrer"":""https://news.ycombinator.com"",""user_agent"":""Mozilla/5.0 seed-client""}"
3235,447,146,click,2026-02-28 22:53:26,"{""referrer"":""https://google.com"",""user_agent"":""Mozilla/5.0 seed-client""}"
3236,466,232,click,2026-02-03 13:29:30,"{""referrer"":""https://google.com"",""user_agent"":""Mozilla/5.0 seed-client""}"
3237,485,339,click,2026-02-28 09:15:26,"{""referrer"":""https://mlh.io"",""user_agent"":""Mozilla/5.0 seed-client""}"
3238,504,232,click,2025-04-02 18:33:53,"{""referrer"":""https://example.org/newsletter"",""user_agent"":""Mozilla/5.0 seed-client""}"
3239,523,211,click,2025-09-30 05:31:07,"{""referrer"":""https://github.com"",""user_agent"":""Mozilla/5.0 seed-client""}"
3240,542,44,click,2025-04-10 05:34:24,"{""referrer"":""https://mlh.io"",""user_agent"":""Mozilla/5.0 seed-client""}"
3241,561,353,click,2025-07-21 18:22:43,"{""referrer"":""https://news.ycombinator.com"",""user_agent"":""Mozilla/5.0 seed-client""}"
3242,580,269,click,2025-09-29 13:21:57,"{""referrer"":""https://devpost.com"",""user_agent"":""Mozilla/5.0 seed-client""}"
3243,599,69,click,2025-09-14 14:30:31,"{""referrer"":""https://news.ycombinator.com"",""user_agent"":""Mozilla/5.0 seed-client""}"
3244,618,310,click,2026-01-27 07:17:04,"{""referrer"":""https://news.ycombinator.com"",""user_agent"":""Mozilla/5.0 seed-client""}"
3245,637,30,click,2025-10-12 12:58:39,"{""referrer"":""https://google.com"",""user_agent"":""Mozilla/5.0 seed-client""}"
3246,656,102,click,2025-11-28 20:58:31,"{""referrer"":""https://google.com"",""user_agent"":""Mozilla/5.0 seed-client""}"
3247,675,233,click,2026-01-28 21:47:59,"{""referrer"":""https://example.org/newsletter"",""user_agent"":""Mozilla/5.0 seed-client""}"
3248,694,361,click,2025-10-20 22:12:19,"{""referrer"":""https://devpost.com"",""user_agent"":""Mozilla/5.0 seed-client""}"
3249,713,58,click,2026-02-15 21:16:57,"{""referrer"":""https://devpost.com"",""user_agent"":""Mozilla/5.0 seed-client""}"
3250,732,398,click,2025-05-14 15:31:42,"{""referrer"":""https://google.com"",""user_agent"":""Mozilla/5.0 seed-client""}"
3251,751,294,click,2025-09-22 23:54:03,"{""referrer"":""https://news.ycombinator.com"",""user_agent"":""Mozilla/5.0 seed-client""}"
3252,770,57,click,2025-11-23 21:59:36,"{""referrer"":""https://news.ycombinator.com"",""user_agent"":""Mozilla/5.0 seed-client""}"
3253,789,102,click,2025-08-06 21:21:41,"{""referrer"":""https://google.com"",""user_agent"":""Mozilla/5.0 seed-client""}"
3254,808,15,click,2025-07-04 03:10:45,"{""referrer"":""https://news.ycombinator.com"",""user_agent"":""Mozilla/5.0 seed-client""}"
3255,827,4,click,2025-08-08 06:54:30,"{""referrer"":""https://news.ycombinator.com"",""user_agent"":""Mozilla/5.0 seed-client""}"
3256,846,138,click,2025-12-21 22:10:52,"{""referrer"":""https://github.com"",""user_agent"":""Mozilla/5.0 seed-client""}"
3257,865,289,click,2026-02-18 16:09:13,"{""referrer"":""https://devpost.com"",""user_agent"":""Mozilla/5.0 seed-client""}"
3258,884,271,click,2026-01-17 15:33:56,"{""referrer"":""https://google.com"",""user_agent"":""Mozilla/5.0 seed-client""}"
3259,903,42,click,2025-10-31 05:54:35,"{""referrer"":""https://mlh.io"",""user_agent"":""Mozilla/5.0 seed-client""}"
3260,922,176,click,2025-09-11 01:07:20,"{""referrer"":""https://news.ycombinator.com"",""user_agent"":""Mozilla/5.0 seed-client""}"
3261,941,337,click,2025-06-04 23:12:49,"{""referrer"":""https://news.ycombinator.com"",""user_agent"":""Mozilla/5.0 seed-client""}"
3262,960,180,click,2025-06-14 16:21:04,"{""referrer"":""https://example.org/newsletter"",""user_agent"":""Mozilla/5.0 seed-client""}"
3263,979,113,click,2026-02-02 11:13:48,"{""referrer"":""https://example.org/newsletter"",""user_agent"":""Mozilla/5.0 seed-client""}"
3264,998,321,click,2025-07-14 16:32:15,"{""referrer"":""https://devpost.com"",""user_agent"":""Mozilla/5.0 seed-client""}"
3265,1017,176,click,2025-04-11 08:51:48,"{""referrer"":""https://example.org/newsletter"",""user_agent"":""Mozilla/5.0 seed-client""}"
3266,1036,311,click,2026-02-10 01:55:52,"{""referrer"":""https://google.com"",""user_agent"":""Mozilla/5.0 seed-client""}"
3267,1055,157,click,2025-11-27 07:54:13,"{""referrer"":""https://mlh.io"",""user_agent"":""Mozilla/5.0 seed-client""}"
3268,1074,107,click,2026-02-08 06:21:56,"{""referrer"":""https://example.org/newsletter"",""user_agent"":""Mozilla/5.0 seed-client""}"
3269,1093,265,click,2025-11-28 11:47:06,"{""referrer"":""https://news.ycombinator.com"",""user_agent"":""Mozilla/5.0 seed-client""}"
3270,1112,73,click,2025-09-27 18:11:30,"{""referrer"":""https://mlh.io"",""user_agent"":""Mozilla/5.0 seed-client""}"
3271,1131,128,click,2026-01-15 03:39:33,"{""referrer"":""https://github.com"",""user_agent"":""Mozilla/5.0 seed-client""}"
3272,1150,350,click,2025-08-22 05:47:20,"{""referrer"":""https://mlh.io"",""user_agent"":""Mozilla/5.0 seed-client""}"
3273,1169,73,click,2025-11-14 22:11:58,"{""referrer"":""https://news.ycombinator.com"",""user_agent"":""Mozilla/5.0 seed-client""}"
3274,1188,368,click,2026-01-18 14:11:33,"{""referrer"":""https://example.org/newsletter"",""user_agent"":""Mozilla/5.0 seed-client""}"
3275,1207,257,click,2026-01-25 05:26:58,"{""referrer"":""https://mlh.io"",""user_agent"":""Mozilla/5.0 seed-client""}"
3276,1226,80,click,2026-01-21 20:51:23,"{""referrer"":""https://devpost.com"",""user_agent"":""Mozilla/5.0 seed-client""}"
3277,1245,94,click,2025-06-10 12:33:23,"{""referrer"":""https://mlh.io"",""user_agent"":""Mozilla/5.0 seed-client""}"
3278,1264,319,click,2025-11-19 19:20:36,"{""referrer"":""https://example.org/newsletter"",""user_agent"":""Mozilla/5.0 seed-client""}"
3279,1283,54,click,2026-01-28 03:54:53,"{""referrer"":""https://news.ycombinator.com"",""user_agent"":""Mozilla/5.0 seed-client""}"
3280,1302,220,click,2025-12-07 03:36:50,"{""referrer"":""https://github.com"",""user_agent"":""Mozilla/5.0 seed-client""}"
3281,1321,351,click,2026-01-07 12:16:31,"{""referrer"":""https://devpost.com"",""user_agent"":""Mozilla/5.0 seed-client""}"
3282,1340,370,click,2025-09-23 02:40:00,"{""referrer"":""https://example.org/newsletter"",""user_agent"":""Mozilla/5.0 seed-client""}"
3283,1359,35,click,2026-01-27 13:42:22,"{""referrer"":""https://example.org/newsletter"",""user_agent"":""Mozilla/5.0 seed-client""}"
3284,1378,369,click,2025-11-20 21:44:57,"{""referrer"":""https://mlh.io"",""user_agent"":""Mozilla/5.0 seed-client""}"
3285,1397,115,click,2025-12-21 08:49:50,"{""referrer"":""https://example.org/newsletter"",""user_agent"":""Mozilla/5.0 seed-client""}"
3286,1416,268,click,2026-02-26 02:05:24,"{""referrer"":""https://github.com"",""user_agent"":""Mozilla/5.0 seed-client""}"
3287,1435,285,click,2026-02-01 19:20:16,"{""referrer"":""https://example.org/newsletter"",""user_agent"":""Mozilla/5.0 seed-client""}"
3288,1454,10,click,2025-02-22 16:33:30,"{""referrer"":""https://news.ycombinator.com"",""user_agent"":""Mozilla/5.0 seed-client""}"
3289,1473,285,click,2026-01-03 14:23:32,"{""referrer"":""https://news.ycombinator.com"",""user_agent"":""Mozilla/5.0 seed-client""}"
3290,1492,197,click,2026-01-07 06:51:31,"{""referrer"":""https://example.org/newsletter"",""user_agent"":""Mozilla/5.0 seed-client""}"
3291,1511,162,click,2025-12-26 07:29:11,"{""referrer"":""https://example.org/newsletter"",""user_agent"":""Mozilla/5.0 seed-client""}"
3292,1530,80,click,2025-06-08 15:12:29,"{""referrer"":""https://example.org/newsletter"",""user_agent"":""Mozilla/5.0 seed-client""}"
3293,1549,364,click,2025-12-03 12:29:53,"{""referrer"":""https://google.com"",""user_agent"":""Mozilla/5.0 seed-client""}"
3294,1568,321,click,2025-10-15 12:20:15,"{""referrer"":""https://devpost.com"",""user_agent"":""Mozilla/5.0 seed-client""}"
3295,1587,335,click,2026-01-28 22:33:45,"{""referrer"":""https://devpost.com"",""user_agent"":""Mozilla/5.0 seed-client""}"
3296,1606,189,click,2025-10-27 04:39:54,"{""referrer"":""https://github.com"",""user_agent"":""Mozilla/5.0 seed-client""}"
3297,1625,193,click,2026-01-20 22:01:20,"{""referrer"":""https://example.org/newsletter"",""user_agent"":""Mozilla/5.0 seed-client""}"
3298,1644,1,click,2026-01-31 00:08:20,"{""referrer"":""https://github.com"",""user_agent"":""Mozilla/5.0 seed-client""}"
3299,1663,3,click,2026-02-11 19:04:56,"{""referrer"":""https://google.com"",""user_agent"":""Mozilla/5.0 seed-client""}"
3300,1682,105,click,2025-09-06 14:31:04,"{""referrer"":""https://github.com"",""user_agent"":""Mozilla/5.0 seed-client""}"
3301,1701,376,click,2025-09-07 07:25:18,"{""referrer"":""https://example.org/newsletter"",""user_agent"":""Mozilla/5.0 seed-client""}"
3302,1720,369,click,2025-12-01 13:15:08,"{""referrer"":""https://mlh.io"",""user_agent"":""Mozilla/5.0 seed-client""}"
3303,1739,379,click,2026-02-26 16:09:03,"{""referrer"":""https://google.com"",""user_agent"":""Mozilla/5.0 seed-client""}"
3304,1758,80,click,2026-01-16 22:23:10,"{""referrer"":""https://news.ycombinator.com"",""user_agent"":""Mozilla/5.0 seed-client""}"
3305,1777,390,click,2025-11-21 07:16:42,"{""referrer"":""https://google.com"",""user_agent"":""Mozilla/5.0 seed-client""}"
3306,1796,329,click,2025-04-26 04:37:45,"{""referrer"":""https://mlh.io"",""user_agent"":""Mozilla/5.0 seed-client""}"
3307,1815,169,click,2025-11-21 14:31:58,"{""referrer"":""https://example.org/newsletter"",""user_agent"":""Mozilla/5.0 seed-client""}"
3308,1834,221,click,2026-01-01 01:55:24,"{""referrer"":""https://news.ycombinator.com"",""user_agent"":""Mozilla/5.0 seed-client""}"
3309,1853,32,click,2025-08-14 17:58:52,"{""referrer"":""https://google.com"",""user_agent"":""Mozilla/5.0 seed-client""}"
3310,1872,352,click,2025-05-06 01:45:44,"{""referrer"":""https://devpost.com"",""user_agent"":""Mozilla/5.0 seed-client""}"
3311,1891,40,click,2026-01-25 09:47:17,"{""referrer"":""https://news.ycombinator.com"",""user_agent"":""Mozilla/5.0 seed-client""}"
3312,1910,93,click,2026-02-01 14:12:56,"{""referrer"":""https://mlh.io"",""user_agent"":""Mozilla/5.0 seed-client""}"
3313,1929,302,click,2026-02-02 13:56:13,"{""referrer"":""https://google.com"",""user_agent"":""Mozilla/5.0 seed-client""}"
3314,1948,249,click,2026-02-19 03:41:36,"{""referrer"":""https://github.com"",""user_agent"":""Mozilla/5.0 seed-client""}"
3315,1967,43,click,2026-01-21 21:59:33,"{""referrer"":""https://devpost.com"",""user_agent"":""Mozilla/5.0 seed-client""}"
3316,1986,293,click,2025-12-19 23:57:24,"{""referrer"":""https://github.com"",""user_agent"":""Mozilla/5.0 seed-client""}"
3317,5,260,click,2026-01-15 18:36:01,"{""referrer"":""https://google.com"",""user_agent"":""Mozilla/5.0 seed-client""}"
3318,24,87,click,2025-09-07 20:56:23,"{""referrer"":""https://devpost.com"",""user_agent"":""Mozilla/5.0 seed-client""}"
3319,43,125,click,2025-09-09 16:44:16,"{""referrer"":""https://mlh.io"",""user_agent"":""Mozilla/5.0 seed-client""}"
3320,62,90,click,2025-12-20 20:06:33,"{""referrer"":""https://mlh.io"",""user_agent"":""Mozilla/5.0 seed-client""}"
3321,81,95,click,2025-11-19 14:02:16,"{""referrer"":""https://github.com"",""user_agent"":""Mozilla/5.0 seed-client""}"
3322,100,394,click,2025-09-14 04:20:19,"{""referrer"":""https://news.ycombinator.com"",""user_agent"":""Mozilla/5.0 seed-client""}"
3323,119,80,click,2026-01-30 02:43:34,"{""referrer"":""https://news.ycombinator.com"",""user_agent"":""Mozilla/5.0 seed-client""}"
3324,138,238,click,2026-01-09 19:25:25,"{""referrer"":""https://github.com"",""user_agent"":""Mozilla/5.0 seed-client""}"
3325,157,239,click,2026-02-16 06:09:23,"{""referrer"":""https://google.com"",""user_agent"":""Mozilla/5.0 seed-client""}"
3326,176,156,click,2025-12-31 04:22:10,"{""referrer"":""https://github.com"",""user_agent"":""Mozilla/5.0 seed-client""}"
3327,195,190,click,2026-02-24 16:50:58,"{""referrer"":""https://google.com"",""user_agent"":""Mozilla/5.0 seed-client""}"
3328,214,194,click,2025-08-12 23:08:11,"{""referrer"":""https://devpost.com"",""user_agent"":""Mozilla/5.0 seed-client""}"
3329,233,110,click,2026-01-22 16:25:24,"{""referrer"":""https://devpost.com"",""user_agent"":""Mozilla/5.0 seed-client""}"
3330,252,126,click,2026-02-19 15:20:20,"{""referrer"":""https://mlh.io"",""user_agent"":""Mozilla/5.0 seed-client""}"
3331,271,138,click,2026-02-14 02:51:45,"{""referrer"":""https://devpost.com"",""user_agent"":""Mozilla/5.0 seed-client""}"
3332,290,381,click,2025-09-06 15:41:07,"{""referrer"":""https://devpost.com"",""user_agent"":""Mozilla/5.0 seed-client""}"
3333,309,107,click,2025-11-08 10:04:38,"{""referrer"":""https://github.com"",""user_agent"":""Mozilla/5.0 seed-client""}"
3334,328,2,click,2026-02-11 10:51:00,"{""referrer"":""https://mlh.io"",""user_agent"":""Mozilla/5.0 seed-client""}"
3335,347,351,click,2025-11-21 02:02:08,"{""referrer"":""https://devpost.com"",""user_agent"":""Mozilla/5.0 seed-client""}"
3336,366,36,click,2025-12-23 08:09:39,"{""referrer"":""https://google.com"",""user_agent"":""Mozilla/5.0 seed-client""}"
3337,385,19,click,2025-12-01 16:55:33,"{""referrer"":""https://github.com"",""user_agent"":""Mozilla/5.0 seed-client""}"
3338,404,262,click,2026-01-06 10:31:24,"{""referrer"":""https://google.com"",""user_agent"":""Mozilla/5.0 seed-client""}"
3339,423,170,click,2025-11-13 03:20:00,"{""referrer"":""https://devpost.com"",""user_agent"":""Mozilla/5.0 seed-client""}"
3340,442,275,click,2025-09-11 09:40:33,"{""referrer"":""https://news.ycombinator.com"",""user_agent"":""Mozilla/5.0 seed-client""}"
3341,461,6,click,2026-02-27 04:37:19,"{""referrer"":""https://github.com"",""user_agent"":""Mozilla/5.0 seed-client""}"
3342,480,249,click,2025-09-29 22:44:19,"{""referrer"":""https://github.com"",""user_agent"":""Mozilla/5.0 seed-client""}"
3343,499,67,click,2026-02-08 22:18:06,"{""referrer"":""https://google.com"",""user_agent"":""Mozilla/5.0 seed-client""}"
3344,518,199,click,2026-01-03 15:14:15,"{""referrer"":""https://example.org/newsletter"",""user_agent"":""Mozilla/5.0 seed-client""}"
3345,537,289,click,2026-02-06 19:39:05,"{""referrer"":""https://google.com"",""user_agent"":""Mozilla/5.0 seed-client""}"
3346,556,176,click,2025-10-05 05:51:17,"{""referrer"":""https://google.com"",""user_agent"":""Mozilla/5.0 seed-client""}"
3347,575,83,click,2026-01-01 15:14:45,"{""referrer"":""https://github.com"",""user_agent"":""Mozilla/5.0 seed-client""}"
3348,594,190,click,2026-02-24 20:39:57,"{""referrer"":""https://devpost.com"",""user_agent"":""Mozilla/5.0 seed-client""}"
3349,613,186,click,2025-09-21 07:31:35,"{""referrer"":""https://github.com"",""user_agent"":""Mozilla/5.0 seed-client""}"
3350,632,126,click,2025-12-29 15:43:57,"{""referrer"":""https://devpost.com"",""user_agent"":""Mozilla/5.0 seed-client""}"
3351,651,335,click,2025-06-07 16:20:59,"{""referrer"":""https://mlh.io"",""user_agent"":""Mozilla/5.0 seed-client""}"
3352,670,354,click,2025-12-22 13:33:05,"{""referrer"":""https://mlh.io"",""user_agent"":""Mozilla/5.0 seed-client""}"
3353,689,53,click,2025-11-06 16:20:55,"{""referrer"":""https://github.com"",""user_agent"":""Mozilla/5.0 seed-client""}"
3354,708,64,click,2025-10-25 11:33:03,"{""referrer"":""https://github.com"",""user_agent"":""Mozilla/5.0 seed-client""}"
3355,727,174,click,2026-01-26 07:59:42,"{""referrer"":""https://news.ycombinator.com"",""user_agent"":""Mozilla/5.0 seed-client""}"
3356,746,217,click,2025-12-11 02:32:14,"{""referrer"":""https://example.org/newsletter"",""user_agent"":""Mozilla/5.0 seed-client""}"
3357,765,288,click,2026-02-17 21:24:23,"{""referrer"":""https://mlh.io"",""user_agent"":""Mozilla/5.0 seed-client""}"
3358,784,277,click,2025-08-25 08:26:42,"{""referrer"":""https://news.ycombinator.com"",""user_agent"":""Mozilla/5.0 seed-client""}"
3359,803,396,click,2026-01-20 15:01:01,"{""referrer"":""https://google.com"",""user_agent"":""Mozilla/5.0 seed-client""}"
3360,822,1,click,2026-01-30 07:10:40,"{""referrer"":""https://example.org/newsletter"",""user_agent"":""Mozilla/5.0 seed-client""}"
3361,841,141,click,2026-02-28 23:59:54,"{""referrer"":""https://google.com"",""user_agent"":""Mozilla/5.0 seed-client""}"
3362,860,307,click,2026-01-14 02:09:58,"{""referrer"":""https://example.org/newsletter"",""user_agent"":""Mozilla/5.0 seed-client""}"
3363,879,93,click,2026-01-22 11:21:03,"{""referrer"":""https://google.com"",""user_agent"":""Mozilla/5.0 seed-client""}"
3364,898,253,click,2025-10-14 06:00:59,"{""referrer"":""https://mlh.io"",""user_agent"":""Mozilla/5.0 seed-client""}"
3365,917,361,click,2025-12-17 20:25:33,"{""referrer"":""https://mlh.io"",""user_agent"":""Mozilla/5.0 seed-client""}"
3366,936,37,click,2025-12-28 12:22:40,"{""referrer"":""https://example.org/newsletter"",""user_agent"":""Mozilla/5.0 seed-client""}"
3367,955,374,click,2025-12-29 08:58:48,"{""referrer"":""https://mlh.io"",""user_agent"":""Mozilla/5.0 seed-client""}"
3368,974,1,click,2025-12-26 09:29:45,"{""referrer"":""https://google.com"",""user_agent"":""Mozilla/5.0 seed-client""}"
3369,993,371,click,2025-06-08 17:36:42,"{""referrer"":""https://devpost.com"",""user_agent"":""Mozilla/5.0 seed-client""}"
3370,1012,202,click,2026-01-05 14:46:01,"{""referrer"":""https://mlh.io"",""user_agent"":""Mozilla/5.0 seed-client""}"
3371,1031,187,click,2025-09-22 10:30:47,"{""referrer"":""https://news.ycombinator.com"",""user_agent"":""Mozilla/5.0 seed-client""}"
3372,1050,144,click,2025-11-23 20:01:40,"{""referrer"":""https://example.org/newsletter"",""user_agent"":""Mozilla/5.0 seed-client""}"
3373,1069,360,click,2025-12-07 21:04:10,"{""referrer"":""https://mlh.io"",""user_agent"":""Mozilla/5.0 seed-client""}"
3374,1088,133,click,2026-01-02 22:08:48,"{""referrer"":""https://example.org/newsletter"",""user_agent"":""Mozilla/5.0 seed-client""}"
3375,1107,176,click,2026-01-18 17:56:03,"{""referrer"":""https://github.com"",""user_agent"":""Mozilla/5.0 seed-client""}"
3376,1126,24,click,2026-02-20 10:54:13,"{""referrer"":""https://github.com"",""user_agent"":""Mozilla/5.0 seed-client""}"
3377,1145,295,click,2025-11-03 14:37:54,"{""referrer"":""https://news.ycombinator.com"",""user_agent"":""Mozilla/5.0 seed-client""}"
3378,1164,77,click,2025-10-11 21:55:39,"{""referrer"":""https://mlh.io"",""user_agent"":""Mozilla/5.0 seed-client""}"
3379,1183,66,click,2025-10-19 18:44:40,"{""referrer"":""https://github.com"",""user_agent"":""Mozilla/5.0 seed-client""}"
3380,1202,141,click,2025-12-19 12:46:48,"{""referrer"":""https://github.com"",""user_agent"":""Mozilla/5.0 seed-client""}"
3381,1221,140,click,2025-09-12 22:51:57,"{""referrer"":""https://github.com"",""user_agent"":""Mozilla/5.0 seed-client""}"
3382,1240,353,click,2025-11-02 02:48:59,"{""referrer"":""https://github.com"",""user_agent"":""Mozilla/5.0 seed-client""}"
3383,1259,224,click,2025-06-28 10:56:58,"{""referrer"":""https://github.com"",""user_agent"":""Mozilla/5.0 seed-client""}"
3384,1278,209,click,2025-10-17 20:54:31,"{""referrer"":""https://devpost.com"",""user_agent"":""Mozilla/5.0 seed-client""}"
3385,1297,312,click,2025-09-17 13:35:11,"{""referrer"":""https://github.com"",""user_agent"":""Mozilla/5.0 seed-client""}"
3386,1316,41,click,2026-01-11 03:51:22,"{""referrer"":""https://google.com"",""user_agent"":""Mozilla/5.0 seed-client""}"
3387,1335,109,click,2026-01-16 07:18:44,"{""referrer"":""https://example.org/newsletter"",""user_agent"":""Mozilla/5.0 seed-client""}"
3388,1354,389,click,2025-08-22 14:23:17,"{""referrer"":""https://example.org/newsletter"",""user_agent"":""Mozilla/5.0 seed-client""}"
3389,1373,75,click,2025-06-12 14:09:50,"{""referrer"":""https://example.org/newsletter"",""user_agent"":""Mozilla/5.0 seed-client""}"
3390,1392,148,click,2025-08-28 05:47:05,"{""referrer"":""https://google.com"",""user_agent"":""Mozilla/5.0 seed-client""}"
3391,1411,346,click,2025-09-30 09:52:29,"{""referrer"":""https://github.com"",""user_agent"":""Mozilla/5.0 seed-client""}"
3392,1430,196,click,2025-10-29 22:15:27,"{""referrer"":""https://google.com"",""user_agent"":""Mozilla/5.0 seed-client""}"
3393,1449,123,click,2025-08-03 11:17:19,"{""referrer"":""https://news.ycombinator.com"",""user_agent"":""Mozilla/5.0 seed-client""}"
3394,1468,151,click,2025-12-19 10:18:08,"{""referrer"":""https://google.com"",""user_agent"":""Mozilla/5.0 seed-client""}"
3395,1487,32,click,2025-11-29 04:43:07,"{""referrer"":""https://google.com"",""user_agent"":""Mozilla/5.0 seed-client""}"
3396,1506,98,click,2025-08-21 08:51:02,"{""referrer"":""https://mlh.io"",""user_agent"":""Mozilla/5.0 seed-client""}"
3397,1525,117,click,2025-12-09 22:51:27,"{""referrer"":""https://google.com"",""user_agent"":""Mozilla/5.0 seed-client""}"
3398,1544,225,click,2025-05-14 05:56:42,"{""referrer"":""https://google.com"",""user_agent"":""Mozilla/5.0 seed-client""}"
3399,1563,85,click,2026-01-12 01:45:05,"{""referrer"":""https://google.com"",""user_agent"":""Mozilla/5.0 seed-client""}"
3400,1582,365,click,2025-09-27 03:29:46,"{""referrer"":""https://google.com"",""user_agent"":""Mozilla/5.0 seed-client""}"
3401,1,1,redirect,2026-02-22 22:33:26,"{""status_code"":""302"",""location"":""https://example.com/demo/landing""}"
3402,84,94,redirect,2025-11-30 15:49:12,"{""status_code"":""302"",""location"":""https://example.com/mellow/valley/84""}"
3403,167,232,redirect,2026-02-17 13:25:07,"{""status_code"":""302"",""location"":""https://opswise.net/vivid/zenith/167""}"
3404,250,234,redirect,2026-01-08 09:16:30,"{""status_code"":""302"",""location"":""https://seeded.app/keen/signal/250""}"
3405,333,96,redirect,2025-08-23 15:11:58,"{""status_code"":""302"",""location"":""https://acme.dev/lively/garden/333""}"
3406,416,171,redirect,2025-08-23 09:14:34,"{""status_code"":""302"",""location"":""https://relay.cloud/jade/kernel/416""}"
3407,499,67,redirect,2025-09-25 14:56:11,"{""status_code"":""302"",""location"":""https://hackstack.io/vivid/engine/499""}"
3408,582,244,redirect,2025-07-17 10:02:25,"{""status_code"":""302"",""location"":""https://opswise.net/brisk/anchor/582""}"
3409,665,81,redirect,2025-10-13 12:33:49,"{""status_code"":""302"",""location"":""https://relay.cloud/lively/kernel/665""}"
3410,748,124,redirect,2026-02-08 00:07:04,"{""status_code"":""302"",""location"":""https://relay.cloud/opal/network/748""}"
3411,831,211,redirect,2025-10-16 08:08:14,"{""status_code"":""302"",""location"":""https://opswise.net/brisk/orbit/831""}"
3412,914,271,redirect,2026-01-28 21:33:43,"{""status_code"":""302"",""location"":""https://acme.dev/brisk/signal/914""}"
3413,997,27,redirect,2025-10-04 12:57:03,"{""status_code"":""302"",""location"":""https://seeded.app/ember/signal/997""}"
3414,1080,69,redirect,2025-10-30 13:31:28,"{""status_code"":""302"",""location"":""https://relay.cloud/opal/beacon/1080""}"
3415,1163,54,redirect,2025-12-07 06:28:00,"{""status_code"":""302"",""location"":""https://example.com/rapid/uplink/1163""}"
3416,1246,9,redirect,2025-11-27 03:47:33,"{""status_code"":""302"",""location"":""https://example.com/cobalt/anchor/1246""}"
3417,1329,197,redirect,2025-12-27 14:38:06,"{""status_code"":""302"",""location"":""https://relay.cloud/mellow/journey/1329""}"
3418,1412,125,redirect,2026-02-01 22:48:20,"{""status_code"":""302"",""location"":""https://relay.cloud/lively/beacon/1412""}"
3419,1495,72,redirect,2026-02-22 03:10:50,"{""status_code"":""302"",""location"":""https://relay.cloud/quiet/network/1495""}"
3420,1578,108,redirect,2026-02-12 20:33:05,"{""status_code"":""302"",""location"":""https://opswise.net/mellow/delta/1578""}"
3421,1661,234,redirect,2026-02-18 00:23:28,"{""status_code"":""302"",""location"":""https://example.com/silver/pioneer/1661""}"
3422,1744,393,redirect,2025-09-06 17:11:31,"{""status_code"":""302"",""location"":""https://acme.dev/ember/orbit/1744""}"
