id,user_id,short_code,original_url,title,is_active,created_at,updated_at
1,1,demo01,https://example.com/demo/landing,Demo landing page,True,2025-10-12 20:32:37,2025-11-17 07:23:20
2,341,7dgVFn,https://acme.dev/forest/beacon/2,Incident notes journey,True,2025-03-26 11:27:06,2025-04-21 10:51:55
3,284,7zDKBD,https://acme.dev/young/window/3,Ops review zenith,True,2025-11-13 21:33:08,2025-12-08 10:27:30
4,305,9nMjTK,https://opswise.net/rapid/meadow/4,Status board meadow,True,2025-02-25 21:51:32,2025-05-08 03:49:46
5,260,0ENnEp,https://relay.cloud/dawn/garden/5,Status board uplink,True,2025-09-17 19:59:05,2026-02-09 17:11:22
6,136,yJ04xm,https://example.com/quiet/network/6,Quarterly brief pioneer,True,2025-11-14 07:30:58,2026-01-23 14:21:29
7,149,maAmLR,https://hackstack.io/navy/island/7,Status board pioneer,True,2025-12-16 14:16:58,2026-02-11 18:26:38
8,261,Uzur13,https://relay.cloud/rapid/uplink/8,Alert feed anchor,True,2025-07-06 00:30:35,2026-01-31 18:33:53
9,272,ieji8t,https://hackstack.io/amber/pioneer/9,Alert feed network,True,2025-07-17 07:22:21,2025-10-27 21:20:21
10,173,fV54NC,https://relay.cloud/lively/pioneer/10,Status board trail,True,2025-03-26 07:43:34,2026-01-13 14:20:32
11,295,hW0ogM,https://example.com/rapid/trail/11,Status board kernel,True,2025-12-13 10:20:08,2026-01-02 05:04:04
12,165,pcASAz,https://opswise.net/dawn/anchor/12,Ops review island,True,2025-12-03 01:46:29,2025-12-15 16:29:11
13,254,PpX3LU,https://example.com/rapid/beacon/13,Alert feed uplink,True,2026-02-14 14:45:41,2026-02-15 17:28:25
14,155,VvliC1,https://hackstack.io/gold/yard/14,Service guide river,True,2025-12-29 08:27:37,2025-12-31 01:35:44
15,273,irqcej,https://relay.cloud/rapid/trail/15,Status board meadow,True,2025-01-29 10:40:18,2025-12-17 18:27:33
16,306,OZoAlm,https://hackstack.io/quiet/signal/16,Ops review harvest,True,2025-02-06 15:56:47,2025-02-19 06:20:24
17,381,GBFhVp,https://relay.cloud/gold/journey/17,Status board river,False,2025-12-02 20:39:47,2026-01-06 17:42:45
18,45,SGQA3H,https://example.com/brisk/trail/18,Campaign page kernel,True,2026-01-02 06:59:14,2026-02-17 22:51:33
19,149,0Oy28t,https://acme.dev/lively/network/19,Roadmap update kernel,True,2025-03-02 07:28:46,2026-01-28 09:42:50
20,149,zdlezd,https://acme.dev/proud/engine/20,Roadmap update lagoon,True,2025-07-05 06:13:04,2025-10-26 00:22:26
21,21,tijaFw,https://relay.cloud/keen/garden/21,Status board delta,True,2025-01-12 05:49:12,2025-03-31 14:01:54
22,60,5mlEPU,https://acme.dev/forest/journey/22,Ops review garden,True,2026-02-06 05:32:14,2026-02-20 21:07:18
23,151,lmihmM,https://acme.dev/ivory/lagoon/23,Launch deck field,True,2025-10-07 03:32:57,2025-11-15 12:35:56
24,87,Z1YZ5c,https://acme.dev/lively/network/24,Ops review pioneer,True,2025-03-23 12:03:34,2025-12-19 14:04:22
25,257,MMoF7z,https://relay.cloud/keen/meadow/25,Quarterly brief island,True,2025-03-18 10:34:25,2025-05-03 13:48:19
26,109,wyc9ZQ,https://example.com/harbor/quartz/26,Incident notes lagoon,True,2025-06-02 00:32:18,2025-09-21 15:20:11
27,337,c5govL,https://seeded.app/navy/river/27,Quarterly brief garden,True,2025-06-23 03:04:09,2025-08-02 23:36:03
28,71,C59ETO,https://acme.dev/gold/garden/28,Launch deck delta,True,2025-03-22 03:10:59,2025-07-21 18:13:48
29,74,65ol3l,https://hackstack.io/lively/pioneer/29,Campaign page quartz,True,2025-01-06 22:35:25,2025-08-08 12:23:32
30,42,9cri9i,https://hackstack.io/cobalt/river/30,Service guide engine,True,2025-03-19 00:12:45,2025-05-14 20:38:14
31,23,LSRloR,https://acme.dev/tidy/delta/31,Campaign page river,True,2025-11-20 16:58:31,2025-11-21 00:12:16
32,258,Nd4415,https://relay.cloud/dawn/anchor/32,Roadmap update window,True,2025-08-13 14:10:17,2025-11-01 07:23:43
33,340,X2FCwu,https://opswise.net/silver/signal/33,Campaign page lagoon,True,2026-01-23 04:00:45,2026-02-04 11:12:44
34,320,rQBxQx,https://acme.dev/amber/valley/34,Status board engine,False,2025-07-25 03:03:51,2026-02-09 04:59:45
35,22,I3EPwA,https://hackstack.io/warm/zenith/35,Campaign page lagoon,True,2025-05-22 18:58:53,2026-02-06 21:15:03
36,101,of6ZCb,https://seeded.app/urban/field/36,Roadmap update canyon,True,2025-04-04 10:20:08,2025-10-01 10:27:22
37,165,gUxpVQ,https://seeded.app/mellow/island/37,Campaign page engine,True,2026-01-29 16:29:03,2026-02-16 14:25:30
38,398,gIQ2z1,https://seeded.app/proud/uplink/38,Ops review harvest,True,2025-10-15 15:49:22,2025-11-24 16:35:55
39,40,CYLaJO,https://hackstack.io/navy/kernel/39,Status board field,True,2025-10-06 06:34:32,2025-12-20 04:08:20
40,76,Ba1BP1,https://opswise.net/young/network/40,Demo link yard,True,2025-05-16 09:30:06,2025-12-03 08:33:56
41,328,3zA6Uq,https://relay.cloud/quiet/valley/41,Launch deck uplink,True,2025-03-03 22:16:49,2026-01-11 17:59:36
42,130,ZvcnV6,https://acme.dev/brisk/orbit/42,Launch deck engine,True,2025-07-02 08:05:03,2026-02-13 14:25:24
43,125,veOhtJ,https://example.com/dawn/beacon/43,Incident notes delta,True,2025-04-14 19:31:39,2025-08-17 04:11:15
44,373,lVl8HA,https://example.com/ember/yard/44,Ops review zenith,True,2025-01-28 03:29:41,2025-02-17 20:57:22
45,189,bDd3EC,https://opswise.net/harbor/uplink/45,Roadmap update valley,True,2025-02-16 21:09:30,2025-06-17 11:58:04
46,399,mHQSiq,https://acme.dev/proud/zenith/46,Quarterly brief engine,True,2026-02-15 22:15:50,2026-02-17 22:20:21
47,363,mM8cAg,https://relay.cloud/brisk/trail/47,Campaign page meadow,True,2026-01-17 06:32:28,2026-02-16 23:57:14
48,152,8lgNyH,https://relay.cloud/tidy/field/48,Roadmap update lagoon,True,2025-07-22 20:15:12,2025-11-16 01:50:08
49,138,EzFSi4,https://example.com/navy/quartz/49,Quarterly brief valley,True,2025-12-10 00:06:52,2026-01-03 03:51:55
50,117,ohyl3X,https://seeded.app/mellow/engine/50,Demo link orbit,True,2025-08-04 03:32:27,2025-12-05 15:13:44
51,382,7W32yP,https://relay.cloud/rapid/network/51,Status board trail,False,2025-01-02 16:20:49,2025-03-25 08:01:03
52,262,XMTAt3,https://example.com/jade/pioneer/52,Demo link lagoon,True,2025-02-10 14:11:57,2025-08-14 15:50:28
53,52,BSkKUS,https://opswise.net/proud/lagoon/53,Alert feed orbit,True,2026-01-26 04:25:37,2026-02-04 20:48:54
54,389,DzfXt0,https://seeded.app/forest/meadow/54,Demo link zenith,True,2025-05-14 02:15:50,2025-11-03 15:12:30
55,112,J4nLaG,https://example.com/young/river/55,Demo link kernel,True,2025-01-20 20:18:57,2025-02-21 10:30:39
56,54,q1oL5v,https://acme.dev/ivory/journey/56,Ops review yard,True,2025-12-09 15:09:02,2026-01-31 13:22:06
57,219,qbGeEx,https://relay.cloud/mellow/anchor/57,Alert feed journey,True,2025-01-12 08:41:47,2025-03-10 20:55:36
58,11,6IqN6o,https://relay.cloud/amber/delta/58,Quarterly brief valley,True,2025-01-08 15:50:57,2025-08-25 05:22:42
59,85,aegYgG,https://acme.dev/harbor/valley/59,Demo link delta,True,2025-04-20 07:39:53,2025-07-25 10:32:30
60,300,IdIDDm,https://hackstack.io/keen/beacon/60,Launch deck kernel,True,2026-01-05 03:47:24,2026-01-12 07:06:07
61,136,t7iVpH,https://seeded.app/gold/valley/61,Launch deck network,True,2025-03-22 12:38:15,2025-05-29 20:44:57
62,90,VrWoUp,https://opswise.net/young/network/62,Status board lagoon,True,2025-11-14 22:02:47,2026-01-11 22:47:48
63,256,ZU4aj1,https://seeded.app/navy/delta/63,Alert feed orbit,True,2025-11-16 06:30:58,2025-12-31 23:37:33
64,25,DRGRbd,https://relay.cloud/young/journey/64,Demo link valley,True,2025-01-07 09:03:42,2025-01-23 00:47:22
65,382,FOE9f7,https://acme.dev/lively/yard/65,Status board trail,True,2025-05-04 07:14:16,2025-07-10 11:03:02
66,162,EMQmgr,https://relay.cloud/navy/meadow/66,Launch deck river,True,2025-04-12 07:07:18,2025-07-28 01:52:10
67,385,c2m07F,https://acme.dev/mellow/journey/67,Launch deck anchor,True,2025-05-24 04:15:24,2025-07-06 20:47:46
68,200,AgaUwA,https://acme.dev/harbor/delta/68,Status board quartz,False,2025-08-26 10:17:43,2025-11-05 06:59:45
69,394,scc2hE,https://example.com/navy/valley/69,Ops review river,True,2025-10-05 03:36:28,2026-02-13 01:01:25
70,223,SMnLuE,https://acme.dev/urban/quartz/70,Ops review quartz,True,2025-10-21 11:38:27,2026-01-09 12:22:47
71,76,XRa9K2,https://acme.dev/mellow/garden/71,Service guide harvest,True,2025-06-22 18:16:14,2025-10-17 16:27:50
72,341,lWZdTA,https://example.com/proud/quartz/72,Incident notes lagoon,True,2025-02-03 05:04:05,2025-11-19 20:10:26
73,337,HBl6J7,https://example.com/navy/harvest/73,Incident notes quartz,True,2026-01-18 05:18:57,2026-01-27 06:57:42
74,230,5F7cJa,https://opswise.net/quiet/yard/74,Status board island,True,2025-02-02 01:23:20,2025-04-25 15:00:15
75,258,3fMGhs,https://hackstack.io/opal/meadow/75,Incident notes orbit,True,2026-02-10 11:31:02,2026-02-13 22:29:18
76,302,g5tav6,https://relay.cloud/quiet/lagoon/76,Quarterly brief beacon,True,2025-09-30 04:00:49,2025-11-11 14:37:13
77,116,2T14iG,https://hackstack.io/ember/signal/77,Launch deck lagoon,True,2025-08-07 00:30:59,2025-09-13 01:01:13
78,298,2ytD4m,https://opswise.net/jade/engine/78,Roadmap update valley,True,2025-07-19 12:21:49,2025-11-15 14:28:06
79,123,IFf1ar,https://opswise.net/warm/zenith/79,Roadmap update delta,True,2025-05-05 18:56:33,2025-09-16 13:51:01
80,61,e2BXRl,https://seeded.app/ember/window/80,Incident notes zenith,True,2025-04-23 16:12:05,2025-08-14 05:45:44
81,95,5ogrva,https://acme.dev/clear/engine/81,Quarterly brief zenith,True,2025-09-18 02:15:30,2026-02-01 08:01:24
82,150,XoQWm8,https://example.com/opal/river/82,Roadmap update beacon,True,2025-12-11 06:58:38,2026-01-27 19:29:35
83,160,FK4xtJ,https://hackstack.io/amber/field/83,Ops review meadow,True,2025-11-05 12:25:46,2026-01-10 10:59:14
84,94,NXoSL2,https://example.com/mellow/valley/84,Service guide zenith,True,2025-06-14 03:50:29,2025-11-08 16:22:54
85,80,VQMim3,https://relay.cloud/proud/lagoon/85,Roadmap update river,False,2026-01-11 13:20:26,2026-01-30 01:37:57
86,90,8evGrM,https://acme.dev/ember/signal/86,Service guide orbit,True,2025-10-24 03:28:47,2025-11-08 22:27:27
87,232,OarvRs,https://example.com/rapid/zenith/87,Service guide kernel,True,2025-08-20 07:51:31,2025-10-23 14:15:20
88,151,8me8XZ,https://hackstack.io/forest/zenith/88,Service guide uplink,True,2025-08-14 02:41:03,2025-09-17 07:03:14
89,324,4dWVvD,https://opswise.net/proud/pioneer/89,Quarterly brief meadow,True,2025-07-30 12:55:49,2025-08-15 04:13:50
90,219,EM3n3M,https://opswise.net/keen/yard/90,Roadmap update network,True,2025-07-24 08:42:14,2025-12-16 14:42:52
91,360,7rAVuB,https://seeded.app/calm/quartz/91,Ops review beacon,True,2025-03-31 07:25:03,2025-08-01 10:29:55
92,189,fHY5yZ,https://acme.dev/calm/orbit/92,Campaign page journey,True,2025-06-09 11:35:29,2025-08-09 03:56:48
93,198,rElCC5,https://example.com/harbor/engine/93,Status board orbit,True,2025-08-11 22:56:22,2025-11-16 23:23:15
94,314,JVIE4Q,https://opswise.net/vivid/valley/94,Quarterly brief trail,True,2025-11-13 23:00:36,2025-12-20 23:27:46
95,164,HBuwJV,https://seeded.app/ember/journey/95,Status board delta,True,2025-02-12 02:19:43,2025-02-15 10:16:36
96,160,2fqdrO,https://hackstack.io/mellow/delta/96,Roadmap update engine,True,2025-12-29 18:44:52,2026-02-12 04:41:28
97,261,0u5cA4,https://opswise.net/urban/engine/97,Demo link signal,True,2025-03-16 10:52:50,2025-09-01 09:10:34
98,56,MHr4ia,https://seeded.app/rapid/orbit/98,Incident notes journey,True,2025-03-03 12:01:55,2025-04-18 05:31:16
99,384,YAYQYK,https://example.com/vivid/orbit/99,Roadmap update delta,True,2025-01-11 20:01:26,2025-11-11 03:50:00
100,394,azf2fK,https://example.com/silver/delta/100,Ops review beacon,True,2025-08-29 01:25:48,2025-09-20 02:06:31
101,298,z15SSz,https://relay.cloud/opal/anchor/101,Campaign page quartz,True,2025-10-22 02:41:26,2025-12-18 09:12:46
102,253,3VMqoV,https://acme.dev/opal/field/102,Status board meadow,False,2026-02-01 01:14:36,2026-02-08 21:37:47
103,273,VujZNg,https://example.com/young/journey/103,Demo link beacon,True,2025-11-11 02:35:24,2025-11-16 00:16:00
104,158,nvJ9ke,https://opswise.net/gold/network/104,Service guide garden,True,2025-07-16 10:33:07,2026-02-20 18:09:23
105,94,DjeFSo,https://relay.cloud/brisk/delta/105,Alert feed signal,True,2026-01-25 01:22:48,2026-02-10 06:29:26
106,27,6qrXMw,https://opswise.net/jade/zenith/106,Demo link field,True,2025-03-25 07:14:42,2026-01-08 18:10:15
107,358,O3tIOW,https://relay.cloud/clear/valley/107,Service guide yard,True,2026-02-17 16:14:51,2026-02-17 16:32:02
108,157,a2bA8K,https://acme.dev/quiet/delta/108,Incident notes canyon,True,2025-01-31 00:31:05,2025-03-25 21:23:06
109,138,gUp2Oq,https://hackstack.io/amber/window/109,Quarterly brief orbit,True,2025-01-04 04:02:44,2026-02-16 02:47:38
110,347,ejNVKX,https://acme.dev/dawn/kernel/110,Status board pioneer,True,2025-06-14 06:06:08,2025-06-14 12:36:09
111,98,3DzG31,https://seeded.app/ember/zenith/111,Alert feed pioneer,True,2025-04-16 15:49:22,2025-12-30 19:50:35
112,9,tRWNsw,https://acme.dev/forest/network/112,Incident notes field,True,2025-05-08 09:51:27,2025-10-30 03:32:52
113,155,rZWbsR,https://seeded.app/opal/window/113,Status board uplink,True,2025-05-03 06:53:23,2026-02-20 19:54:02
114,355,TthcpA,https://seeded.app/navy/kernel/114,Service guide network,True,2026-01-01 16:47:21,2026-01-27 20:30:16
115,157,dkD2xP,https://acme.dev/jade/kernel/115,Campaign page meadow,True,2025-11-14 03:13:23,2025-11-28 14:46:28
116,313,dTwoJr,https://relay.cloud/ember/beacon/116,Ops review beacon,True,2025-11-16 20:05:42,2026-01-16 08:58:19
117,290,qqWxsJ,https://relay.cloud/dawn/anchor/117,Ops review harvest,True,2025-01-13 06:14:20,2025-02-24 14:52:42
118,99,4VM1oU,https://acme.dev/harbor/trail/118,Status board pioneer,True,2026-02-01 01:23:31,2026-02-11 13:03:33
119,80,8hfzc1,https://opswise.net/warm/canyon/119,Campaign page pioneer,False,2025-12-01 12:50:59,2025-12-14 21:45:31
120,173,20DD36,https://hackstack.io/amber/delta/120,Status board trail,True,2025-06-08 00:27:02,2025-07-07 11:28:50
121,58,GUyKCW,https://acme.dev/opal/kernel/121,Incident notes delta,True,2025-02-23 00:58:00,2025-06-05 15:04:22
122,212,d2EpwF,https://opswise.net/young/quartz/122,Demo link field,True,2025-12-06 22:55:10,2026-01-30 18:11:06
123,330,D7pNOO,https://seeded.app/gold/island/123,Ops review orbit,True,2026-02-16 22:58:17,2026-02-19 17:08:08
124,293,HldeSM,https://opswise.net/amber/zenith/124,Status board valley,True,2025-05-25 21:18:29,2025-06-18 05:47:07
125,104,TTigSU,https://relay.cloud/urban/journey/125,Demo link beacon,True,2025-06-01 16:20:06,2025-09-23 08:30:58
126,322,7PlDgo,https://relay.cloud/ivory/field/126,Alert feed garden,True,2025-07-26 11:44:04,2026-02-01 13:31:54
127,296,szngDz,https://hackstack.io/amber/signal/127,Launch deck lagoon,True,2025-05-10 21:27:08,2025-09-20 03:58:29
128,228,OCy9HY,https://example.com/harbor/field/128,Service guide island,True,2025-04-30 08:09:13,2025-09-04 00:58:29
129,386,gKnNAM,https://seeded.app/jade/valley/129,Demo link canyon,True,2025-10-21 03:43:58,2025-11-11 05:49:37
130,247,CSowku,https://acme.dev/silver/meadow/130,Quarterly brief beacon,True,2025-10-11 00:03:47,2025-12-04 02:45:25
131,243,ivkdkt,https://opswise.net/brisk/kernel/131,Roadmap update zenith,True,2025-01-08 01:33:06,2025-02-23 13:44:48
132,351,TDRfjf,https://example.com/harbor/pioneer/132,Incident notes quartz,True,2025-08-10 17:01:06,2025-12-22 20:53:04
133,174,90fFXG,https://relay.cloud/quiet/valley/133,Campaign page orbit,True,2025-06-20 21:44:15,2025-11-22 06:02:46
134,95,PAIQjf,https://opswise.net/gold/island/134,Demo link journey,True,2025-06-09 08:33:20,2025-12-07 23:54:02
135,244,Dg2qXU,https://example.com/amber/orbit/135,Campaign page orbit,True,2025-01-26 23:49:25,2025-07-14 12:32:53
136,206,F3d1kf,https://opswise.net/clear/river/136,Quarterly brief orbit,False,2025-12-21 00:46:34,2026-01-14 07:08:13
137,1,WQrvRv,https://hackstack.io/warm/kernel/137,Ops review kernel,True,2025-01-12 17:53:51,2025-12-22 06:49:28
138,238,epoteu,https://opswise.net/young/valley/138,Alert feed quartz,True,2025-10-04 17:03:25,2026-02-09 17:50:03
139,269,aU9oKB,https://seeded.app/proud/quartz/139,Demo link kernel,True,2025-12-20 05:54:16,2026-01-10 03:04:52
140,126,AdC4ss,https://acme.dev/urban/beacon/140,Quarterly brief zenith,True,2025-11-22 09:09:34,2026-01-06 05:43:14
141,140,khQMlU,https://opswise.net/harbor/network/141,Demo link pioneer,True,2025-02-05 11:48:40,2025-06-11 17:54:05
142,374,ftxXvU,https://opswise.net/rapid/canyon/142,Campaign page field,True,2025-01-26 11:47:44,2025-09-23 05:21:07
143,390,5ThU8j,https://seeded.app/proud/zenith/143,Alert feed window,True,2026-01-05 15:40:06,2026-02-06 22:36:42
144,112,Zq6De9,https://opswise.net/ivory/valley/144,Launch deck network,True,2025-06-01 10:35:50,2025-12-07 20:20:34
145,62,FEKlto,https://relay.cloud/calm/yard/145,Launch deck kernel,True,2025-05-26 01:17:52,2025-07-19 04:49:42
146,57,rOcrRz,https://seeded.app/calm/river/146,Service guide canyon,True,2025-03-06 03:10:37,2026-01-02 05:43:53
147,345,qS5s1m,https://seeded.app/ember/river/147,Roadmap update canyon,True,2026-01-20 20:08:38,2026-02-14 08:44:32
148,32,MMrihm,https://acme.dev/lively/beacon/148,Ops review canyon,True,2026-02-07 16:57:19,2026-02-14 08:40:45
149,292,Y0sSuU,https://hackstack.io/dawn/engine/149,Launch deck network,True,2025-11-23 07:56:10,2026-02-04 14:44:00
150,3,y55XXY,https://acme.dev/cobalt/canyon/150,Status board uplink,True,2025-04-25 14:33:54,2025-09-23 19:56:31
151,386,YflrPN,https://seeded.app/amber/anchor/151,Roadmap update valley,True,2025-05-16 06:33:37,2025-12-04 20:05:53
152,47,33PxLs,https://acme.dev/cobalt/island/152,Launch deck yard,True,2025-03-10 15:14:44,2025-08-19 06:49:09
153,9,ziEqIf,https://acme.dev/dawn/window/153,Quarterly brief lagoon,False,2025-12-18 05:02:26,2025-12-23 13:42:58
154,109,LdUizN,https://hackstack.io/brisk/meadow/154,Quarterly brief window,True,2025-06-20 11:35:27,2025-07-06 13:23:47
155,388,fK9dLD,https://seeded.app/ivory/kernel/155,Demo link kernel,True,2025-01-23 07:48:06,2026-01-06 05:16:20
156,40,9YXq6N,https://acme.dev/silver/signal/156,Alert feed yard,True,2025-05-27 01:20:32,2025-11-28 02:29:28
157,239,aYjXZR,https://opswise.net/clear/delta/157,Incident notes signal,True,2026-01-18 02:52:03,2026-02-11 22:47:30
158,33,eWU32S,https://example.com/lively/network/158,Campaign page meadow,True,2025-04-21 00:04:17,2025-12-29 00:05:59
159,33,oK1VLb,https://acme.dev/rapid/field/159,Status board journey,True,2025-09-04 19:00:21,2025-11-17 01:35:45
160,146,A5Iiis,https://acme.dev/warm/yard/160,Roadmap update harvest,True,2025-08-15 14:39:59,2026-01-10 07:08:09
161,178,6nZM8J,https://hackstack.io/harbor/field/161,Ops review anchor,True,2026-01-25 14:43:20,2026-02-07 01:43:20
162,157,hvXQwP,https://seeded.app/harbor/field/162,Launch deck yard,True,2025-10-08 12:39:14,2026-02-03 18:58:57
163,134,jLpG7N,https://relay.cloud/keen/harvest/163,Quarterly brief uplink,True,2025-06-07 11:50:58,2025-12-31 18:33:08
164,291,hh64nA,https://example.com/urban/delta/164,Incident notes river,True,2025-11-24 05:41:35,2026-01-07 18:15:08
165,39,vbVg2H,https://opswise.net/gold/anchor/165,Alert feed journey,True,2026-02-14 12:42:49,2026-02-19 06:16:41
166,304,jTQ3Cu,https://hackstack.io/brisk/river/166,Alert feed garden,True,2025-04-05 17:21:10,2025-08-13 10:02:31
167,232,AyYdFY,https://opswise.net/vivid/zenith/167,Status board meadow,True,2025-12-27 17:37:06,2026-01-01 07:56:52
168,371,S0mXAB,https://acme.dev/mellow/anchor/168,Demo link garden,True,2025-03-26 06:24:49,2025-04-25 17:11:51
169,45,Esg3Ba,https://example.com/quiet/journey/169,Campaign page anchor,True,2025-02-08 01:14:29,2026-01-15 01:20:19
170,202,IHZx0D,https://relay.cloud/silver/zenith/170,Demo link delta,False,2025-10-15 22:42:39,2025-12-14 03:18:21
171,318,KyjJhg,https://opswise.net/jade/signal/171,Roadmap update engine,True,2025-02-01 17:08:18,2025-09-02 01:44:30
172,23,5PvRmi,https://seeded.app/proud/harvest/172,Ops review kernel,True,2026-02-06 07:14:32,2026-02-09 11:57:23
173,46,VaM4Zm,https://relay.cloud/urban/network/173,Ops review lagoon,True,2025-08-29 04:22:21,2025-09-10 12:48:47
174,91,HFyIxp,https://example.com/urban/canyon/174,Incident notes island,True,2025-12-04 02:40:21,2025-12-08 22:57:16
175,2,zKWIvB,https://opswise.net/ivory/journey/175,Ops review valley,True,2025-05-05 15:46:47,2026-02-04 08:17:01
176,156,38IyV4,https://seeded.app/silver/beacon/176,Status board valley,True,2025-05-25 01:49:35,2025-09-21 10:08:00
177,280,mO5VAi,https://example.com/jade/delta/177,Demo link meadow,True,2025-12-19 13:29:06,2025-12-22 23:10:01
178,46,Q56LQs,https://hackstack.io/young/delta/178,Service guide yard,True,2025-02-24 05:17:06,2025-07-02 14:40:11
179,78,2qtmm8,https://acme.dev/ember/canyon/179,Ops review trail,True,2026-01-31 07:52:33,2026-02-04 10:11:33
180,274,kH3Kz4,https://acme.dev/harbor/journey/180,Ops review window,True,2025-12-28 01:30:40,2026-02-11 02:33:19
181,106,CDZ9YZ,https://hackstack.io/calm/signal/181,Campaign page orbit,True,2026-02-08 11:26:26,2026-02-14 16:03:46
182,321,p02oSV,https://relay.cloud/clear/zenith/182,Quarterly brief delta,True,2025-04-23 04:11:36,2025-08-15 11:10:55
183,295,32vq05,https://seeded.app/brisk/kernel/183,Quarterly brief delta,True,2025-06-16 10:00:44,2025-12-18 17:18:38
184,383,PBrVFE,https://seeded.app/warm/orbit/184,Campaign page zenith,True,2025-02-22 07:15:00,2025-07-27 10:39:51
185,238,5lV8bO,https://relay.cloud/ember/yard/185,Status board quartz,True,2025-10-19 14:34:53,2025-12-24 17:36:27
186,27,RUozB5,https://opswise.net/ivory/orbit/186,Campaign page beacon,True,2025-05-06 13:06:15,2025-09-28 03:30:57
187,92,p8MoaC,https://hackstack.io/silver/quartz/187,Alert feed beacon,False,2025-04-06 13:13:11,2025-10-26 10:58:43
188,23,4OGWvX,https://opswise.net/calm/quartz/188,Service guide field,True,2026-02-08 20:57:19,2026-02-19 13:29:05
189,103,wEFrRE,https://relay.cloud/dawn/beacon/189,Launch deck zenith,True,2025-02-16 01:47:39,2025-03-12 05:45:26
190,313,M0IIpL,https://seeded.app/gold/river/190,Status board engine,True,2025-01-18 09:33:54,2025-10-18 08:19:09
191,15,musyto,https://hackstack.io/silver/canyon/191,Quarterly brief delta,True,2025-07-18 17:01:32,2026-01-11 15:23:51
192,299,kMfYuY,https://hackstack.io/cobalt/pioneer/192,Service guide pioneer,True,2025-03-04 22:28:25,2025-07-24 00:49:01
193,107,XNqkjZ,https://opswise.net/proud/orbit/193,Ops review valley,True,2025-07-22 06:49:35,2025-08-12 04:50:08
194,143,BrkWoU,https://example.com/lively/beacon/194,Status board field,True,2025-12-02 10:48:02,2026-02-18 04:42:43
195,190,DxEWJL,https://hackstack.io/cobalt/island/195,Campaign page yard,True,2025-05-13 05:44:16,2025-08-15 18:10:43
196,86,Hy24Tu,https://acme.dev/forest/trail/196,Roadmap update anchor,True,2025-08-20 12:02:43,2025-09-21 00:53:40
197,153,t2sflR,https://opswise.net/brisk/river/197,Incident notes quartz,True,2025-12-19 21:01:36,2026-01-14 04:50:33
198,164,AK4CKD,https://seeded.app/dawn/yard/198,Roadmap update island,True,2025-05-05 10:37:55,2025-07-03 23:22:14
199,232,arTLAn,https://hackstack.io/warm/journey/199,Ops review quartz,True,2025-01-03 03:45:38,2025-07-17 21:07:14
200,262,6Jc11H,https://example.com/vivid/window/200,Incident notes valley,True,2025-03-08 21:54:22,2026-01-26 22:49:47
201,204,MAE24A,https://opswise.net/calm/pioneer/201,Launch deck yard,True,2025-12-01 10:08:04,2026-02-09 21:19:42
202,56,cNTuYT,https://acme.dev/proud/network/202,Quarterly brief engine,True,2025-08-23 18:36:53,2025-09-05 14:17:37
203,312,T2jYy2,https://opswise.net/ivory/signal/203,Quarterly brief trail,True,2025-06-16 04:31:13,2026-01-09 02:50:53
204,342,J12j6f,https://acme.dev/cobalt/window/204,Launch deck signal,False,2025-06-11 04:51:07,2026-01-05 14:59:47
205,80,B6Wajt,https://hackstack.io/amber/quartz/205,Demo link engine,True,2025-06-05 19:50:20,2025-06-15 22:21:24
206,81,5irn69,https://acme.dev/brisk/harvest/206,Launch deck journey,True,2025-05-11 07:27:34,2025-07-20 18:01:06
207,102,9XExdc,https://hackstack.io/forest/network/207,Launch deck signal,True,2026-01-09 22:55:45,2026-02-18 23:57:02
208,168,uF7SzQ,https://opswise.net/ivory/window/208,Campaign page window,True,2025-01-19 00:10:54,2025-02-25 18:36:50
209,388,qIWz5p,https://relay.cloud/ivory/uplink/209,Incident notes orbit,True,2025-06-03 09:52:43,2025-06-15 05:17:33
210,318,Cw82kt,https://example.com/rapid/uplink/210,Status board field,True,2025-11-02 12:59:18,2026-01-16 04:17:00
211,136,IsEXpz,https://acme.dev/navy/signal/211,Launch deck canyon,True,2026-01-05 11:37:48,2026-02-13 15:40:18
212,329,SQxhzo,https://opswise.net/urban/river/212,Status board river,True,2025-11-01 02:10:05,2026-01-23 16:56:04
213,127,b1GYri,https://opswise.net/cobalt/signal/213,Campaign page island,True,2025-04-18 17:12:42,2026-01-14 12:47:51
214,194,b3zHSa,https://acme.dev/dawn/harvest/214,Status board lagoon,True,2025-01-12 13:41:55,2025-11-13 14:23:32
215,117,FiiFmq,https://relay.cloud/forest/harvest/215,Incident notes anchor,True,2025-05-17 01:25:53,2025-08-07 03:46:25
216,21,pEPvoS,https://seeded.app/clear/engine/216,Launch deck engine,True,2025-02-03 06:25:55,2025-08-16 01:08:21
217,98,PersmN,https://hackstack.io/forest/pioneer/217,Campaign page engine,True,2025-03-23 08:19:28,2025-12-22 16:44:45
218,18,8uXVCE,https://seeded.app/tidy/orbit/218,Incident notes zenith,True,2025-12-06 13:40:06,2026-02-19 08:36:03
219,153,sxDXNE,https://example.com/warm/signal/219,Demo link trail,True,2025-11-20 21:06:51,2026-02-09 18:39:40
220,142,oc8gTS,https://seeded.app/mellow/orbit/220,Alert feed harvest,True,2025-09-07 03:16:37,2026-01-28 15:03:37
221,99,MsCAJT,https://relay.cloud/clear/delta/221,Quarterly brief pioneer,False,2025-11-24 23:29:35,2026-01-03 22:57:40
222,78,eFfsOG,https://example.com/silver/engine/222,Roadmap update harvest,True,2025-10-18 20:17:59,2025-10-19 23:44:24
223,211,1j70MW,https://opswise.net/forest/zenith/223,Ops review uplink,True,2025-08-14 03:53:56,2025-10-21 02:15:30
224,339,H3dUEi,https://hackstack.io/young/anchor/224,Incident notes zenith,True,2025-12-14 11:53:47,2026-01-25 03:31:24
225,351,TgaZNB,https://hackstack.io/calm/lagoon/225,Alert feed canyon,True,2025-01-13 23:40:37,2025-12-05 05:10:20
226,271,XZzAcy,https://opswise.net/ivory/canyon/226,Launch deck harvest,True,2026-01-16 03:42:18,2026-01-19 22:04:48
227,58,Ft2XrU,https://relay.cloud/clear/island/227,Ops review canyon,True,2025-02-12 19:16:39,2025-07-09 10:48:11
228,342,WsatUA,https://opswise.net/vivid/signal/228,Ops review trail,True,2025-05-04 13:09:02,2025-10-09 13:23:21
229,150,wEcVpU,https://example.com/mellow/quartz/229,Launch deck zenith,True,2025-06-25 22:33:11,2025-09-06 11:49:49
230,4,gSStSp,https://opswise.net/young/island/230,Service guide quartz,True,2025-07-26 02:48:45,2026-01-02 03:28:33
231,68,kjcrPh,https://hackstack.io/harbor/uplink/231,Alert feed pioneer,True,2025-09-04 21:31:43,2025-10-13 23:08:58
232,65,89b1fZ,https://acme.dev/silver/canyon/232,Launch deck field,True,2025-05-28 19:06:13,2026-02-17 19:46:44
233,110,RKbVUr,https://hackstack.io/young/orbit/233,Quarterly brief window,True,2025-06-18 04:51:47,2026-01-31 04:57:28
234,107,rP0wXB,https://example.com/proud/anchor/234,Incident notes harvest,True,2026-01-27 11:23:51,2026-02-03 02:49:17
235,93,Bx9jS3,https://example.com/brisk/uplink/235,Roadmap update journey,True,2025-06-26 12:08:17,2025-09-03 00:39:04
236,230,7cZCUp,https://acme.dev/silver/yard/236,Status board signal,True,2025-11-02 03:37:39,2026-01-07 05:47:51
237,388,9zJKmu,https://example.com/young/meadow/237,Demo link signal,True,2026-01-06 10:46:41,2026-02-14 16:32:43
238,184,wieve7,https://acme.dev/dawn/network/238,Service guide engine,False,2025-07-15 17:59:14,2026-01-04 23:55:07
239,103,yUDwzL,https://acme.dev/urban/river/239,Quarterly brief beacon,True,2025-07-23 20:40:25,2025-08-27 20:16:43
240,72,0TNJrX,https://opswise.net/proud/window/240,Launch deck orbit,True,2025-08-18 08:31:52,2025-10-15 13:09:32
241,283,uQsiw4,https://example.com/amber/orbit/241,Launch deck trail,True,2025-02-01 21:09:09,2025-03-08 01:30:25
242,207,cpeWp0,https://hackstack.io/lively/zenith/242,Alert feed network,True,2026-01-31 07:36:29,2026-02-01 18:09:28
243,19,JEfFU0,https://example.com/ember/engine/243,Status board trail,True,2025-03-11 12:28:35,2025-04-09 17:09:50
244,295,Z0wsD9,https://example.com/calm/yard/244,Launch deck network,True,2025-08-31 08:31:39,2025-11-14 02:23:21
245,80,dG8ICq,https://seeded.app/harbor/beacon/245,Alert feed kernel,True,2025-12-06 15:03:49,2026-01-06 01:06:21
246,339,nwzfkC,https://opswise.net/harbor/valley/246,Service guide meadow,True,2025-06-03 06:25:39,2025-12-24 06:36:04
247,50,rVYJiZ,https://opswise.net/jade/signal/247,Roadmap update zenith,True,2025-07-05 00:11:07,2025-11-09 13:12:02
248,223,S3fyfO,https://relay.cloud/calm/trail/248,Campaign page yard,True,2025-02-23 04:25:18,2025-08-07 05:40:14
249,273,61xQ32,https://example.com/clear/signal/249,Launch deck valley,True,2025-07-25 14:54:47,2026-01-12 19:39:50
250,234,qJpOtk,https://seeded.app/keen/signal/250,Incident notes yard,True,2025-09-25 17:35:18,2025-10-18 22:11:38
251,209,ELbhBN,https://seeded.app/amber/meadow/251,Alert feed journey,True,2025-09-11 18:55:56,2025-10-06 20:46:22
252,126,uNkTVi,https://acme.dev/urban/network/252,Quarterly brief trail,True,2025-02-01 22:52:56,2025-10-06 14:39:42
253,236,pP6FAh,https://relay.cloud/tidy/uplink/253,Status board uplink,True,2025-12-04 08:27:35,2026-02-16 14:31:39
254,160,jdgXAX,https://hackstack.io/gold/zenith/254,Roadmap update anchor,True,2025-01-29 18:51:54,2025-09-24 02:52:50
255,379,323n14,https://opswise.net/calm/harvest/255,Roadmap update quartz,False,2025-02-10 11:34:57,2025-06-06 19:36:28
256,138,ZJwBRd,https://hackstack.io/warm/garden/256,Service guide meadow,True,2025-09-13 05:41:04,2026-01-22 21:39:15
257,398,RJpzPp,https://seeded.app/forest/beacon/257,Incident notes network,True,2025-12-25 16:50:51,2025-12-31 20:34:30
258,155,HrYopK,https://acme.dev/navy/pioneer/258,Launch deck harvest,True,2025-08-11 18:19:29,2025-12-24 11:15:43
259,178,Y1q6Qa,https://hackstack.io/tidy/quartz/259,Incident notes signal,True,2025-04-10 06:51:32,2026-02-05 20:43:03
260,62,8WVZPw,https://opswise.net/young/garden/260,Roadmap update canyon,True,2025-06-01 09:52:40,2025-12-28 15:31:13
261,321,4gxW4p,https://hackstack.io/dawn/yard/261,Status board beacon,True,2025-02-21 01:08:41,2025-11-18 06:06:12
262,181,mYy3PI,https://opswise.net/young/lagoon/262,Demo link river,True,2025-02-28 03:49:06,2025-08-22 12:39:41
263,63,8eL7Yr,https://relay.cloud/warm/kernel/263,Service guide beacon,True,2025-07-20 13:45:04,2026-01-22 03:48:40
264,260,tOz9Yv,https://hackstack.io/calm/yard/264,Quarterly brief engine,True,2025-03-29 15:03:30,2025-12-21 11:55:36
265,211,daOybO,https://relay.cloud/gold/kernel/265,Service guide island,True,2025-03-09 13:55:31,2026-01-21 11:45:32
266,233,JGA7Yc,https://opswise.net/jade/harvest/266,Campaign page engine,True,2026-01-11 16:55:08,2026-02-06 03:06:16
267,7,bwtdi9,https://seeded.app/warm/canyon/267,Launch deck quartz,True,2025-12-23 04:47:53,2026-01-16 06:59:38
268,220,9Nca20,https://seeded.app/calm/trail/268,Demo link signal,True,2025-08-18 06:36:15,2025-09-19 02:26:11
269,75,8csLHm,https://example.com/ember/garden/269,Campaign page zenith,True,2026-02-20 12:11:55,2026-02-20 14:56:52
270,208,CYNlZi,https://acme.dev/rapid/network/270,Demo link harvest,True,2025-12-28 23:24:27,2026-01-12 04:39:33
271,138,cYiHDI,https://example.com/opal/quartz/271,Service guide pioneer,True,2026-01-23 16:20:11,2026-01-30 01:19:29
272,52,yiNiqu,https://opswise.net/mellow/river/272,Campaign page valley,False,2025-03-10 21:20:11,2025-06-24 23:30:42
273,148,cAWl7f,https://hackstack.io/urban/anchor/273,Launch deck island,True,2025-01-24 02:51:56,2025-04-21 12:12:39
274,1,zKgntS,https://acme.dev/vivid/network/274,Launch deck network,True,2026-02-06 03:54:41,2026-02-14 21:51:28
275,27,fK6Lhd,https://acme.dev/clear/uplink/275,Demo link orbit,True,2025-12-30 02:19:17,2026-01-02 21:11:25
276,212,hhz71O,https://example.com/tidy/field/276,Quarterly brief canyon,True,2025-03-14 09:20:40,2025-06-02 12:52:12
277,123,paLd7b,https://acme.dev/gold/lagoon/277,Service guide valley,True,2025-11-21 04:38:04,2025-12-31 21:30:51
278,305,p4P13J,https://relay.cloud/calm/engine/278,Launch deck delta,True,2025-09-23 06:02:57,2025-12-21 06:21:38
279,170,aEaKXH,https://seeded.app/silver/delta/279,Ops review yard,True,2025-05-22 07:28:16,2026-01-10 10:44:30
280,193,cU8iig,https://opswise.net/brisk/canyon/280,Service guide meadow,True,2025-02-24 13:41:40,2025-08-10 08:51:21
281,344,4kRv5u,https://relay.cloud/lively/journey/281,Quarterly brief kernel,True,2025-08-10 14:54:26,2025-11-21 17:42:43
282,253,ySKKUX,https://acme.dev/urban/valley/282,Launch deck garden,True,2025-08-09 04:10:49,2025-12-31 16:50:23
283,214,GhUS6c,https://acme.dev/harbor/delta/283,Incident notes garden,True,2025-02-03 19:30:44,2025-12-27 04:17:19
284,392,hUTSlI,https://example.com/quiet/trail/284,Ops review meadow,True,2025-10-24 17:15:39,2025-11-07 00:36:47
285,254,Nat0UY,https://hackstack.io/urban/island/285,Roadmap update field,True,2025-12-27 14:16:15,2026-01-29 15:22:08
286,60,BH0gOn,https://seeded.app/urban/engine/286,Campaign page uplink,True,2025-03-05 07:02:38,2026-01-24 22:03:57
287,48,1yJzOb,https://seeded.app/jade/harvest/287,Launch deck uplink,True,2026-02-17 07:48:51,2026-02-18 12:03:19
288,379,3PGJY5,https://seeded.app/harbor/kernel/288,Status board pioneer,True,2026-02-03 12:06:39,2026-02-17 18:26:15
289,394,W6LgYI,https://seeded.app/quiet/uplink/289,Status board valley,False,2025-11-26 11:00:04,2026-01-03 02:28:25
290,381,Udwkyz,https://example.com/cobalt/island/290,Roadmap update yard,True,2025-07-11 14:44:33,2025-11-24 10:47:49
291,293,asyDI8,https://relay.cloud/amber/harvest/291,Roadmap update field,True,2025-11-21 08:48:37,2025-12-15 16:58:06
292,325,6YoB1s,https://relay.cloud/silver/journey/292,Quarterly brief yard,True,2025-11-16 04:17:01,2025-11-26 17:56:22
293,225,MvTJBT,https://example.com/calm/uplink/293,Launch deck garden,True,2025-04-17 00:19:53,2025-09-26 23:28:56
294,36,fPIsFT,https://hackstack.io/forest/river/294,Ops review uplink,True,2025-01-10 08:47:41,2025-08-23 04:57:26
295,384,lUWzAH,https://hackstack.io/vivid/uplink/295,Status board uplink,True,2025-10-06 04:19:35,2026-01-04 20:59:15
296,230,NgtEJ2,https://relay.cloud/mellow/trail/296,Alert feed uplink,True,2025-02-06 02:05:55,2025-04-11 14:21:47
297,129,17p9DN,https://hackstack.io/warm/signal/297,Status board river,True,2025-04-22 20:42:31,2025-05-27 03:30:15
298,2,XfaDWC,https://example.com/keen/kernel/298,Demo link valley,True,2025-05-28 22:06:21,2025-06-26 09:06:35
299,85,WEnPUQ,https://opswise.net/jade/engine/299,Service guide zenith,True,2025-05-05 13:40:43,2025-08-24 18:49:11
300,348,ElIXZ0,https://opswise.net/mellow/yard/300,Roadmap update orbit,True,2025-01-29 07:21:07,2025-04-26 20:13:17
301,353,CQLQ7e,https://relay.cloud/mellow/harvest/301,Launch deck zenith,True,2025-07-03 07:12:52,2026-01-25 22:51:37
302,30,0rQ4XP,https://hackstack.io/proud/kernel/302,Roadmap update uplink,True,2025-02-09 21:49:10,2025-11-27 07:01:30
303,92,mAmUMj,https://acme.dev/navy/zenith/303,Demo link engine,True,2025-12-04 01:52:47,2026-01-17 23:12:00
304,400,dgxNnV,https://seeded.app/calm/quartz/304,Launch deck engine,True,2025-06-15 11:32:16,2025-12-05 02:19:02
305,155,5AR4oe,https://opswise.net/dawn/uplink/305,Alert feed trail,True,2025-08-11 09:55:44,2025-08-31 16:26:22
306,71,bT3mwn,https://acme.dev/amber/engine/306,Ops review beacon,False,2025-05-17 11:32:40,2025-09-03 02:18:45
307,96,jImUim,https://example.com/lively/canyon/307,Campaign page window,True,2025-01-19 14:03:29,2025-03-18 20:51:53
308,213,l8bYW4,https://relay.cloud/clear/journey/308,Service guide uplink,True,2025-08-04 23:23:54,2025-12-19 09:53:54
309,107,4ucuAN,https://opswise.net/ivory/signal/309,Quarterly brief island,True,2025-10-09 00:32:52,2025-10-26 07:45:45
310,177,Q8281p,https://relay.cloud/navy/field/310,Alert feed meadow,True,2026-01-31 04:00:20,2026-02-19 12:40:55
311,211,ydbyMu,https://hackstack.io/rapid/canyon/311,Status board lagoon,True,2026-01-19 05:57:25,2026-02-07 06:11:51
312,346,OiWcR4,https://seeded.app/gold/trail/312,Service guide orbit,True,2026-02-18 08:37:47,2026-02-20 12:14:43
313,110,UYEGSc,https://seeded.app/ember/garden/313,Alert feed orbit,True,2025-12-15 13:22:16,2026-02-19 19:39:27
314,201,1165kT,https://hackstack.io/ivory/valley/314,Incident notes zenith,True,2025-09-12 22:43:50,2026-01-19 01:27:29
315,205,RFEm3y,https://seeded.app/ember/orbit/315,Quarterly brief engine,True,2025-09-11 09:18:56,2025-09-24 11:20:16
316,61,ryoUkf,https://hackstack.io/harbor/meadow/316,Quarterly brief trail,True,2025-05-13 22:03:52,2026-01-07 12:24:14
317,123,9wDgvv,https://acme.dev/brisk/lagoon/317,Launch deck signal,True,2026-01-17 00:41:42,2026-02-08 09:19:51
318,126,5aow6Q,https://acme.dev/ivory/canyon/318,Incident notes network,True,2025-05-11 14:15:10,2025-08-14 17:26:30
319,242,c1ZKLv,https://opswise.net/gold/anchor/319,Service guide harvest,True,2026-01-20 21:39:58,2026-02-19 23:52:45
320,393,Ms0JIB,https://acme.dev/calm/island/320,Demo link beacon,True,2026-01-16 00:58:53,2026-02-02 02:23:54
321,140,Ovcotg,https://example.com/keen/delta/321,Demo link zenith,True,2025-10-10 00:57:20,2025-11-02 14:25:07
322,200,onFruJ,https://example.com/proud/meadow/322,Roadmap update window,True,2025-03-15 19:30:11,2025-06-01 17:08:19
323,368,2NWY7s,https://example.com/jade/trail/323,Campaign page zenith,False,2026-02-19 14:12:44,2026-02-20 03:09:44
324,28,0VlTE5,https://acme.dev/urban/engine/324,Ops review network,True,2026-02-14 02:52:18,2026-02-19 21:57:59
325,314,7fBbNp,https://acme.dev/gold/field/325,Quarterly brief garden,True,2025-05-10 20:32:51,2025-07-25 20:01:51
326,230,hfijfv,https://seeded.app/amber/beacon/326,Roadmap update trail,True,2025-11-22 15:32:56,2026-02-17 13:29:40
327,141,PYrq11,https://acme.dev/mellow/beacon/327,Quarterly brief island,True,2025-03-12 12:12:47,2025-04-02 10:13:15
328,2,T3JFTR,https://seeded.app/silver/garden/328,Status board journey,True,2025-05-16 02:48:29,2025-07-19 06:35:14
329,143,3ojcss,https://acme.dev/brisk/anchor/329,Incident notes canyon,True,2026-01-03 22:41:53,2026-01-07 10:14:24
330,199,Ogq1iV,https://relay.cloud/opal/lagoon/330,Campaign page orbit,True,2025-08-02 13:56:03,2026-02-07 15:28:31
331,208,IowArd,https://example.com/cobalt/journey/331,Incident notes orbit,True,2025-12-24 17:28:00,2026-01-03 12:49:01
332,367,0PPUHI,https://seeded.app/navy/field/332,Ops review journey,True,2025-10-03 01:31:52,2026-02-16 14:15:55
333,96,I51Um2,https://acme.dev/lively/garden/333,Alert feed lagoon,True,2025-07-23 17:45:14,2025-08-05 02:31:52
334,210,imzuHc,https://seeded.app/navy/zenith/334,Launch deck engine,True,2025-11-05 22:26:11,2026-02-07 14:31:57
335,354,BZSlK8,https://acme.dev/warm/network/335,Launch deck field,True,2025-02-16 13:34:33,2025-08-22 23:34:37
336,219,hgUOKa,https://opswise.net/harbor/zenith/336,Service guide valley,True,2025-01-04 06:10:04,2025-06-05 03:24:21
337,275,tat2bp,https://opswise.net/navy/trail/337,Ops review signal,True,2025-01-20 00:48:50,2025-02-27 21:05:17
338,177,vvHPhc,https://relay.cloud/forest/window/338,Roadmap update field,True,2025-12-25 21:37:33,2026-02-05 07:56:22
339,354,pix2k3,https://example.com/warm/engine/339,Service guide meadow,True,2026-02-04 11:56:10,2026-02-04 13:04:12
340,120,shluwp,https://seeded.app/gold/pioneer/340,Campaign page uplink,False,2025-03-14 04:42:05,2025-09-20 22:53:57
341,121,iX2dZp,https://relay.cloud/vivid/yard/341,Service guide window,True,2025-07-13 10:13:40,2025-09-22 11:17:07
342,87,sSvg4N,https://example.com/mellow/zenith/342,Roadmap update valley,True,2025-11-24 15:42:20,2026-02-19 15:18:15
343,69,UXz74n,https://hackstack.io/warm/uplink/343,Roadmap update harvest,True,2025-09-13 06:41:05,2025-10-12 13:00:23
344,260,E1M5KK,https://hackstack.io/ember/anchor/344,Status board delta,True,2025-03-27 18:58:44,2025-08-03 02:17:50
345,25,r3XXfS,https://opswise.net/gold/delta/345,Quarterly brief river,True,2025-12-12 06:31:42,2026-01-31 01:43:07
346,182,vWjaCE,https://example.com/dawn/kernel/346,Alert feed lagoon,True,2025-11-23 00:28:58,2025-12-06 00:57:49
347,351,76J4Vh,https://acme.dev/warm/valley/347,Alert feed uplink,True,2025-08-15 14:10:03,2025-09-27 17:38:57
348,89,PkV4wg,https://relay.cloud/urban/delta/348,Roadmap update orbit,True,2025-07-31 08:47:58,2025-11-15 02:20:26
349,183,V877M7,https://example.com/clear/harvest/349,Incident notes yard,True,2026-01-29 05:04:43,2026-02-15 04:45:12
350,365,mRUrHR,https://opswise.net/urban/field/350,Launch deck lagoon,True,2025-04-15 15:18:26,2026-02-09 05:18:48
351,33,MtHrTD,https://example.com/jade/lagoon/351,Roadmap update signal,True,2025-07-18 05:50:46,2025-11-20 10:13:25
352,176,gHWDeM,https://opswise.net/lively/orbit/352,Demo link river,True,2025-01-14 22:58:41,2025-08-25 17:08:14
353,249,qTlm4k,https://seeded.app/clear/delta/353,Campaign page signal,True,2025-04-27 15:09:29,2025-05-18 22:09:29
354,136,6j4zMZ,https://acme.dev/forest/garden/354,Campaign page zenith,True,2025-12-20 00:40:45,2026-02-15 02:39:07
355,380,9Sp7Dv,https://hackstack.io/navy/anchor/355,Roadmap update journey,True,2026-01-21 20:02:44,2026-01-22 13:23:08
356,354,TIZ5sM,https://seeded.app/quiet/garden/356,Launch deck island,True,2025-01-31 10:40:44,2025-08-08 09:15:37
357,3,DRk6wp,https://example.com/ember/river/357,Status board engine,False,2025-05-02 21:57:22,2025-07-25 15:05:50
358,33,rrS2EC,https://opswise.net/forest/orbit/358,Launch deck field,True,2025-09-09 07:58:25,2026-01-11 08:06:02
359,257,dYa5r7,https://acme.dev/amber/window/359,Service guide delta,True,2025-03-04 03:53:44,2025-10-16 04:46:54
360,324,yZgfro,https://relay.cloud/ivory/lagoon/360,Status board meadow,True,2025-09-07 03:35:39,2025-11-18 21:13:37
361,105,mPh31R,https://acme.dev/forest/field/361,Demo link kernel,True,2025-01-04 05:51:30,2025-05-10 07:26:30
362,358,2dXMgX,https://acme.dev/urban/signal/362,Roadmap update yard,True,2025-03-09 17:01:45,2025-03-22 23:32:43
363,308,e6rj4c,https://acme.dev/clear/trail/363,Incident notes zenith,True,2025-04-06 22:34:36,2025-11-25 13:34:48
364,230,o5XCPh,https://seeded.app/proud/quartz/364,Status board beacon,True,2025-05-07 00:57:32,2025-07-02 19:41:44
365,201,H82Jc0,https://acme.dev/vivid/signal/365,Demo link yard,True,2026-02-09 08:51:51,2026-02-10 22:40:28
366,36,vpSeAl,https://relay.cloud/mellow/orbit/366,Ops review valley,True,2025-12-13 05:33:42,2025-12-31 04:52:13
367,244,FigTHI,https://opswise.net/ember/quartz/367,Quarterly brief garden,True,2026-01-14 16:50:01,2026-01-29 12:07:08
368,357,Jubz2i,https://relay.cloud/calm/pioneer/368,Incident notes trail,True,2025-06-13 04:15:19,2026-01-31 16:31:52
369,153,JJxzRx,https://acme.dev/brisk/island/369,Service guide beacon,True,2025-05-13 12:47:11,2026-01-11 12:45:19
370,220,a8YUxs,https://example.com/quiet/trail/370,Ops review beacon,True,2026-01-13 03:39:45,2026-02-15 08:46:58
371,332,svYAhn,https://example.com/silver/canyon/371,Quarterly brief quartz,True,2025-06-18 15:56:03,2025-07-02 16:28:38
372,339,Io8MPw,https://example.com/clear/network/372,Quarterly brief window,True,2025-06-20 16:23:15,2026-02-18 10:36:57
373,59,ojn8GW,https://opswise.net/gold/uplink/373,Ops review quartz,True,2025-01-09 20:23:47,2026-01-17 01:42:23
374,221,03hYLf,https://acme.dev/gold/field/374,Roadmap update harvest,False,2025-12-31 12:18:34,2026-01-25 03:02:32
375,134,jtZNjA,https://acme.dev/clear/orbit/375,Status board delta,True,2026-01-27 08:17:43,2026-02-15 22:07:56
376,98,ftpaoR,https://hackstack.io/clear/trail/376,Incident notes garden,True,2025-12-27 08:26:50,2026-01-24 00:11:17
377,144,z7Uy05,https://opswise.net/silver/pioneer/377,Campaign page network,True,2025-12-19 16:38:38,2026-02-02 03:25:32
378,252,VDrG0r,https://opswise.net/vivid/river/378,Roadmap update pioneer,True,2025-12-14 12:56:03,2025-12-25 03:40:37
379,363,ZP1pXZ,https://example.com/clear/window/379,Launch deck signal,True,2025-11-13 18:14:48,2025-11-25 15:50:40
380,307,qcgpkO,https://seeded.app/rapid/quartz/380,Status board river,True,2025-11-18 07:02:46,2026-02-13 02:10:50
381,21,A3kAi7,https://opswise.net/vivid/quartz/381,Ops review zenith,True,2025-10-30 05:38:16,2026-02-14 08:44:16
382,218,GjYPoO,https://opswise.net/cobalt/beacon/382,Status board beacon,True,2025-12-20 17:23:40,2026-01-24 13:12:20
383,250,YUwwsU,https://hackstack.io/navy/anchor/383,Service guide engine,True,2025-04-17 08:02:35,2026-01-25 16:16:52
384,394,AZpZto,https://hackstack.io/brisk/meadow/384,Roadmap update uplink,True,2025-08-28 01:26:33,2025-12-09 06:10:24
385,19,J1tcen,https://opswise.net/cobalt/pioneer/385,Status board delta,True,2025-05-25 20:06:44,2026-01-01 00:56:41
386,345,F7zEDk,https://opswise.net/cobalt/delta/386,Incident notes window,True,2025-09-10 22:37:34,2025-12-04 04:34:47
387,174,Xg1XbP,https://example.com/gold/canyon/387,Quarterly brief river,True,2025-02-17 07:15:33,2025-07-06 15:33:26
388,91,9ny67B,https://relay.cloud/warm/window/388,Campaign page canyon,True,2025-08-07 17:04:14,2026-01-11 20:42:10
389,26,dQun73,https://example.com/jade/garden/389,Ops review yard,True,2025-02-05 14:26:30,2025-06-29 09:51:25
390,304,gMRHMl,https://acme.dev/amber/canyon/390,Service guide quartz,True,2025-09-07 23:00:22,2025-10-29 12:21:04
391,329,u8CzcF,https://seeded.app/silver/journey/391,Launch deck kernel,False,2025-04-16 19:25:56,2025-11-15 08:34:33
392,109,KAmX7y,https://relay.cloud/ivory/window/392,Ops review trail,True,2025-01-18 18:37:50,2025-08-12 16:32:33
393,321,u3FrS4,https://opswise.net/ivory/beacon/393,Launch deck lagoon,True,2025-06-27 08:53:21,2026-01-16 08:37:55
394,102,ga7e51,https://example.com/young/harvest/394,Alert feed island,True,2025-01-18 08:38:01,2025-06-14 13:49:44
395,260,OpJNoR,https://relay.cloud/harbor/journey/395,Launch deck orbit,True,2025-02-03 14:18:37,2026-02-18 01:55:18
396,16,XIllzl,https://example.com/gold/network/396,Demo link field,True,2025-03-21 08:38:33,2025-08-01 05:14:42
397,235,dGpA0q,https://opswise.net/harbor/river/397,Launch deck engine,True,2025-08-04 21:29:08,2026-01-07 05:35:52
398,77,laeElY,https://relay.cloud/brisk/pioneer/398,Incident notes meadow,True,2026-01-24 06:08:14,2026-02-02 14:06:42
399,306,lwzLrE,https://relay.cloud/ivory/valley/399,Demo link window,True,2025-08-12 19:35:44,2025-11-10 10:45:35
400,392,HkNE8V,https://hackstack.io/warm/zenith/400,Ops review window,True,2025-11-03 03:37:39,2026-02-09 14:52:34
401,33,GZuunV,https://opswise.net/harbor/garden/401,Service guide network,True,2025-05-10 10:11:01,2026-02-12 06:58:26
402,350,0WNP8l,https://relay.cloud/silver/island/402,Service guide signal,True,2025-01-13 23:03:23,2025-11-07 19:08:35
403,40,Egyqng,https://relay.cloud/warm/kernel/403,Campaign page signal,True,2025-02-02 12:17:40,2025-04-16 03:28:26
404,262,CkqBJa,https://relay.cloud/harbor/valley/404,Status board field,True,2025-03-03 00:25:41,2026-01-05 13:30:42
405,359,osmcsT,https://seeded.app/keen/canyon/405,Demo link window,True,2025-05-28 15:07:18,2025-08-07 11:54:46
406,179,RhJwp0,https://seeded.app/brisk/trail/406,Demo link window,True,2025-10-01 18:52:53,2026-01-03 20:31:38
407,360,7r6axx,https://acme.dev/cobalt/trail/407,Roadmap update engine,True,2025-06-09 07:47:37,2026-01-15 09:06:48
408,13,ZIwCSn,https://opswise.net/ivory/yard/408,Demo link meadow,False,2026-01-23 17:05:28,2026-02-04 01:15:02
409,295,HdTzYP,https://hackstack.io/quiet/uplink/409,Alert feed signal,True,2025-08-01 17:39:15,2025-08-27 20:49:19
410,245,HOlvlA,https://relay.cloud/amber/quartz/410,Demo link anchor,True,2025-07-03 16:37:09,2025-11-06 17:11:57
411,1,uZWalv,https://hackstack.io/cobalt/zenith/411,Roadmap update trail,True,2025-03-14 11:44:53,2025-04-28 06:19:41
412,35,wv09ic,https://example.com/ivory/canyon/412,Demo link garden,True,2026-02-02 05:28:37,2026-02-15 16:54:17
413,399,GaT8Tc,https://relay.cloud/lively/island/413,Campaign page network,True,2025-12-08 09:32:00,2026-02-12 13:17:37
414,213,QDNN48,https://acme.dev/urban/harvest/414,Quarterly brief canyon,True,2025-01-22 10:00:52,2025-08-16 08:46:32
415,326,E9wCYH,https://opswise.net/forest/harvest/415,Quarterly brief signal,True,2025-06-30 15:28:23,2025-09-12 08:44:55
416,171,V0wIiR,https://relay.cloud/jade/kernel/416,Demo link meadow,True,2025-08-12 03:20:26,2026-01-25 06:39:46
417,214,NOea0X,https://acme.dev/opal/island/417,Launch deck valley,True,2025-04-16 23:49:26,2025-06-03 17:40:04
418,276,Jyxgv8,https://example.com/urban/pioneer/418,Status board garden,True,2025-02-24 06:50:05,2025-10-07 12:01:28
419,103,BLDiiD,https://seeded.app/lively/river/419,Alert feed trail,True,2026-02-20 06:21:09,2026-02-20 21:27:14
420,111,nFVEsw,https://acme.dev/gold/zenith/420,Status board yard,True,2025-02-18 16:45:07,2025-07-09 02:43:04
421,342,mS6oCv,https://acme.dev/opal/island/421,Launch deck kernel,True,2025-04-11 04:26:16,2025-09-15 22:35:44
422,219,MV8bfr,https://example.com/cobalt/delta/422,Quarterly brief beacon,True,2025-04-26 00:25:47,2025-09-15 11:31:56
423,170,cFz7Aj,https://seeded.app/rapid/island/423,Status board delta,True,2025-03-19 10:25:28,2025-06-17 12:56:59
424,338,mgzSke,https://relay.cloud/rapid/lagoon/424,Alert feed lagoon,True,2025-03-26 17:57:41,2025-12-07 13:25:36
425,263,q71b1t,https://opswise.net/gold/pioneer/425,Launch deck delta,False,2025-01-15 21:36:19,2025-12-20 13:27:46
426,250,TYH3UL,https://seeded.app/proud/river/426,Campaign page journey,True,2025-07-10 10:10:09,2026-02-08 15:14:44
427,15,73osZM,https://opswise.net/young/orbit/427,Campaign page network,True,2025-08-26 07:14:00,2026-01-16 14:49:16
428,146,fyqvkd,https://hackstack.io/young/signal/428,Roadmap update uplink,True,2025-08-20 13:08:42,2025-09-12 08:52:30
429,20,JlEz37,https://opswise.net/proud/canyon/429,Demo link orbit,True,2025-11-18 21:28:35,2026-01-10 13:29:02
430,38,rdhWt5,https://hackstack.io/warm/lagoon/430,Ops review trail,True,2025-05-14 14:29:17,2025-06-05 15:11:37
431,357,2Rgw5G,https://relay.cloud/young/quartz/431,Campaign page beacon,True,2025-03-24 14:42:08,2025-07-08 03:36:34
432,4,iKQhvy,https://acme.dev/vivid/island/432,Campaign page canyon,True,2026-01-17 13:47:49,2026-02-08 05:15:28
433,371,oU3ZlV,https://hackstack.io/opal/yard/433,Alert feed quartz,True,2025-06-05 04:52:15,2025-09-04 07:07:04
434,81,QamjXF,https://seeded.app/warm/kernel/434,Roadmap update orbit,True,2025-10-22 22:16:49,2025-12-18 23:12:22
435,249,axNrkr,https://example.com/young/anchor/435,Campaign page journey,True,2025-07-30 05:54:07,2025-08-02 03:19:06
436,10,f91Ms6,https://acme.dev/urban/river/436,Quarterly brief uplink,True,2025-06-27 15:40:57,2025-09-18 07:32:28
437,97,PmjFfE,https://opswise.net/cobalt/delta/437,Demo link yard,True,2025-04-19 10:24:31,2025-04-21 04:12:06
438,348,zG0Pbn,https://seeded.app/cobalt/quartz/438,Demo link yard,True,2026-01-18 21:19:34,2026-02-17 08:19:20
439,197,bmrKP3,https://seeded.app/young/quartz/439,Alert feed field,True,2025-02-05 02:07:42,2025-07-24 23:51:57
440,195,bapKWj,https://acme.dev/cobalt/orbit/440,Roadmap update delta,True,2025-02-12 11:52:28,2025-06-12 19:24:42
441,12,6aFz05,https://seeded.app/brisk/network/441,Quarterly brief kernel,True,2025-05-08 16:03:52,2025-07-10 07:40:36
442,275,6974AY,https://hackstack.io/brisk/harvest/442,Demo link quartz,False,2025-07-20 06:00:57,2026-02-03 09:18:29
443,68,0cFsq7,https://seeded.app/dawn/zenith/443,Demo link window,True,2025-11-30 00:24:42,2026-02-16 06:54:51
444,5,or1xqj,https://relay.cloud/calm/field/444,Service guide garden,True,2025-12-01 01:41:30,2026-01-02 07:59:21
445,300,gYZGJE,https://relay.cloud/urban/trail/445,Status board beacon,True,2025-04-07 02:40:59,2025-06-26 12:24:53
446,35,vVuh7M,https://relay.cloud/gold/meadow/446,Incident notes anchor,True,2025-08-07 18:56:24,2025-12-28 16:38:46
447,146,xQyZb8,https://example.com/urban/uplink/447,Campaign page journey,True,2025-12-18 17:54:00,2026-01-17 01:16:34
448,18,Dlkrsu,https://relay.cloud/mellow/valley/448,Campaign page pioneer,True,2026-01-05 13:45:31,2026-02-19 02:39:12
449,142,R7wJYG,https://acme.dev/ember/network/449,Roadmap update window,True,2025-09-13 22:57:24,2026-01-08 12:06:22
450,184,1JEI18,https://opswise.net/clear/quartz/450,Quarterly brief beacon,True,2025-04-08 05:41:32,2025-10-23 13:48:01
451,251,A73ayT,https://relay.cloud/urban/engine/451,Alert feed lagoon,True,2025-12-23 09:01:07,2026-02-18 14:05:51
452,113,CjjM9t,https://hackstack.io/mellow/engine/452,Ops review pioneer,True,2025-07-17 11:19:52,2025-12-27 07:01:45
453,264,g0W6y9,https://example.com/opal/quartz/453,Roadmap update zenith,True,2026-01-16 17:55:25,2026-01-26 10:09:01
454,175,Sx9uFD,https://example.com/cobalt/engine/454,Campaign page signal,True,2025-03-19 13:45:17,2025-04-09 10:33:25
455,156,Ew3KXN,https://seeded.app/forest/window/455,Alert feed window,True,2025-03-13 14:55:42,2025-12-12 08:24:00
456,16,vWpYqj,https://acme.dev/tidy/lagoon/456,Status board window,True,2025-12-18 05:49:31,2026-01-27 06:57:02
457,359,Zc0grb,https://relay.cloud/tidy/zenith/457,Ops review orbit,True,2025-07-31 20:12:48,2025-08-22 23:09:38
458,64,lxpStQ,https://example.com/dawn/beacon/458,Campaign page window,True,2025-07-04 12:03:02,2026-02-15 09:52:09
459,155,h1DcWB,https://example.com/dawn/pioneer/459,Roadmap update river,False,2025-07-24 11:39:40,2026-01-06 15:09:03
460,76,ldrNUP,https://example.com/vivid/lagoon/460,Alert feed lagoon,True,2025-05-27 04:23:23,2025-09-10 18:06:21
461,6,GIi6Ue,https://acme.dev/urban/canyon/461,Quarterly brief uplink,True,2025-09-23 08:44:17,2025-10-30 16:38:14
462,103,Uzjksa,https://acme.dev/gold/quartz/462,Alert feed kernel,True,2025-03-16 22:23:44,2025-07-22 20:45:27
463,381,2s9tAi,https://opswise.net/amber/delta/463,Service guide harvest,True,2025-11-20 23:10:47,2025-12-11 02:33:00
464,240,8Ng8go,https://acme.dev/vivid/yard/464,Roadmap update signal,True,2025-08-05 09:19:14,2025-11-03 21:42:30
465,271,aBjavC,https://seeded.app/opal/network/465,Launch deck garden,True,2025-04-27 19:56:52,2025-08-31 01:54:52
466,232,sNV1ac,https://seeded.app/vivid/uplink/466,Ops review network,True,2025-05-12 06:58:45,2025-06-14 23:22:25
467,11,zP2XRh,https://seeded.app/mellow/canyon/467,Ops review trail,True,2025-08-09 07:25:43,2025-10-12 16:07:06
468,144,nYN190,https://opswise.net/vivid/meadow/468,Ops review kernel,True,2025-01-31 23:59:05,2025-09-12 22:21:15
469,134,prQd3f,https://relay.cloud/dawn/canyon/469,Launch deck harvest,True,2025-07-11 03:29:29,2026-01-20 15:05:45
470,397,TH9PkR,https://example.com/proud/field/470,Roadmap update zenith,True,2026-02-15 02:55:41,2026-02-18 23:12:56
471,134,vXKCyJ,https://opswise.net/opal/harvest/471,Ops review field,True,2026-01-08 05:34:46,2026-01-31 16:49:59
472,294,EIobq9,https://hackstack.io/calm/beacon/472,Roadmap update river,True,2025-07-31 13:55:34,2026-01-31 09:49:44
473,284,4v0gCP,https://opswise.net/brisk/river/473,Ops review yard,True,2025-06-04 14:27:49,2025-12-14 23:35:48
474,93,igdREc,https://acme.dev/silver/pioneer/474,Alert feed engine,True,2025-05-23 19:26:07,2025-11-15 06:59:28
475,385,g0rhPl,https://hackstack.io/warm/kernel/475,Incident notes signal,True,2025-11-03 13:57:35,2025-11-15 12:21:49
476,278,y1cLpq,https://opswise.net/navy/anchor/476,Service guide yard,False,2025-04-15 00:14:26,2025-09-01 01:15:46
477,265,TchTpe,https://acme.dev/ivory/orbit/477,Demo link yard,True,2025-06-22 07:56:23,2025-12-25 22:11:44
478,292,T1MDHQ,https://acme.dev/brisk/quartz/478,Demo link trail,True,2025-10-18 00:42:30,2025-11-08 13:18:06
479,384,liMQMT,https://acme.dev/dawn/lagoon/479,Quarterly brief field,True,2026-01-14 13:47:00,2026-01-24 03:05:00
480,249,9yppqL,https://seeded.app/warm/anchor/480,Status board trail,True,2025-01-25 01:38:55,2025-07-22 17:33:46
481,311,ljIdgs,https://relay.cloud/mellow/garden/481,Demo link journey,True,2025-06-21 22:20:29,2025-07-02 13:44:38
482,200,2P2Uvm,https://acme.dev/vivid/field/482,Demo link lagoon,True,2025-10-19 14:28:33,2025-11-17 02:30:46
483,321,Mqs9KO,https://relay.cloud/proud/trail/483,Demo link journey,True,2025-02-18 23:34:40,2025-08-10 18:00:56
484,78,elFbXM,https://example.com/proud/journey/484,Demo link river,True,2025-07-03 07:27:30,2025-07-07 15:28:06
485,339,MEeIhc,https://example.com/warm/orbit/485,Campaign page island,True,2025-09-18 01:13:30,2025-12-31 01:24:58
486,203,ojzQqm,https://opswise.net/brisk/anchor/486,Status board trail,True,2025-04-30 10:30:14,2026-02-04 16:04:51
487,355,FV6md6,https://acme.dev/jade/beacon/487,Status board lagoon,True,2025-01-06 04:33:14,2025-11-11 21:03:56
488,313,T6HELO,https://seeded.app/harbor/anchor/488,Launch deck beacon,True,2025-05-20 01:42:40,2025-08-06 15:08:26
489,377,NAdUmq,https://seeded.app/harbor/orbit/489,Launch deck signal,True,2026-01-30 19:59:28,2026-02-10 02:58:23
490,7,LNej1q,https://acme.dev/jade/kernel/490,Alert feed valley,True,2025-02-04 07:22:01,2025-09-09 04:14:29
491,70,ZUQeSR,https://hackstack.io/mellow/river/491,Launch deck window,True,2025-09-11 11:35:46,2025-09-15 10:39:17
492,131,UOsj4S,https://acme.dev/vivid/island/492,Quarterly brief engine,True,2025-04-08 05:06:43,2026-02-10 02:54:35
493,174,2S95wK,https://acme.dev/jade/uplink/493,Status board yard,False,2025-03-15 06:51:44,2025-03-22 22:42:48
494,307,ekNumC,https://acme.dev/cobalt/engine/494,Launch deck signal,True,2025-05-20 18:04:53,2025-07-28 08:18:19
495,188,Q51R1Z,https://example.com/quiet/pioneer/495,Demo link meadow,True,2025-04-18 23:18:12,2025-12-12 05:40:19
496,377,4DNI52,https://relay.cloud/vivid/signal/496,Demo link valley,True,2025-10-18 03:55:03,2025-11-23 16:54:06
497,64,feyn8J,https://example.com/warm/window/497,Roadmap update kernel,True,2025-02-27 06:02:36,2025-05-05 23:03:14
498,191,z3J7La,https://hackstack.io/urban/journey/498,Alert feed journey,True,2025-12-10 23:37:17,2026-01-13 14:30:31
499,67,TqQhIJ,https://hackstack.io/vivid/engine/499,Incident notes signal,True,2025-05-11 06:34:17,2025-08-29 08:37:55
500,153,3tY9c8,https://hackstack.io/calm/quartz/500,Ops review yard,True,2025-04-27 06:43:13,2025-06-15 14:21:31
501,237,1pHlOA,https://opswise.net/navy/network/501,Demo link window,True,2025-01-22 13:06:43,2026-01-17 15:22:57
502,140,W8a7YN,https://example.com/forest/meadow/502,Launch deck zenith,True,2025-05-29 06:38:40,2025-11-27 02:22:22
503,71,Iaf8HR,https://hackstack.io/urban/engine/503,Launch deck river,True,2025-01-23 08:32:26,2025-02-14 05:49:19
504,232,gei5BR,https://opswise.net/ember/engine/504,Alert feed kernel,True,2025-01-10 20:43:38,2025-06-03 16:08:26
505,13,o5AanX,https://example.com/ivory/kernel/505,Ops review delta,True,2025-12-07 07:59:05,2026-02-17 05:21:35
506,208,cJrvmu,https://opswise.net/cobalt/trail/506,Incident notes river,True,2026-01-24 16:52:13,2026-02-03 06:03:11
507,334,TKgGlU,https://acme.dev/cobalt/delta/507,Launch deck island,True,2025-11-21 01:26:07,2025-12-04 07:51:04
508,373,rn07pL,https://seeded.app/calm/anchor/508,Quarterly brief delta,True,2025-01-28 15:54:32,2026-02-14 09:43:49
509,339,z6IcWi,https://hackstack.io/quiet/harvest/509,Alert feed yard,True,2025-09-28 12:24:43,2025-10-19 16:53:28
510,394,bMCgfl,https://opswise.net/brisk/quartz/510,Status board beacon,False,2025-02-22 23:59:36,2025-09-07 18:46:54
511,185,Zzhm54,https://opswise.net/opal/quartz/511,Campaign page garden,True,2025-11-02 03:43:32,2025-12-06 02:54:32
512,162,UjPLpc,https://example.com/jade/lagoon/512,Ops review window,True,2025-04-29 04:26:03,2025-07-20 11:35:37
513,240,yni4CQ,https://seeded.app/dawn/delta/513,Ops review canyon,True,2026-02-04 22:06:37,2026-02-20 14:04:16
514,344,IYlRM1,https://relay.cloud/navy/orbit/514,Service guide journey,True,2025-06-04 11:02:15,2026-01-24 21:38:16
515,315,MxXsIK,https://hackstack.io/quiet/valley/515,Service guide window,True,2025-01-05 01:20:48,2025-06-11 07:23:50
516,195,qUC8ul,https://hackstack.io/young/engine/516,Alert feed field,True,2026-01-08 18:43:48,2026-02-18 18:35:50
517,298,lqvZ3S,https://acme.dev/keen/kernel/517,Ops review meadow,True,2025-12-27 06:24:39,2026-01-29 17:53:52
518,199,tVD7C2,https://acme.dev/ember/island/518,Ops review meadow,True,2025-11-04 10:12:30,2026-01-23 19:12:36
519,91,Pt385q,https://example.com/forest/kernel/519,Alert feed zenith,True,2025-03-19 15:41:21,2025-06-26 06:28:27
520,7,BBkBsQ,https://relay.cloud/brisk/signal/520,Campaign page anchor,True,2025-04-14 02:33:09,2025-09-14 05:23:11
521,38,NaI0ie,https://opswise.net/ember/orbit/521,Alert feed anchor,True,2026-02-18 04:38:06,2026-02-18 12:41:59
522,274,4SdMEq,https://acme.dev/young/canyon/522,Ops review network,True,2025-09-01 23:29:48,2025-12-01 18:29:52
523,211,0A8lv1,https://seeded.app/keen/journey/523,Service guide orbit,True,2025-04-28 20:34:56,2025-05-14 17:55:37
524,9,IMNIMu,https://seeded.app/dawn/journey/524,Status board pioneer,True,2025-05-20 18:53:12,2025-11-08 11:21:45
525,20,asAN8Y,https://hackstack.io/ember/journey/525,Quarterly brief canyon,True,2026-02-07 10:29:01,2026-02-08 06:23:31
526,163,4CrlAY,https://relay.cloud/ember/engine/526,Demo link meadow,True,2025-02-18 14:53:43,2025-12-24 12:10:12
527,371,nPq5Uw,https://hackstack.io/dawn/journey/527,Alert feed field,False,2025-07-20 19:59:30,2025-12-26 13:09:31
528,33,RsJMiE,https://seeded.app/young/window/528,Launch deck trail,True,2025-05-02 05:39:01,2025-07-12 17:04:32
529,367,dkt0xs,https://opswise.net/lively/island/529,Roadmap update harvest,True,2026-01-25 20:53:23,2026-02-05 23:20:22
530,198,zjP1Qb,https://seeded.app/warm/field/530,Status board beacon,True,2026-02-08 01:14:24,2026-02-16 07:09:04
531,23,31msTp,https://seeded.app/ivory/delta/531,Incident notes signal,True,2025-11-12 20:19:39,2025-12-06 23:19:53
532,297,qtxKJH,https://seeded.app/tidy/signal/532,Status board canyon,True,2025-05-31 07:18:03,2025-09-11 21:34:31
533,75,qBqtfx,https://hackstack.io/young/meadow/533,Incident notes trail,True,2025-01-16 03:23:57,2025-05-17 03:30:00
534,78,UKJ6eZ,https://example.com/ivory/beacon/534,Status board yard,True,2025-02-19 20:06:58,2025-11-14 22:53:41
535,312,MIiC4h,https://hackstack.io/keen/journey/535,Service guide island,True,2025-05-30 13:10:37,2025-11-01 01:13:54
536,268,kmRncr,https://relay.cloud/young/meadow/536,Alert feed journey,True,2026-02-18 07:35:19,2026-02-20 10:03:29
537,289,SBzFJ8,https://example.com/cobalt/trail/537,Status board harvest,True,2025-06-12 10:38:15,2025-09-10 05:09:44
538,256,PQmgqN,https://hackstack.io/keen/delta/538,Quarterly brief lagoon,True,2025-09-26 09:44:52,2026-01-20 12:28:09
539,355,fGSxQo,https://relay.cloud/cobalt/valley/539,Ops review garden,True,2026-01-18 15:20:44,2026-02-10 03:56:18
540,226,v09sKC,https://example.com/jade/kernel/540,Quarterly brief river,True,2026-01-12 19:45:03,2026-02-08 23:20:57
541,270,RO0Wrf,https://acme.dev/jade/orbit/541,Quarterly brief harvest,True,2025-02-11 10:35:39,2025-06-07 17:32:47
542,44,Hxhczg,https://acme.dev/amber/lagoon/542,Service guide trail,True,2025-03-16 08:04:31,2026-01-11 13:21:52
543,8,cM6zYr,https://hackstack.io/amber/valley/543,Ops review journey,True,2025-09-14 14:13:58,2025-09-30 00:50:56
544,145,SW1GhJ,https://example.com/urban/meadow/544,Roadmap update kernel,False,2025-03-05 02:22:36,2025-03-07 23:15:57
545,42,cQvhP3,https://acme.dev/mellow/uplink/545,Launch deck kernel,True,2026-01-09 23:22:12,2026-02-14 05:26:16
546,245,ozsrZg,https://acme.dev/ember/quartz/546,Launch deck signal,True,2026-02-15 01:20:56,2026-02-19 17:39:03
547,136,IObRSL,https://opswise.net/proud/signal/547,Campaign page network,True,2025-01-17 00:03:26,2025-05-30 09:26:18
548,1,VPNiLA,https://hackstack.io/brisk/window/548,Quarterly brief trail,True,2025-02-20 07:29:16,2025-03-10 17:59:27
549,120,1keyzI,https://acme.dev/quiet/kernel/549,Status board delta,True,2025-02-18 02:15:58,2025-06-30 13:26:53
550,231,zzvunc,https://example.com/mellow/window/550,Ops review uplink,True,2025-03-17 08:03:12,2025-03-18 00:08:39
551,297,FoN9Td,https://opswise.net/amber/delta/551,Ops review signal,True,2025-06-01 23:28:58,2025-07-26 16:39:00
552,344,brAYyH,https://opswise.net/vivid/orbit/552,Incident notes journey,True,2025-12-14 16:58:32,2025-12-25 13:17:05
553,113,saiX0H,https://seeded.app/jade/canyon/553,Quarterly brief quartz,True,2025-03-16 14:59:54,2025-06-19 12:51:17
554,185,m9iF64,https://seeded.app/forest/journey/554,Alert feed window,True,2025-09-10 03:38:03,2025-09-12 00:31:19
555,173,Q6MIOq,https://opswise.net/urban/delta/555,Incident notes beacon,True,2025-02-20 18:41:49,2025-03-10 21:02:46
556,176,mIWC00,https://example.com/urban/river/556,Demo link beacon,True,2025-09-07 22:28:40,2025-10-04 22:47:11
557,362,opr6y9,https://example.com/warm/valley/557,Incident notes kernel,True,2025-05-21 12:47:59,2026-01-28 03:49:11
558,331,Rq6QJo,https://hackstack.io/opal/field/558,Quarterly brief yard,True,2025-10-07 12:09:03,2025-11-16 00:37:01
559,134,hRdFM3,https://example.com/opal/harvest/559,Service guide quartz,True,2025-06-24 05:23:23,2025-11-26 03:21:57
560,167,fB1np4,https://acme.dev/navy/lagoon/560,Status board canyon,True,2025-03-25 09:21:46,2026-01-29 01:58:43
561,353,BDRxfO,https://acme.dev/amber/orbit/561,Status board river,False,2025-07-13 13:09:09,2025-08-17 11:26:14
562,320,DfdHOs,https://opswise.net/silver/trail/562,Ops review harvest,True,2025-03-19 02:17:31,2025-07-01 08:26:23
563,66,SFrxxQ,https://seeded.app/dawn/journey/563,Campaign page valley,True,2025-02-09 16:24:42,2025-05-09 06:06:11
564,217,mN4fLa,https://acme.dev/clear/network/564,Campaign page lagoon,True,2025-10-19 19:41:46,2025-10-24 23:55:01
565,56,2twSHv,https://opswise.net/rapid/river/565,Demo link valley,True,2025-10-05 05:34:05,2026-01-24 16:06:49
566,279,mbHem7,https://example.com/ember/uplink/566,Status board island,True,2025-05-18 06:13:01,2025-12-05 22:05:01
567,307,4m6XV1,https://seeded.app/clear/delta/567,Service guide beacon,True,2025-10-15 07:25:09,2025-11-19 01:26:26
568,115,T26cyo,https://relay.cloud/mellow/lagoon/568,Quarterly brief orbit,True,2025-01-13 04:54:02,2025-11-30 15:11:27
569,344,RpaLqu,https://example.com/quiet/meadow/569,Campaign page lagoon,True,2025-08-04 13:06:18,2025-11-07 19:28:44
570,72,h7TlFh,https://example.com/dawn/harvest/570,Service guide orbit,True,2025-02-02 20:24:34,2025-09-28 15:12:17
571,318,DUOXXl,https://hackstack.io/ember/lagoon/571,Launch deck trail,True,2025-04-02 20:29:20,2025-10-05 21:48:20
572,298,1N2IIC,https://relay.cloud/quiet/beacon/572,Alert feed kernel,True,2025-08-21 02:32:18,2025-08-31 06:35:56
573,369,UFN0sp,https://hackstack.io/harbor/kernel/573,Demo link river,True,2025-02-07 03:14:33,2025-12-18 11:32:31
574,173,uOvp5z,https://relay.cloud/rapid/pioneer/574,Roadmap update garden,True,2025-07-25 00:37:44,2025-11-18 17:42:12
575,83,CN8SEX,https://acme.dev/urban/pioneer/575,Status board kernel,True,2025-12-06 20:37:41,2026-01-03 04:26:09
576,241,g9iGMf,https://opswise.net/young/valley/576,Ops review delta,True,2025-02-12 19:28:25,2026-02-13 05:59:51
577,144,WaLZzR,https://opswise.net/silver/engine/577,Campaign page signal,True,2025-09-24 20:25:47,2025-11-04 17:14:30
578,12,zoV0gf,https://relay.cloud/harbor/kernel/578,Quarterly brief river,False,2026-01-11 20:28:09,2026-02-06 05:49:32
579,123,5EEiPR,https://acme.dev/forest/meadow/579,Incident notes window,True,2025-01-07 03:07:50,2025-05-16 06:51:41
580,269,fzVdcx,https://seeded.app/quiet/uplink/580,Service guide engine,True,2025-09-28 18:54:18,2026-02-03 23:31:57
581,289,vg8TQl,https://example.com/quiet/valley/581,Campaign page beacon,True,2025-04-22 02:36:48,2026-01-27 08:20:48
582,244,ZbDDoR,https://opswise.net/brisk/anchor/582,Status board kernel,True,2025-06-21 05:57:55,2026-02-14 19:36:41
583,22,g1JFHp,https://hackstack.io/forest/zenith/583,Service guide kernel,True,2025-11-17 13:22:30,2025-12-13 07:42:30
584,177,AYxsxS,https://seeded.app/rapid/uplink/584,Alert feed orbit,True,2025-06-25 23:55:38,2025-08-26 06:10:42
585,36,yaEodl,https://relay.cloud/amber/garden/585,Alert feed harvest,True,2025-02-24 21:26:31,2025-05-15 21:48:47
586,320,Em27ll,https://example.com/ivory/quartz/586,Incident notes trail,True,2026-02-05 03:42:25,2026-02-18 01:49:18
587,125,mZ2oOV,https://example.com/navy/trail/587,Incident notes window,True,2025-08-22 06:50:07,2025-12-06 17:56:44
588,88,xnUrWI,https://opswise.net/clear/journey/588,Status board uplink,True,2025-05-16 00:24:34,2025-12-28 02:09:14
589,287,RiAOOV,https://opswise.net/vivid/uplink/589,Ops review meadow,True,2025-01-23 03:12:33,2025-03-02 22:37:00
590,168,xjixRq,https://seeded.app/harbor/meadow/590,Demo link lagoon,True,2025-08-30 08:26:41,2026-02-20 06:14:45
591,127,vFSRu7,https://hackstack.io/forest/meadow/591,Incident notes orbit,True,2026-01-02 20:03:05,2026-01-22 04:05:21
592,92,FMzYpI,https://acme.dev/opal/orbit/592,Incident notes lagoon,True,2025-09-24 18:03:08,2026-01-15 11:33:31
593,205,y1Lo3V,https://opswise.net/mellow/canyon/593,Service guide engine,True,2025-12-05 18:40:15,2026-02-19 16:32:41
594,190,YuVJXu,https://example.com/ivory/canyon/594,Ops review river,True,2025-11-02 22:19:30,2025-12-01 05:17:56
595,64,qqSynq,https://relay.cloud/clear/engine/595,Quarterly brief yard,False,2025-09-10 08:25:56,2025-10-25 22:17:33
596,337,mPxuvw,https://example.com/brisk/zenith/596,Campaign page kernel,True,2025-05-22 04:17:47,2025-06-25 17:23:41
597,364,E9pE2W,https://seeded.app/tidy/river/597,Roadmap update river,True,2025-12-31 14:56:45,2026-01-15 08:11:01
598,291,ZGG95V,https://relay.cloud/rapid/canyon/598,Service guide island,True,2025-02-19 21:11:24,2025-04-29 00:03:44
599,69,D2QKEs,https://relay.cloud/gold/meadow/599,Launch deck pioneer,True,2025-07-07 20:17:10,2025-10-20 12:31:55
600,195,D7R1Da,https://hackstack.io/vivid/island/600,Incident notes window,True,2025-09-01 05:52:05,2025-09-08 06:18:27
601,38,BooCN1,https://seeded.app/harbor/harvest/601,Ops review field,True,2025-05-25 07:02:28,2025-09-04 17:02:52
602,47,Rq2s4J,https://seeded.app/warm/window/602,Status board lagoon,True,2026-02-11 13:35:36,2026-02-18 03:07:34
603,43,CZMfaV,https://opswise.net/rapid/river/603,Status board trail,True,2025-08-25 02:53:55,2025-09-15 05:23:19
604,129,M7TRTt,https://hackstack.io/dawn/valley/604,Quarterly brief meadow,True,2025-01-06 12:21:08,2025-05-25 16:43:36
605,92,c25AHt,https://opswise.net/proud/pioneer/605,Roadmap update meadow,True,2026-01-06 07:14:31,2026-01-16 03:14:12
606,247,QMsihV,https://relay.cloud/brisk/orbit/606,Demo link garden,True,2025-11-04 15:53:25,2026-02-19 17:14:42
607,199,Gr2gaF,https://example.com/silver/lagoon/607,Status board canyon,True,2025-09-03 19:42:26,2026-02-13 12:44:38
608,106,OE3Wdm,https://hackstack.io/gold/engine/608,Quarterly brief field,True,2025-11-05 11:45:56,2025-12-27 13:05:11
609,368,nKOI15,https://relay.cloud/vivid/quartz/609,Quarterly brief garden,True,2025-04-03 01:42:46,2025-11-02 15:02:30
610,144,vRsX1l,https://opswise.net/brisk/signal/610,Service guide signal,True,2025-07-05 06:38:58,2025-09-22 03:56:05
611,203,LTL4bX,https://relay.cloud/urban/canyon/611,Demo link river,True,2025-10-16 15:47:41,2025-12-04 04:59:53
612,355,fq38FA,https://relay.cloud/urban/lagoon/612,Roadmap update network,False,2025-10-06 03:14:33,2026-02-09 07:03:50
613,186,Npm8mV,https://hackstack.io/tidy/orbit/613,Quarterly brief journey,True,2025-07-13 10:04:54,2025-07-17 19:28:37
614,189,CKqMlO,https://example.com/ivory/window/614,Alert feed field,True,2025-12-10 18:10:07,2026-01-22 10:30:01
615,246,ShwqRl,https://hackstack.io/opal/yard/615,Status board garden,True,2025-07-30 00:52:20,2025-09-13 11:40:52
616,168,OnRzbp,https://relay.cloud/cobalt/uplink/616,Service guide zenith,True,2025-04-15 02:47:20,2025-08-03 20:04:25
617,295,MaBAqf,https://acme.dev/proud/canyon/617,Campaign page engine,True,2025-09-08 12:39:08,2025-11-02 06:13:04
618,310,q2lgWx,https://hackstack.io/jade/trail/618,Status board kernel,True,2025-08-02 16:04:32,2026-01-14 04:29:19
619,68,xJALOx,https://relay.cloud/warm/lagoon/619,Ops review river,True,2025-11-23 19:39:51,2026-01-31 00:11:32
620,161,N0kMCk,https://acme.dev/rapid/beacon/620,Quarterly brief valley,True,2025-11-04 11:13:47,2026-01-07 03:55:38
621,341,pIgJ8f,https://hackstack.io/clear/delta/621,Demo link uplink,True,2025-02-04 05:39:34,2026-01-27 10:06:41
622,372,lDDGzq,https://relay.cloud/urban/garden/622,Status board signal,True,2025-01-18 13:03:18,2026-01-31 22:41:59
623,11,F3bero,https://acme.dev/opal/engine/623,Demo link pioneer,True,2025-12-28 14:41:25,2026-02-05 05:55:22
624,105,EE4qRR,https://example.com/navy/yard/624,Roadmap update network,True,2025-12-07 04:46:26,2026-02-15 19:26:21
625,372,OMIphP,https://seeded.app/vivid/canyon/625,Service guide zenith,True,2025-07-17 21:31:18,2026-01-15 19:53:19
626,387,2rDxlo,https://relay.cloud/ivory/field/626,Quarterly brief pioneer,True,2025-11-04 12:50:04,2025-11-14 09:10:32
627,162,A4q4Cx,https://relay.cloud/silver/zenith/627,Service guide delta,True,2025-06-11 00:33:18,2025-07-04 01:10:13
628,31,0AmBuc,https://hackstack.io/vivid/network/628,Incident notes engine,True,2025-03-17 22:33:02,2026-01-16 10:50:17
629,334,RxB8PD,https://seeded.app/ember/zenith/629,Status board harvest,False,2025-02-07 13:46:37,2025-05-31 13:30:14
630,243,pKDGjf,https://acme.dev/jade/anchor/630,Alert feed delta,True,2025-01-05 00:03:25,2025-10-28 07:27:53
631,386,3RxHZv,https://acme.dev/tidy/field/631,Alert feed network,True,2025-02-01 20:48:01,2025-12-26 22:22:23
632,126,rXAI4l,https://seeded.app/navy/trail/632,Service guide harvest,True,2025-02-06 20:47:23,2025-08-10 00:08:02
633,274,Z6SOjJ,https://example.com/keen/canyon/633,Quarterly brief lagoon,True,2025-03-16 16:00:30,2025-09-10 22:42:32
634,3,uYmug8,https://example.com/keen/journey/634,Campaign page canyon,True,2025-09-04 10:50:47,2025-10-03 02:06:43
635,301,8mZB5K,https://opswise.net/silver/garden/635,Ops review orbit,True,2025-12-06 06:27:01,2026-02-11 22:36:16
636,196,Sdd5L3,https://seeded.app/amber/network/636,Status board uplink,True,2026-02-07 10:20:26,2026-02-13 08:01:01
637,30,S4gHSu,https://relay.cloud/cobalt/network/637,Quarterly brief beacon,True,2025-08-17 16:17:17,2025-12-28 03:39:31
638,156,KL73If,https://opswise.net/silver/field/638,Launch deck beacon,True,2025-12-11 16:49:17,2026-02-20 11:23:30
639,86,JK0AIC,https://hackstack.io/warm/pioneer/639,Ops review river,True,2025-12-13 09:45:00,2025-12-31 14:31:06
640,12,N4Xjpr,https://acme.dev/amber/island/640,Roadmap update field,True,2025-12-10 10:50:24,2026-01-03 03:25:55
641,315,rYnt1x,https://example.com/mellow/window/641,Alert feed garden,True,2025-05-05 18:54:42,2025-09-13 23:35:03
642,221,LYLnGC,https://seeded.app/tidy/quartz/642,Status board journey,True,2026-01-05 06:01:33,2026-01-23 14:57:40
643,240,rj7fUO,https://hackstack.io/ember/window/643,Ops review quartz,True,2025-01-09 04:58:08,2025-03-16 18:21:47
644,170,WWtMmT,https://relay.cloud/jade/kernel/644,Incident notes yard,True,2025-07-23 00:55:39,2025-12-06 09:25:30
645,266,486rPg,https://opswise.net/gold/orbit/645,Launch deck field,True,2025-06-06 10:10:25,2025-12-26 13:45:17
646,237,izrzDP,https://opswise.net/vivid/pioneer/646,Service guide journey,False,2026-02-19 11:39:04,2026-02-20 11:26:33
647,172,4DsWVH,https://acme.dev/keen/uplink/647,Roadmap update anchor,True,2025-09-21 04:09:25,2025-12-26 00:56:39
648,168,MeDxDd,https://seeded.app/opal/uplink/648,Roadmap update orbit,True,2025-09-30 05:12:12,2025-10-19 04:10:57
649,126,FGDjyn,https://seeded.app/proud/signal/649,Incident notes yard,True,2025-11-13 18:46:13,2025-12-24 08:58:10
650,347,RPzlHR,https://hackstack.io/urban/engine/650,Status board orbit,True,2026-01-14 02:28:55,2026-02-18 06:03:57
651,335,9m6VB7,https://acme.dev/opal/river/651,Demo link anchor,True,2025-02-12 21:19:29,2025-06-15 14:39:52
652,292,hbTHIw,https://relay.cloud/urban/engine/652,Demo link valley,True,2025-05-02 12:48:19,2025-06-13 00:47:17
653,378,vF4JDx,https://example.com/lively/window/653,Campaign page anchor,True,2025-06-29 16:40:07,2025-07-10 18:48:32
654,116,a0oWw2,https://opswise.net/clear/field/654,Campaign page yard,True,2025-09-24 23:35:47,2025-12-31 05:04:43
655,136,czEldl,https://seeded.app/mellow/network/655,Incident notes quartz,True,2025-08-15 12:51:56,2025-12-18 08:12:56
656,102,Qsp4GP,https://hackstack.io/navy/engine/656,Service guide yard,True,2025-08-31 10:35:38,2025-09-27 15:29:03
657,34,CRW1Ir,https://opswise.net/ember/signal/657,Incident notes signal,True,2025-12-21 13:29:07,2026-02-13 01:07:43
658,61,682P1i,https://acme.dev/lively/harvest/658,Campaign page trail,True,2025-09-28 19:36:19,2026-02-04 21:01:44
659,346,PJrJf0,https://seeded.app/warm/zenith/659,Alert feed network,True,2025-11-11 02:31:38,2025-12-10 01:14:09
660,136,Zj4kQ9,https://opswise.net/ivory/island/660,Incident notes delta,True,2025-05-01 17:13:53,2026-02-16 13:51:02
661,118,r05KYA,https://acme.dev/ivory/valley/661,Service guide kernel,True,2025-03-21 15:13:18,2025-11-26 17:37:54
662,279,xvCEq8,https://relay.cloud/jade/delta/662,Roadmap update trail,True,2026-02-19 10:48:44,2026-02-19 13:50:42
663,172,36gQ68,https://hackstack.io/harbor/field/663,Alert feed lagoon,False,2025-04-11 22:08:24,2025-06-30 15:16:06
664,132,Qyf8L6,https://opswise.net/tidy/delta/664,Campaign page anchor,True,2025-03-10 19:47:29,2025-04-25 23:27:09
665,81,q0vDmD,https://relay.cloud/lively/kernel/665,Incident notes yard,True,2025-08-21 11:58:19,2026-01-07 10:28:17
666,192,uCKQSd,https://acme.dev/dawn/pioneer/666,Demo link trail,True,2025-11-24 03:20:03,2026-01-07 23:37:56
667,379,wsHTIl,https://hackstack.io/amber/meadow/667,Quarterly brief garden,True,2026-02-07 16:42:07,2026-02-18 16:34:31
668,197,CA1gqO,https://relay.cloud/silver/anchor/668,Campaign page engine,True,2025-07-02 18:52:16,2025-12-24 06:53:03
669,381,fTJJU8,https://example.com/cobalt/field/669,Campaign page pioneer,True,2025-01-28 10:50:36,2025-03-31 22:30:41
670,354,PxiMA8,https://seeded.app/calm/journey/670,Incident notes quartz,True,2025-12-18 17:49:38,2026-02-17 17:46:48
671,176,rmJjco,https://relay.cloud/navy/window/671,Status board network,True,2025-12-05 12:42:33,2025-12-18 15:27:36
672,165,ZZlGEp,https://hackstack.io/urban/harvest/672,Launch deck lagoon,True,2025-03-14 08:56:42,2025-05-20 17:49:52
673,130,dWr5TA,https://opswise.net/forest/orbit/673,Demo link anchor,True,2026-02-16 03:12:54,2026-02-20 10:00:27
674,34,poMm2p,https://opswise.net/lively/delta/674,Quarterly brief engine,True,2025-10-30 22:59:03,2026-01-01 09:54:15
675,233,sel9sK,https://opswise.net/dawn/harvest/675,Alert feed quartz,True,2026-01-25 21:55:10,2026-01-28 12:40:14
676,372,SS5xWe,https://opswise.net/jade/garden/676,Campaign page field,True,2025-02-12 01:08:53,2026-02-14 03:16:20
677,58,CzpRIP,https://relay.cloud/clear/trail/677,Demo link engine,True,2025-09-21 22:49:15,2026-02-02 05:51:07
678,28,2ZCvX5,https://opswise.net/jade/field/678,Launch deck network,True,2025-07-24 09:39:41,2025-12-14 07:46:12
679,113,YKp69A,https://relay.cloud/mellow/pioneer/679,Incident notes yard,True,2025-07-17 06:02:31,2025-12-13 04:16:27
680,329,pK7xfR,https://acme.dev/tidy/meadow/680,Service guide lagoon,False,2025-04-22 02:16:23,2025-06-17 00:40:03
681,198,BDfTM4,https://opswise.net/brisk/garden/681,Roadmap update uplink,True,2025-10-04 05:07:09,2025-11-19 15:14:52
682,18,X1bhFg,https://opswise.net/lively/zenith/682,Launch deck harvest,True,2025-01-05 15:56:57,2025-10-12 06:18:27
683,317,TICNdd,https://acme.dev/tidy/anchor/683,Alert feed uplink,True,2025-01-16 21:09:21,2025-10-21 23:48:42
684,144,zwxz8E,https://example.com/amber/quartz/684,Roadmap update yard,True,2025-06-24 17:07:00,2026-02-03 15:16:40
685,1,I8LCFo,https://seeded.app/quiet/zenith/685,Roadmap update kernel,True,2026-01-18 08:47:22,2026-02-11 20:34:42
686,76,2ZzMZT,https://relay.cloud/amber/garden/686,Demo link journey,True,2025-02-18 00:10:14,2025-11-12 13:55:08
687,377,y0Q6VD,https://opswise.net/calm/uplink/687,Incident notes field,True,2025-03-31 09:20:45,2025-04-02 10:26:40
688,161,2fgIcc,https://acme.dev/ivory/window/688,Service guide lagoon,True,2026-01-29 15:57:46,2026-02-15 21:13:23
689,53,GB1Ykd,https://hackstack.io/keen/zenith/689,Demo link window,True,2025-02-02 01:27:41,2025-04-23 16:03:31
690,258,rKnLSO,https://hackstack.io/lively/valley/690,Alert feed harvest,True,2025-05-27 02:21:22,2025-08-09 00:23:55
691,384,NhvzsE,https://relay.cloud/ivory/quartz/691,Alert feed zenith,True,2025-03-30 16:05:23,2026-01-07 06:47:48
692,135,HPcgNf,https://hackstack.io/warm/quartz/692,Campaign page uplink,True,2025-10-22 05:03:34,2026-01-13 20:43:55
693,399,fpAsZ4,https://relay.cloud/quiet/delta/693,Launch deck delta,True,2025-11-28 03:01:28,2026-01-21 19:22:00
694,361,5vKB0h,https://acme.dev/jade/river/694,Roadmap update journey,True,2025-03-18 19:34:30,2026-01-28 21:32:34
695,302,6uHcms,https://relay.cloud/ember/uplink/695,Alert feed engine,True,2025-12-16 12:06:32,2026-02-12 09:58:59
696,165,YJEK9U,https://acme.dev/gold/zenith/696,Service guide delta,True,2025-04-14 13:24:53,2025-11-03 08:24:41
697,38,aFAsof,https://opswise.net/brisk/window/697,Ops review anchor,False,2025-05-08 20:20:18,2025-05-13 10:03:33
698,219,IKStln,https://acme.dev/calm/pioneer/698,Incident notes kernel,True,2026-01-15 01:36:21,2026-01-20 10:34:17
699,174,SOJ644,https://seeded.app/quiet/yard/699,Quarterly brief journey,True,2025-08-24 18:21:49,2025-09-03 17:24:56
700,295,dWeKYJ,https://hackstack.io/urban/trail/700,Launch deck meadow,True,2025-01-17 20:07:21,2025-03-29 09:36:30
701,179,3FyPmk,https://seeded.app/dawn/field/701,Demo link yard,True,2025-01-23 22:49:36,2025-01-28 16:34:29
702,177,n6Rk4e,https://seeded.app/navy/pioneer/702,Alert feed lagoon,True,2025-01-04 20:58:02,2025-01-23 00:06:58
703,216,7NzKEp,https://seeded.app/lively/valley/703,Incident notes yard,True,2025-08-22 23:09:50,2025-12-29 04:15:48
704,135,TwZSw3,https://relay.cloud/navy/window/704,Alert feed signal,True,2025-06-20 14:31:01,2025-07-11 17:36:20
705,62,4Z0RSY,https://relay.cloud/forest/beacon/705,Demo link meadow,True,2026-02-18 04:12:44,2026-02-18 08:43:38
706,57,8T3VMW,https://seeded.app/silver/zenith/706,Service guide anchor,True,2025-11-03 20:59:55,2026-01-17 12:45:30
707,134,6isD3n,https://acme.dev/silver/river/707,Ops review lagoon,True,2025-08-07 01:46:41,2025-11-06 22:23:12
708,64,a10mQe,https://opswise.net/calm/lagoon/708,Launch deck yard,True,2025-09-28 11:26:11,2025-10-27 14:03:25
709,272,iKPQ2x,https://example.com/navy/pioneer/709,Incident notes beacon,True,2025-07-28 00:05:21,2025-09-20 10:46:50
710,170,J9mwOL,https://acme.dev/opal/beacon/710,Campaign page lagoon,True,2025-09-20 23:46:55,2026-01-19 09:01:18
711,108,Fa7ev7,https://opswise.net/warm/window/711,Campaign page delta,True,2025-01-14 06:06:30,2025-12-31 08:15:29
712,224,FqNtU1,https://hackstack.io/urban/field/712,Launch deck field,True,2025-07-12 16:29:04,2025-08-13 19:13:44
713,58,1EtNh5,https://seeded.app/rapid/engine/713,Status board valley,True,2026-01-21 17:30:44,2026-02-10 09:36:19
714,353,JlqTU6,https://opswise.net/ember/journey/714,Ops review window,False,2025-01-03 02:14:40,2025-08-03 19:08:59
715,239,iUXlEj,https://seeded.app/dawn/island/715,Ops review kernel,True,2025-02-23 21:41:07,2025-12-12 12:42:15
716,391,wVlaRG,https://acme.dev/navy/quartz/716,Status board quartz,True,2025-06-26 00:46:00,2025-10-28 21:18:58
717,378,QCad2U,https://example.com/gold/garden/717,Service guide engine,True,2025-09-18 09:32:27,2025-10-29 19:31:56
718,369,2EEeRk,https://opswise.net/rapid/kernel/718,Status board canyon,True,2025-01-10 00:28:07,2025-09-28 06:40:00
719,237,YY8uDr,https://example.com/ember/island/719,Quarterly brief window,True,2025-08-08 17:36:29,2026-01-01 12:48:52
720,211,7oIE57,https://seeded.app/quiet/pioneer/720,Campaign page trail,True,2025-01-11 20:37:56,2026-01-20 12:47:02
721,112,fyhzS1,https://acme.dev/forest/field/721,Ops review lagoon,True,2025-06-29 20:35:28,2025-10-31 18:38:04
722,365,LYo0SZ,https://seeded.app/jade/window/722,Demo link anchor,True,2025-04-12 03:17:26,2025-11-29 02:11:12
723,100,d5dVE3,https://opswise.net/brisk/network/723,Quarterly brief journey,True,2025-12-28 06:09:19,2026-02-01 11:53:04
724,280,Hs8D3T,https://opswise.net/quiet/canyon/724,Demo link journey,True,2025-08-30 00:52:46,2026-02-16 04:23:56
725,371,UqvSfw,https://relay.cloud/proud/trail/725,Roadmap update trail,True,2025-12-30 18:37:12,2026-01-21 15:52:20
726,205,4ON2UW,https://seeded.app/harbor/valley/726,Launch deck zenith,True,2025-01-08 21:24:37,2025-02-16 15:33:33
727,174,iPvODl,https://opswise.net/silver/anchor/727,Status board trail,True,2025-06-29 02:23:50,2025-09-06 18:44:07
728,138,o8sOLP,https://seeded.app/amber/garden/728,Quarterly brief signal,True,2025-12-11 13:41:04,2026-01-11 14:59:06
729,179,KVSLjz,https://opswise.net/jade/window/729,Incident notes journey,True,2025-12-13 09:56:18,2025-12-22 22:45:49
730,144,LWkzbj,https://relay.cloud/gold/river/730,Status board field,True,2025-03-16 12:39:33,2025-05-30 18:21:16
731,106,pdmvFd,https://seeded.app/clear/zenith/731,Launch deck river,False,2025-11-03 06:54:29,2026-01-09 14:16:32
732,398,jqYyJR,https://seeded.app/harbor/anchor/732,Demo link field,True,2025-02-06 23:06:36,2025-12-03 04:24:14
733,366,zq3lPn,https://example.com/ember/network/733,Quarterly brief anchor,True,2025-12-07 19:33:35,2026-02-13 05:52:41
734,167,nmI4R0,https://seeded.app/jade/yard/734,Status board lagoon,True,2025-07-13 00:34:30,2025-12-21 17:20:32
735,164,kdT7Qb,https://hackstack.io/mellow/uplink/735,Incident notes journey,True,2025-11-29 00:15:50,2025-12-01 06:34:02
736,348,WgP9I2,https://relay.cloud/brisk/anchor/736,Status board journey,True,2025-06-13 00:01:30,2025-09-03 00:42:48
737,342,8pnXE4,https://opswise.net/ivory/journey/737,Incident notes valley,True,2025-08-11 09:16:55,2025-12-15 01:26:08
738,142,gmDrCD,https://opswise.net/tidy/trail/738,Service guide network,True,2025-10-11 04:57:56,2025-10-29 11:58:09
739,304,uy5YsF,https://opswise.net/urban/harvest/739,Status board uplink,True,2025-03-17 02:33:46,2025-12-27 08:12:48
740,227,ZDfXZD,https://seeded.app/navy/trail/740,Roadmap update harvest,True,2025-07-27 00:38:13,2025-09-14 04:02:15
741,384,PYYGSU,https://seeded.app/navy/beacon/741,Quarterly brief uplink,True,2025-10-27 19:17:27,2025-10-29 11:36:33
742,351,7j6sZA,https://opswise.net/silver/meadow/742,Service guide orbit,True,2026-01-04 10:54:24,2026-02-12 11:11:35
743,221,LX3LCD,https://relay.cloud/lively/uplink/743,Alert feed kernel,True,2025-01-10 17:14:14,2025-11-14 13:26:00
744,161,DJvjPD,https://example.com/young/island/744,Campaign page trail,True,2025-03-31 15:20:29,2025-06-16 02:22:53
745,399,prL3zi,https://seeded.app/navy/yard/745,Demo link zenith,True,2025-10-14 09:59:06,2026-01-23 23:38:20
746,217,8U0UAE,https://opswise.net/ivory/engine/746,Incident notes quartz,True,2025-05-01 08:58:27,2025-12-11 19:43:19
747,46,oloVfj,https://hackstack.io/young/kernel/747,Launch deck kernel,True,2025-12-31 13:21:04,2026-01-22 18:00:04
748,124,kbys7H,https://relay.cloud/opal/network/748,Incident notes harvest,False,2026-02-05 16:43:08,2026-02-16 19:37:36
749,290,qhRzjB,https://example.com/brisk/engine/749,Service guide orbit,True,2026-01-07 04:52:24,2026-01-18 10:10:04
750,158,oLkD24,https://opswise.net/harbor/garden/750,Launch deck yard,True,2025-10-11 00:43:17,2025-12-03 16:43:40
751,294,ZR6K4J,https://acme.dev/harbor/engine/751,Alert feed quartz,True,2025-07-16 11:01:12,2025-12-15 11:07:19
752,110,9qUHB3,https://relay.cloud/tidy/trail/752,Service guide island,True,2025-04-11 19:28:45,2025-04-20 09:32:42
753,288,t2c30n,https://example.com/silver/trail/753,Ops review river,True,2025-11-01 11:07:06,2025-11-06 00:23:39
754,334,pGgfEw,https://acme.dev/gold/delta/754,Incident notes beacon,True,2026-01-10 19:53:43,2026-01-27 03:22:45
755,113,rz6KS9,https://example.com/clear/window/755,Launch deck orbit,True,2025-02-22 02:30:56,2025-11-16 04:57:10
756,257,oTR3mv,https://acme.dev/ember/uplink/756,Ops review signal,True,2025-01-24 21:20:13,2025-02-14 15:47:15
757,339,cSVPdy,https://relay.cloud/jade/signal/757,Quarterly brief signal,True,2025-10-17 12:49:44,2025-12-07 13:39:31
758,90,UffhJb,https://seeded.app/lively/quartz/758,Roadmap update lagoon,True,2025-08-07 16:19:36,2025-12-27 20:36:44
759,24,WuXjAf,https://acme.dev/vivid/pioneer/759,Ops review lagoon,True,2025-12-18 21:39:30,2025-12-31 18:17:12
760,134,SPZJdy,https://relay.cloud/urban/journey/760,Service guide orbit,True,2025-03-21 08:14:00,2025-04-20 08:51:55
761,317,lr9Mp8,https://seeded.app/warm/orbit/761,Roadmap update orbit,True,2025-05-11 19:22:45,2025-07-06 05:24:45
762,171,tHJE2y,https://example.com/quiet/quartz/762,Ops review quartz,True,2025-01-06 15:59:15,2025-08-12 17:40:44
763,382,topp7c,https://hackstack.io/dawn/zenith/763,Campaign page meadow,True,2025-10-03 08:23:07,2025-11-14 06:16:07
764,92,B5G7EL,https://opswise.net/mellow/valley/764,Roadmap update journey,True,2025-10-15 13:52:47,2025-11-16 01:24:33
765,288,VYTYxU,https://seeded.app/vivid/pioneer/765,Campaign page field,False,2026-01-29 01:20:18,2026-02-17 15:39:02
766,324,wNfq9T,https://opswise.net/navy/lagoon/766,Incident notes valley,True,2025-07-31 09:37:04,2026-01-09 09:47:43
767,207,Q5dpqS,https://seeded.app/dawn/garden/767,Service guide zenith,True,2026-01-08 03:46:51,2026-02-07 08:26:26
768,231,GZAeJL,https://acme.dev/amber/window/768,Status board orbit,True,2026-01-09 05:39:15,2026-02-13 13:16:22
769,114,c128m1,https://opswise.net/silver/quartz/769,Ops review beacon,True,2025-06-06 05:47:08,2025-12-14 19:55:17
770,57,QXKsGD,https://acme.dev/navy/kernel/770,Incident notes signal,True,2025-11-13 19:12:05,2026-02-14 02:06:06
771,390,luGFCN,https://seeded.app/cobalt/pioneer/771,Service guide yard,True,2025-10-03 09:09:52,2025-12-12 15:19:20
772,386,Vt9Qch,https://seeded.app/ivory/river/772,Demo link signal,True,2026-02-03 02:36:54,2026-02-03 06:36:54
773,391,LUhvzF,https://example.com/calm/pioneer/773,Service guide field,True,2025-08-03 00:58:08,2025-12-01 04:51:37
774,331,z6Wk0o,https://hackstack.io/mellow/garden/774,Quarterly brief valley,True,2025-12-22 00:43:00,2026-01-03 13:57:10
775,131,dkQO6f,https://seeded.app/gold/trail/775,Incident notes harvest,True,2025-11-29 16:52:26,2025-12-20 09:27:14
776,26,ucRUuP,https://relay.cloud/dawn/pioneer/776,Campaign page yard,True,2026-02-15 14:03:33,2026-02-19 15:58:27
777,172,QjYoLc,https://example.com/lively/delta/777,Demo link field,True,2025-12-31 05:04:35,2026-02-11 04:14:07
778,122,gZzSpI,https://acme.dev/gold/lagoon/778,Demo link canyon,True,2025-01-02 04:23:47,2025-06-26 00:21:27
779,131,KPswdE,https://acme.dev/tidy/pioneer/779,Campaign page pioneer,True,2026-02-11 02:39:08,2026-02-18 17:19:16
780,36,qpTsZo,https://seeded.app/vivid/quartz/780,Incident notes uplink,True,2025-03-19 02:30:54,2025-12-06 11:37:20
781,377,jjc8hR,https://acme.dev/cobalt/pioneer/781,Roadmap update signal,True,2026-01-30 18:42:48,2026-02-03 15:49:46
782,253,PTF1ly,https://relay.cloud/rapid/beacon/782,Demo link quartz,False,2025-10-18 15:21:51,2026-02-01 02:38:54
783,357,rrww6v,https://acme.dev/quiet/harvest/783,Roadmap update quartz,True,2025-11-27 17:52:33,2026-01-02 14:06:09
784,277,jSdpiv,https://seeded.app/amber/zenith/784,Demo link canyon,True,2025-06-20 04:06:59,2026-01-18 15:54:51
785,371,ZZBPgf,https://opswise.net/dawn/canyon/785,Service guide harvest,True,2025-04-17 11:56:24,2025-05-04 04:47:50
786,97,qdrKUc,https://relay.cloud/navy/anchor/786,Demo link lagoon,True,2025-12-15 13:13:13,2026-01-13 18:59:37
787,16,Kow4AC,https://seeded.app/brisk/window/787,Demo link anchor,True,2025-10-15 04:43:40,2026-02-18 02:29:48
788,365,qdeEVi,https://relay.cloud/lively/journey/788,Service guide delta,True,2025-05-08 16:10:46,2025-05-16 12:31:09
789,102,A95QBr,https://seeded.app/opal/journey/789,Alert feed field,True,2025-06-13 02:35:14,2026-01-05 14:04:28
790,318,6i0p4y,https://opswise.net/clear/journey/790,Status board canyon,True,2025-11-04 20:24:35,2026-02-16 15:45:28
791,151,zQnq9v,https://seeded.app/lively/trail/791,Incident notes zenith,True,2025-05-29 17:54:43,2025-10-30 05:20:39
792,137,NY19Y5,https://example.com/opal/valley/792,Launch deck quartz,True,2025-06-09 03:36:25,2025-07-18 10:53:07
793,43,3OY4nC,https://seeded.app/vivid/pioneer/793,Quarterly brief pioneer,True,2025-05-20 09:27:12,2025-09-19 16:53:19
794,111,76VwkI,https://opswise.net/harbor/garden/794,Incident notes beacon,True,2025-06-25 05:46:16,2025-07-22 09:21:13
795,47,TtHI0A,https://acme.dev/silver/yard/795,Status board network,True,2025-10-31 08:29:12,2026-01-22 13:10:27
796,75,STWYjI,https://example.com/brisk/harvest/796,Alert feed journey,True,2025-08-24 15:35:52,2025-09-22 19:11:31
797,57,wvuun2,https://relay.cloud/brisk/garden/797,Campaign page beacon,True,2025-08-15 01:12:51,2025-09-19 16:11:51
798,274,MIyNxk,https://example.com/opal/river/798,Service guide island,True,2026-02-13 04:18:09,2026-02-18 23:09:10
799,73,8QQQYP,https://acme.dev/navy/window/799,Ops review kernel,False,2025-08-01 08:45:20,2026-01-16 10:23:11
800,119,GuNW5j,https://acme.dev/ember/delta/800,Ops review beacon,True,2025-04-12 19:07:45,2025-11-12 13:09:28
801,397,RfXd2g,https://acme.dev/harbor/field/801,Quarterly brief river,True,2025-01-29 16:12:21,2026-02-03 10:10:24
802,397,RAd1rM,https://example.com/amber/network/802,Alert feed valley,True,2026-01-07 12:59:41,2026-02-07 15:27:31
803,396,fFQSrC,https://hackstack.io/rapid/network/803,Ops review trail,True,2025-07-22 09:20:51,2025-08-26 06:33:41
804,351,9W1FjM,https://example.com/navy/island/804,Launch deck engine,True,2025-10-15 17:31:46,2026-01-09 07:12:35
805,310,TUdyrS,https://hackstack.io/vivid/field/805,Status board meadow,True,2026-01-16 11:40:21,2026-02-18 23:29:32
806,111,iClqSY,https://acme.dev/cobalt/orbit/806,Status board orbit,True,2025-09-14 08:05:35,2026-02-03 01:18:20
807,302,a7Diqw,https://seeded.app/keen/quartz/807,Launch deck lagoon,True,2025-01-05 04:06:27,2026-02-10 04:38:06
808,15,MkcmAz,https://hackstack.io/warm/valley/808,Alert feed quartz,True,2025-04-03 11:09:36,2025-09-18 14:35:13
809,211,W8ZpMu,https://seeded.app/proud/trail/809,Service guide pioneer,True,2025-05-11 20:09:25,2026-01-19 14:01:53
810,22,sgfPaX,https://example.com/clear/orbit/810,Ops review uplink,True,2025-02-18 17:47:42,2025-03-05 16:14:35
811,66,XGCMM9,https://hackstack.io/cobalt/valley/811,Status board delta,True,2025-03-11 17:56:09,2026-02-15 15:43:48
812,189,t1M5GK,https://example.com/cobalt/river/812,Quarterly brief lagoon,True,2026-01-01 03:47:12,2026-01-28 01:42:00
813,37,hwvw7V,https://opswise.net/forest/field/813,Campaign page meadow,True,2025-11-05 18:48:37,2025-12-14 17:07:39
814,272,xTEXHK,https://hackstack.io/forest/engine/814,Demo link orbit,True,2025-12-10 06:49:53,2026-02-02 17:51:26
815,127,37rFf5,https://seeded.app/brisk/quartz/815,Service guide network,True,2025-08-11 07:16:13,2025-11-29 08:41:44
816,283,RUaavo,https://hackstack.io/ivory/uplink/816,Incident notes lagoon,False,2025-03-20 21:46:35,2026-01-07 19:49:05
817,119,2cmr5A,https://example.com/jade/window/817,Quarterly brief orbit,True,2025-08-25 13:23:55,2026-01-31 13:10:17
818,227,SFios9,https://hackstack.io/mellow/network/818,Service guide delta,True,2025-10-24 23:14:30,2025-11-12 22:16:16
819,367,ET9OUW,https://relay.cloud/forest/harvest/819,Incident notes garden,True,2025-01-26 16:25:15,2026-02-12 01:36:38
820,107,81le4D,https://acme.dev/harbor/island/820,Incident notes field,True,2025-09-21 13:14:16,2026-01-22 10:18:01
821,240,EjBrPs,https://opswise.net/rapid/network/821,Status board pioneer,True,2025-11-30 08:04:28,2025-12-29 08:41:12
822,1,PUJ5dI,https://acme.dev/forest/river/822,Alert feed delta,True,2025-10-28 00:33:49,2025-11-16 04:11:44
823,344,N9hZb0,https://acme.dev/warm/orbit/823,Roadmap update trail,True,2025-09-09 16:30:39,2025-10-10 07:45:57
824,276,DcRvGt,https://example.com/ember/island/824,Ops review yard,True,2025-05-03 11:56:12,2025-08-13 23:17:27
825,44,PUEomo,https://seeded.app/opal/network/825,Status board garden,True,2025-02-15 13:02:03,2025-10-08 18:10:05
826,300,35qZdw,https://example.com/warm/trail/826,Launch deck field,True,2025-04-23 12:03:12,2025-12-01 21:30:25
827,4,YyYQ3t,https://opswise.net/proud/meadow/827,Roadmap update kernel,True,2025-06-25 20:33:27,2025-10-09 10:41:31
828,301,INV4UQ,https://example.com/ember/window/828,Demo link garden,True,2025-03-17 16:52:10,2026-02-13 17:44:58
829,229,OQwz1T,https://hackstack.io/forest/field/829,Campaign page harvest,True,2025-03-20 03:32:39,2025-06-16 19:52:57
830,155,empkBl,https://seeded.app/young/yard/830,Demo link meadow,True,2026-01-07 02:49:18,2026-01-25 23:44:48
831,211,Q177d5,https://opswise.net/brisk/orbit/831,Service guide harvest,True,2025-09-01 12:28:45,2026-01-24 19:44:50
832,356,dTBGET,https://seeded.app/urban/kernel/832,Incident notes zenith,True,2025-08-20 05:53:11,2025-10-11 10:18:21
833,78,NT6rpR,https://opswise.net/silver/field/833,Status board trail,False,2025-01-05 19:32:25,2025-03-15 23:42:44
834,224,fY2mKh,https://seeded.app/jade/engine/834,Roadmap update kernel,True,2026-02-06 15:16:34,2026-02-18 00:48:07
835,187,RpWZXa,https://acme.dev/cobalt/quartz/835,Service guide delta,True,2025-06-17 22:58:30,2025-11-18 11:03:25
836,325,DWRkSm,https://seeded.app/lively/quartz/836,Launch deck quartz,True,2025-10-08 05:29:37,2025-12-05 23:18:29
837,245,uNWQHF,https://seeded.app/forest/field/837,Roadmap update valley,True,2025-08-02 22:54:51,2025-08-23 14:05:08
838,102,UM8QJY,https://acme.dev/keen/orbit/838,Quarterly brief uplink,True,2025-04-23 07:54:39,2025-12-17 23:41:31
839,39,QMwGP0,https://example.com/cobalt/network/839,Ops review zenith,True,2025-12-14 04:00:48,2025-12-26 09:42:32
840,139,c6CGTo,https://acme.dev/brisk/island/840,Roadmap update lagoon,True,2025-09-21 10:15:32,2026-02-04 02:46:24
841,141,AOrj4G,https://seeded.app/urban/garden/841,Alert feed garden,True,2025-12-22 20:44:32,2026-02-10 20:30:08
842,246,XR10JV,https://hackstack.io/dawn/river/842,Service guide garden,True,2025-07-19 17:56:44,2026-01-11 22:33:24
843,166,7bPQX6,https://example.com/ember/network/843,Demo link signal,True,2025-05-12 18:51:28,2025-11-08 21:45:28
844,71,7wcwk0,https://acme.dev/silver/beacon/844,Alert feed valley,True,2025-12-16 10:07:18,2025-12-26 11:39:48
845,280,l97BC3,https://hackstack.io/gold/yard/845,Campaign page yard,True,2025-03-28 19:12:18,2026-01-30 17:45:44
846,138,tCQAG3,https://acme.dev/gold/engine/846,Service guide canyon,True,2025-10-24 04:02:21,2026-02-07 14:09:14
847,120,Q6fFK9,https://opswise.net/navy/field/847,Status board orbit,True,2025-04-19 04:13:29,2025-06-04 16:43:44
848,357,SQv1EI,https://relay.cloud/cobalt/delta/848,Alert feed garden,True,2025-05-30 09:06:15,2025-11-05 18:37:30
849,20,m5w1BA,https://seeded.app/urban/network/849,Service guide valley,True,2025-10-19 08:03:35,2025-12-17 22:41:08
850,374,kFubbH,https://opswise.net/keen/zenith/850,Roadmap update field,False,2025-06-26 21:30:45,2025-09-14 04:53:05
851,324,EMVrrq,https://seeded.app/navy/anchor/851,Incident notes garden,True,2026-01-20 03:59:23,2026-02-04 18:33:28
852,121,3yAfZX,https://seeded.app/gold/zenith/852,Demo link trail,True,2025-08-03 10:24:50,2025-10-27 20:11:25
853,228,XLr1N4,https://example.com/clear/uplink/853,Ops review orbit,True,2025-06-12 06:42:40,2025-12-21 11:40:27
854,78,lUnpDD,https://relay.cloud/clear/trail/854,Roadmap update trail,True,2025-12-18 07:39:51,2026-02-01 19:24:17
855,62,nFEpqS,https://hackstack.io/urban/zenith/855,Incident notes window,True,2025-02-24 23:29:32,2025-11-29 21:37:08
856,147,9TuYvX,https://relay.cloud/jade/valley/856,Incident notes network,True,2025-08-27 04:19:42,2026-01-30 01:37:33
857,300,uQ5Afe,https://acme.dev/proud/zenith/857,Ops review canyon,True,2025-03-30 15:47:14,2025-06-11 18:11:26
858,244,o2MZ9p,https://seeded.app/navy/valley/858,Service guide river,True,2025-06-16 06:48:53,2026-01-28 03:19:41
859,367,6Uqdrw,https://example.com/quiet/beacon/859,Roadmap update river,True,2025-03-05 08:57:50,2025-12-08 18:39:51
860,307,WsRMvZ,https://example.com/quiet/delta/860,Service guide harvest,True,2025-07-08 07:44:31,2026-02-09 18:43:37
861,227,e5QB7n,https://example.com/calm/journey/861,Launch deck valley,True,2025-04-15 17:51:19,2025-10-05 04:38:24
862,72,pt9kz0,https://hackstack.io/keen/beacon/862,Campaign page yard,True,2025-12-25 20:30:16,2026-01-31 00:54:09
863,155,3ejPqA,https://opswise.net/urban/signal/863,Demo link trail,True,2025-08-31 17:54:32,2026-01-17 20:34:32
864,201,JMZ0pE,https://acme.dev/vivid/engine/864,Incident notes valley,True,2025-07-13 20:01:14,2026-01-09 04:29:27
865,289,zt1yIu,https://relay.cloud/urban/island/865,Alert feed trail,True,2026-01-29 22:55:51,2026-02-15 05:51:04
866,95,1BTbIm,https://seeded.app/brisk/engine/866,Alert feed canyon,True,2025-11-11 15:22:54,2025-11-25 14:42:05
867,195,CyToJ5,https://acme.dev/harbor/field/867,Roadmap update delta,False,2025-02-28 05:53:36,2025-05-03 22:32:31
868,121,4qVdc8,https://relay.cloud/mellow/field/868,Status board harvest,True,2025-11-15 15:36:53,2026-02-17 13:26:58
869,192,uwtRL5,https://relay.cloud/forest/zenith/869,Status board network,True,2025-11-30 20:55:58,2026-01-12 07:28:01
870,378,obGtRd,https://seeded.app/navy/delta/870,Roadmap update harvest,True,2025-04-28 18:24:44,2025-12-24 10:47:04
871,327,QKrjMS,https://seeded.app/warm/kernel/871,Incident notes beacon,True,2025-07-23 08:27:00,2026-01-15 00:45:15
872,179,f4sztE,https://acme.dev/opal/engine/872,Demo link engine,True,2025-10-29 21:51:42,2026-01-25 01:06:24
873,193,Z1boCu,https://relay.cloud/ivory/river/873,Quarterly brief lagoon,True,2025-03-17 13:56:59,2026-01-22 06:26:48
874,234,PV4MGX,https://relay.cloud/silver/valley/874,Quarterly brief window,True,2025-09-27 05:33:29,2026-01-19 14:22:08
875,247,LBULoB,https://opswise.net/calm/window/875,Demo link network,True,2026-02-03 21:26:01,2026-02-05 07:47:57
876,221,BvnRrz,https://example.com/silver/anchor/876,Launch deck kernel,True,2025-01-23 16:47:30,2025-10-31 08:16:13
877,188,Kn9tTz,https://seeded.app/forest/uplink/877,Status board network,True,2025-02-06 09:52:44,2025-06-06 07:32:25
878,280,SMjsaV,https://relay.cloud/warm/river/878,Status board lagoon,True,2025-10-15 05:30:12,2025-10-25 23:56:44
879,93,y2pLo7,https://relay.cloud/gold/yard/879,Incident notes trail,True,2025-03-30 20:59:29,2025-12-02 04:02:55
880,177,qNGk6N,https://acme.dev/urban/orbit/880,Status board valley,True,2025-07-06 22:13:31,2025-10-22 11:55:08
881,333,mDmaj0,https://hackstack.io/vivid/uplink/881,Campaign page harvest,True,2025-06-26 07:19:53,2026-01-09 00:18:19
882,183,5ldisE,https://seeded.app/lively/field/882,Alert feed engine,True,2026-02-11 08:59:53,2026-02-19 21:52:28
883,169,Xj02GM,https://hackstack.io/dawn/harvest/883,Campaign page window,True,2025-03-23 21:57:15,2025-04-24 02:30:07
884,271,7tjFnP,https://acme.dev/forest/window/884,Quarterly brief pioneer,False,2025-12-09 19:29:17,2025-12-13 02:53:44
885,112,VKCmVB,https://opswise.net/silver/meadow/885,Service guide delta,True,2025-02-02 09:59:40,2025-07-01 22:46:18
886,202,xmFV95,https://opswise.net/brisk/lagoon/886,Campaign page delta,True,2025-09-03 13:00:02,2025-10-14 01:30:09
887,331,XRAJEF,https://example.com/amber/valley/887,Quarterly brief harvest,True,2025-10-05 14:29:09,2025-10-26 14:40:40
888,162,2LnwrH,https://acme.dev/gold/journey/888,Service guide anchor,True,2025-11-23 16:29:24,2026-01-07 08:04:00
889,75,qsk3lw,https://acme.dev/navy/field/889,Demo link island,True,2025-06-18 12:29:49,2026-02-15 15:09:31
890,147,Yqd3F6,https://acme.dev/young/anchor/890,Quarterly brief island,True,2026-01-07 16:21:49,2026-02-01 17:20:27
891,112,iQZidH,https://example.com/clear/anchor/891,Status board trail,True,2025-02-07 16:15:39,2025-10-17 12:33:35
892,260,oAqOiE,https://example.com/proud/zenith/892,Ops review uplink,True,2026-02-19 11:00:09,2026-02-20 14:28:49
893,319,N8NkwW,https://acme.dev/warm/pioneer/893,Ops review beacon,True,2025-07-06 18:24:57,2025-07-31 17:17:16
894,289,3D1KLv,https://acme.dev/keen/meadow/894,Alert feed window,True,2025-10-18 05:32:58,2026-02-19 05:58:56
895,244,jOnQfl,https://relay.cloud/proud/delta/895,Roadmap update network,True,2025-07-03 07:14:22,2026-02-10 20:54:31
896,243,PWHpG9,https://relay.cloud/rapid/canyon/896,Ops review garden,True,2025-07-20 08:12:31,2025-10-04 12:21:54
897,13,NPr9lr,https://opswise.net/ember/field/897,Incident notes anchor,True,2025-10-11 23:32:54,2025-10-26 15:19:58
898,253,QiGJIK,https://relay.cloud/proud/pioneer/898,Demo link yard,True,2025-08-17 01:01:58,2025-11-06 16:37:41
899,123,sNfCsT,https://opswise.net/young/river/899,Quarterly brief zenith,True,2025-09-05 15:45:29,2025-10-20 10:31:26
900,371,4PkTic,https://hackstack.io/opal/canyon/900,Service guide orbit,True,2025-12-14 11:05:50,2026-01-18 14:37:43
901,261,WC8vjH,https://relay.cloud/proud/valley/901,Campaign page delta,False,2025-10-09 07:21:30,2026-01-02 02:05:24
902,125,A43c5S,https://opswise.net/keen/engine/902,Status board lagoon,True,2026-01-28 04:50:23,2026-02-20 18:45:12
903,42,H9LhCw,https://acme.dev/jade/garden/903,Service guide window,True,2025-06-04 09:57:42,2025-11-23 21:15:36
904,236,bW4wMY,https://acme.dev/jade/window/904,Ops review valley,True,2025-07-16 14:21:12,2025-08-26 02:56:58
905,136,RPOZR2,https://hackstack.io/amber/river/905,Quarterly brief river,True,2025-04-01 20:12:47,2026-01-28 13:18:13
906,72,hMIkzx,https://seeded.app/jade/engine/906,Alert feed harvest,True,2025-10-21 11:23:05,2026-01-23 16:37:19
907,59,bwLL9g,https://seeded.app/navy/journey/907,Ops review engine,True,2025-11-18 01:14:17,2025-12-01 21:12:16
908,224,qaVCjy,https://example.com/quiet/pioneer/908,Roadmap update delta,True,2025-06-30 09:26:02,2025-09-16 20:51:53
909,392,WmVPpW,https://example.com/mellow/trail/909,Campaign page window,True,2025-05-19 08:39:58,2026-01-18 18:04:57
910,391,eW2k7H,https://hackstack.io/gold/quartz/910,Service guide uplink,True,2025-06-21 04:48:52,2025-09-05 11:34:46
911,174,a7GnT0,https://acme.dev/mellow/garden/911,Campaign page engine,True,2025-02-17 20:26:04,2026-02-04 22:04:50
912,109,aP6xwe,https://hackstack.io/young/network/912,Quarterly brief uplink,True,2025-07-18 05:58:42,2026-01-13 13:22:57
913,58,jdfive,https://example.com/urban/meadow/913,Ops review signal,True,2025-07-12 06:35:38,2025-11-05 13:25:55
914,271,pkebEE,https://acme.dev/brisk/signal/914,Ops review field,True,2025-10-24 23:51:22,2025-10-26 01:33:01
915,337,rsgghY,https://seeded.app/ember/yard/915,Launch deck canyon,True,2025-12-03 02:52:52,2026-01-07 03:44:54
916,298,dnFh4t,https://hackstack.io/jade/canyon/916,Campaign page window,True,2025-02-18 12:13:29,2026-02-12 15:19:46
917,361,Jpf6Mf,https://seeded.app/amber/quartz/917,Campaign page kernel,True,2025-05-30 00:58:19,2026-01-30 21:58:35
918,118,s8yHyk,https://example.com/gold/meadow/918,Service guide delta,False,2025-09-02 11:28:07,2025-11-13 17:46:12
919,212,usRe7D,https://opswise.net/jade/network/919,Alert feed pioneer,True,2025-06-19 00:23:13,2026-02-08 12:40:49
920,235,CekK5x,https://example.com/ivory/anchor/920,Ops review garden,True,2025-09-08 07:36:52,2026-01-16 08:31:28
921,247,CJM4hR,https://hackstack.io/calm/garden/921,Campaign page beacon,True,2025-08-19 14:47:28,2025-11-13 03:44:55
922,176,cyFAIn,https://hackstack.io/ivory/river/922,Incident notes yard,True,2025-08-07 07:33:40,2025-08-09 09:15:19
923,212,HBwfgW,https://seeded.app/navy/uplink/923,Incident notes network,True,2025-06-07 07:13:45,2026-01-26 17:51:37
924,327,drlbWp,https://opswise.net/vivid/island/924,Demo link anchor,True,2025-11-13 00:21:41,2025-12-06 09:26:42
925,227,jJRDd6,https://acme.dev/mellow/kernel/925,Status board orbit,True,2025-02-11 21:14:29,2026-01-17 22:52:45
926,94,za5dBJ,https://example.com/quiet/journey/926,Alert feed quartz,True,2025-02-04 16:32:12,2025-10-23 19:49:31
927,87,HVOsMC,https://acme.dev/lively/river/927,Service guide valley,True,2025-02-22 04:23:03,2025-04-18 13:28:18
928,286,CVRQ3Q,https://relay.cloud/opal/orbit/928,Roadmap update zenith,True,2025-01-30 02:56:53,2025-10-09 18:13:04
929,353,MFaZWU,https://opswise.net/tidy/valley/929,Launch deck yard,True,2025-08-21 13:31:14,2026-02-09 02:18:52
930,142,ExxHBd,https://relay.cloud/warm/signal/930,Status board quartz,True,2025-09-22 00:52:35,2026-01-25 14:18:13
931,142,KBHAU5,https://seeded.app/harbor/engine/931,Ops review pioneer,True,2025-04-29 13:26:53,2025-07-01 16:11:08
932,396,8WwDpl,https://acme.dev/tidy/meadow/932,Launch deck valley,True,2025-05-23 12:48:19,2025-06-21 17:07:53
933,253,NmcAbJ,https://example.com/mellow/anchor/933,Launch deck lagoon,True,2025-05-30 21:27:34,2025-10-11 21:32:13
934,7,ztDIUe,https://example.com/ember/orbit/934,Incident notes field,True,2025-05-27 14:07:02,2025-06-16 00:27:14
935,252,T4aKxH,https://opswise.net/gold/delta/935,Ops review meadow,False,2025-09-06 04:27:49,2025-10-18 00:40:50
936,37,1cEcYg,https://hackstack.io/proud/trail/936,Incident notes kernel,True,2025-12-21 19:31:23,2026-02-01 02:59:10
937,343,rB55Hv,https://relay.cloud/brisk/lagoon/937,Demo link garden,True,2025-07-17 03:08:29,2025-10-29 23:37:19
938,328,GtQGan,https://seeded.app/young/valley/938,Alert feed beacon,True,2025-03-06 10:46:12,2026-02-07 19:47:49
939,320,ETyEep,https://seeded.app/harbor/harvest/939,Service guide orbit,True,2025-11-15 19:35:11,2025-11-18 16:27:41
940,331,cbw3hC,https://example.com/brisk/journey/940,Incident notes pioneer,True,2025-03-21 17:32:05,2026-02-11 09:51:28
941,337,8b3f1Z,https://seeded.app/ivory/delta/941,Service guide meadow,True,2025-06-01 15:23:28,2025-12-07 11:00:47
942,42,OrG7iz,https://seeded.app/silver/window/942,Roadmap update harvest,True,2025-12-15 15:22:27,2026-01-14 04:43:59
943,77,JRDsab,https://example.com/mellow/island/943,Launch deck journey,True,2025-12-02 10:14:25,2026-02-07 15:25:10
944,325,3Uf3Jp,https://relay.cloud/mellow/meadow/944,Roadmap update uplink,True,2025-03-18 10:24:39,2025-10-26 16:34:36
945,353,Pl0FHo,https://hackstack.io/clear/zenith/945,Incident notes engine,True,2025-04-12 14:44:11,2025-09-06 01:33:14
946,251,HM7rwL,https://opswise.net/harbor/engine/946,Ops review canyon,True,2025-10-09 09:50:15,2025-11-03 19:48:03
947,281,T3Y1rZ,https://relay.cloud/clear/anchor/947,Roadmap update meadow,True,2025-01-24 23:06:35,2025-08-07 13:32:03
948,182,ctxeK5,https://example.com/young/lagoon/948,Launch deck signal,True,2025-01-25 12:20:31,2025-10-15 15:46:41
949,296,ES4AFW,https://acme.dev/silver/orbit/949,Campaign page island,True,2025-12-04 02:58:27,2025-12-10 07:53:19
950,46,25GFB1,https://acme.dev/keen/trail/950,Launch deck delta,True,2025-02-28 23:22:56,2025-12-08 07:23:42
951,79,KNJXnX,https://example.com/rapid/trail/951,Status board journey,True,2025-06-15 16:36:40,2025-11-28 04:49:29
952,249,AKxmPs,https://relay.cloud/dawn/network/952,Roadmap update orbit,False,2025-04-10 21:36:20,2025-06-30 04:20:05
953,131,TZas7i,https://acme.dev/cobalt/pioneer/953,Alert feed island,True,2025-09-04 23:59:07,2025-10-08 21:59:51
954,300,DYvhQq,https://hackstack.io/brisk/uplink/954,Quarterly brief canyon,True,2025-11-26 06:06:41,2025-12-04 15:26:54
955,374,NBrKjM,https://acme.dev/navy/valley/955,Alert feed journey,True,2025-10-12 19:54:57,2025-12-18 20:53:03
956,306,dhJrgD,https://opswise.net/navy/island/956,Service guide orbit,True,2025-12-02 04:12:06,2026-01-22 06:18:08
957,40,vHlHv1,https://relay.cloud/jade/pioneer/957,Quarterly brief anchor,True,2025-04-03 10:04:23,2025-12-24 14:39:20
958,348,z1NTCC,https://hackstack.io/brisk/yard/958,Ops review zenith,True,2025-04-13 03:22:57,2025-09-06 17:09:07
959,1,Sr7fdb,https://hackstack.io/navy/window/959,Roadmap update trail,True,2025-04-06 18:39:19,2025-08-29 12:29:49
960,180,8R55P2,https://hackstack.io/lively/journey/960,Alert feed pioneer,True,2025-03-31 11:50:29,2025-05-07 04:02:02
961,86,O4kdHI,https://example.com/gold/garden/961,Roadmap update pioneer,True,2026-01-16 17:26:14,2026-01-20 06:42:09
962,257,Gvw7BM,https://example.com/calm/island/962,Status board window,True,2025-07-20 10:00:10,2025-10-04 02:43:37
963,366,WDniXq,https://example.com/vivid/kernel/963,Incident notes beacon,True,2026-02-19 10:40:34,2026-02-20 19:45:26
964,266,zMOdOp,https://opswise.net/navy/island/964,Status board signal,True,2025-03-18 09:21:12,2025-04-25 07:18:10
965,241,5xuNL1,https://acme.dev/mellow/field/965,Demo link trail,True,2026-02-02 03:49:48,2026-02-14 06:59:01
966,264,raWuXI,https://opswise.net/mellow/kernel/966,Service guide anchor,True,2025-10-12 10:41:52,2025-12-31 23:04:24
967,175,58B1or,https://seeded.app/calm/signal/967,Incident notes delta,True,2025-06-21 06:43:26,2025-07-13 14:00:22
968,378,bBkUUR,https://seeded.app/lively/quartz/968,Launch deck kernel,True,2025-06-03 12:53:34,2025-07-01 20:05:03
969,304,mCYtBD,https://hackstack.io/navy/yard/969,Roadmap update canyon,False,2025-06-12 05:38:21,2025-07-01 01:39:02
970,332,auhyTe,https://seeded.app/gold/journey/970,Status board journey,True,2025-02-14 08:29:36,2025-10-20 20:51:50
971,292,wvq2hG,https://hackstack.io/tidy/meadow/971,Quarterly brief island,True,2025-08-18 17:02:14,2025-11-06 10:17:22
972,192,WTKdvu,https://opswise.net/clear/valley/972,Campaign page pioneer,True,2025-05-20 08:25:35,2025-11-29 02:14:08
973,370,E4qxyL,https://seeded.app/ivory/quartz/973,Service guide delta,True,2025-02-28 07:44:13,2025-06-15 06:53:35
974,1,FhNj5Q,https://relay.cloud/opal/pioneer/974,Campaign page river,True,2025-03-20 06:10:33,2025-09-06 07:15:10
975,77,Lbg7vl,https://example.com/dawn/quartz/975,Launch deck pioneer,True,2025-02-26 21:23:17,2025-04-28 19:25:00
976,324,7P4BtF,https://opswise.net/young/yard/976,Demo link lagoon,True,2025-03-28 18:05:27,2026-02-14 08:34:30
977,250,lTYQZL,https://acme.dev/mellow/harvest/977,Roadmap update quartz,True,2025-03-09 16:48:42,2025-10-22 22:07:07
978,352,v1s4yu,https://example.com/rapid/delta/978,Campaign page field,True,2025-09-09 04:32:28,2025-10-30 02:47:07
979,113,MI6vJR,https://acme.dev/harbor/trail/979,Ops review network,True,2025-05-11 23:50:10,2025-12-08 14:11:07
980,42,S1AemW,https://relay.cloud/young/zenith/980,Incident notes uplink,True,2025-05-05 22:22:02,2025-12-31 19:59:13
981,5,4wUedY,https://seeded.app/keen/quartz/981,Status board signal,True,2025-01-01 14:00:39,2025-02-28 13:12:04
982,242,yyiJPZ,https://seeded.app/dawn/kernel/982,Ops review orbit,True,2025-08-24 08:19:44,2026-01-29 09:50:44
983,254,wKs37G,https://example.com/quiet/beacon/983,Ops review field,True,2025-07-08 12:39:57,2025-11-09 03:25:54
984,363,vikwCS,https://opswise.net/amber/zenith/984,Roadmap update engine,True,2025-09-03 04:05:02,2026-01-17 22:55:07
985,217,7QIGPM,https://seeded.app/proud/lagoon/985,Roadmap update pioneer,True,2025-08-13 08:41:36,2026-02-14 20:03:18
986,161,LA5qjH,https://seeded.app/ember/trail/986,Demo link valley,False,2025-12-05 04:20:32,2026-01-05 09:21:17
987,312,9SnMBl,https://seeded.app/lively/kernel/987,Incident notes anchor,True,2025-09-10 11:47:46,2026-01-02 21:13:45
988,239,rzyc7i,https://opswise.net/dawn/river/988,Service guide zenith,True,2025-06-18 12:09:20,2025-10-25 12:14:14
989,85,eadNhB,https://relay.cloud/vivid/network/989,Campaign page window,True,2025-02-22 20:57:07,2025-04-14 20:39:44
990,198,Ma2AQb,https://seeded.app/navy/canyon/990,Status board engine,True,2025-05-26 04:52:14,2025-09-25 20:01:27
991,70,SeO3lO,https://seeded.app/lively/canyon/991,Roadmap update beacon,True,2025-08-28 18:06:40,2025-09-03 06:40:20
992,331,KWYKzA,https://example.com/lively/quartz/992,Quarterly brief signal,True,2025-03-09 21:53:23,2025-10-19 16:21:17
993,371,qDjsKB,https://hackstack.io/jade/valley/993,Campaign page lagoon,True,2025-01-22 02:22:17,2025-02-20 17:46:35
994,101,FXSp3x,https://opswise.net/calm/island/994,Incident notes engine,True,2025-10-29 15:51:45,2025-12-08 10:49:40
995,130,35oXMo,https://seeded.app/vivid/window/995,Alert feed orbit,True,2025-05-23 14:47:03,2025-07-29 10:11:58
996,88,lsdR4g,https://acme.dev/silver/delta/996,Launch deck meadow,True,2025-10-28 04:50:44,2026-02-09 22:50:06
997,27,nLQRkv,https://seeded.app/ember/signal/997,Incident notes river,True,2025-05-25 11:04:22,2025-08-17 03:49:05
998,321,PUsOCL,https://relay.cloud/urban/anchor/998,Status board garden,True,2025-06-24 19:17:18,2025-11-05 18:01:19
999,14,o59658,https://relay.cloud/amber/pioneer/999,Alert feed harvest,True,2025-02-24 22:43:45,2025-12-12 12:57:06
1000,333,GBxJip,https://relay.cloud/rapid/window/1000,Quarterly brief network,True,2025-04-21 04:33:56,2025-12-29 11:38:52
1001,74,aF3iBM,https://seeded.app/jade/engine/1001,Quarterly brief meadow,True,2026-02-18 03:35:06,2026-02-18 05:21:51
1002,247,uR8emC,https://acme.dev/keen/canyon/1002,Alert feed zenith,True,2025-09-10 10:03:35,2025-09-19 09:48:20
1003,194,aT5623,https://example.com/harbor/kernel/1003,Campaign page journey,False,2025-03-31 10:08:38,2025-05-29 07:19:50
1004,194,xDjruN,https://example.com/ember/lagoon/1004,Demo link orbit,True,2025-07-06 04:17:59,2026-02-19 17:40:10
1005,127,ROuLZ2,https://relay.cloud/jade/network/1005,Service guide field,True,2025-04-18 14:59:04,2025-09-20 19:30:50
1006,300,NHHMBq,https://relay.cloud/gold/network/1006,Roadmap update lagoon,True,2025-06-05 23:28:36,2025-10-05 19:53:13
1007,362,DfYESc,https://hackstack.io/lively/orbit/1007,Demo link canyon,True,2025-08-01 00:18:43,2025-12-11 04:56:11
1008,247,jkUuIt,https://acme.dev/forest/kernel/1008,Incident notes canyon,True,2025-05-01 19:10:00,2025-08-01 16:19:46
1009,224,AC7gcQ,https://acme.dev/dawn/garden/1009,Incident notes quartz,True,2025-08-29 04:17:15,2025-10-03 07:00:46
1010,321,2CyzwD,https://example.com/proud/harvest/1010,Demo link canyon,True,2025-01-23 07:09:13,2025-07-16 20:53:00
1011,295,Q3fycc,https://relay.cloud/harbor/network/1011,Status board yard,True,2025-02-11 14:56:09,2025-07-05 09:20:31
1012,202,WXfeUd,https://opswise.net/quiet/meadow/1012,Incident notes garden,True,2025-04-05 15:59:22,2026-01-06 02:11:38
1013,21,yMnZQB,https://seeded.app/clear/anchor/1013,Roadmap update island,True,2025-01-23 04:45:11,2026-01-28 18:21:40
1014,8,J7dX0k,https://example.com/calm/river/1014,Status board harvest,True,2026-02-09 09:52:57,2026-02-16 03:58:02
1015,312,xvLSff,https://seeded.app/warm/canyon/1015,Launch deck journey,True,2025-11-12 09:15:49,2025-12-31 13:29:12
1016,152,nApP9v,https://seeded.app/young/meadow/1016,Service guide network,True,2025-03-10 18:21:39,2025-10-22 04:15:15
1017,176,5rvgFF,https://example.com/amber/orbit/1017,Quarterly brief uplink,True,2025-04-05 15:36:03,2025-04-20 04:00:51
1018,185,XKMj3f,https://seeded.app/jade/lagoon/1018,Campaign page network,True,2025-05-09 15:08:44,2025-10-25 08:47:56
1019,210,AQWc1B,https://hackstack.io/ivory/window/1019,Quarterly brief meadow,True,2025-04-22 19:47:39,2025-08-18 06:12:36
1020,152,Mryjjc,https://acme.dev/vivid/delta/1020,Status board pioneer,False,2026-01-27 01:10:37,2026-02-09 08:10:19
1021,113,KX3Y0d,https://example.com/dawn/beacon/1021,Service guide engine,True,2025-01-22 22:05:35,2025-11-03 07:49:57
1022,185,cXRq9b,https://opswise.net/proud/orbit/1022,Alert feed pioneer,True,2025-11-23 20:00:57,2025-12-09 20:50:02
1023,74,Wk4tqX,https://relay.cloud/warm/island/1023,Service guide river,True,2025-11-20 02:53:50,2026-02-05 10:09:50
1024,356,EDNLbs,https://example.com/tidy/zenith/1024,Incident notes island,True,2025-09-11 06:25:04,2026-01-18 03:20:56
1025,400,XlJIUE,https://example.com/quiet/orbit/1025,Campaign page quartz,True,2025-04-19 03:21:56,2025-05-05 19:14:12
1026,141,h61J7d,https://relay.cloud/lively/island/1026,Roadmap update harvest,True,2025-05-27 06:47:11,2025-07-30 12:00:23
1027,89,JU2q5F,https://hackstack.io/navy/window/1027,Status board network,True,2025-06-29 12:28:20,2026-02-06 22:13:40
1028,319,LM5R5L,https://hackstack.io/urban/meadow/1028,Roadmap update trail,True,2025-11-04 02:01:39,2026-02-04 09:13:11
1029,39,xtPFHq,https://opswise.net/lively/window/1029,Ops review orbit,True,2026-01-07 17:12:38,2026-01-12 14:21:11
1030,250,C2JuW2,https://seeded.app/rapid/harvest/1030,Launch deck harvest,True,2026-01-15 04:02:35,2026-01-29 05:36:08
1031,187,mwgoS1,https://acme.dev/keen/beacon/1031,Quarterly brief lagoon,True,2025-06-06 19:44:34,2026-01-13 05:51:13
1032,75,odDXjT,https://hackstack.io/calm/harvest/1032,Status board yard,True,2025-12-18 02:52:08,2026-01-13 10:46:57
1033,333,GyCBKD,https://acme.dev/jade/river/1033,Launch deck beacon,True,2025-10-30 00:00:47,2026-01-07 02:07:38
1034,146,g48oCZ,https://acme.dev/brisk/field/1034,Launch deck pioneer,True,2026-01-18 02:33:04,2026-02-10 18:20:03
1035,174,VasK9i,https://relay.cloud/brisk/river/1035,Quarterly brief meadow,True,2025-01-15 17:34:30,2025-09-28 02:50:31
1036,311,DGvKyr,https://relay.cloud/harbor/trail/1036,Roadmap update garden,True,2025-12-31 11:58:08,2026-02-08 10:03:02
1037,32,7IVGvD,https://seeded.app/young/window/1037,Service guide valley,False,2025-01-03 11:04:13,2025-06-11 03:28:05
1038,257,vvGGD5,https://relay.cloud/brisk/anchor/1038,Demo link beacon,True,2025-10-18 06:11:11,2026-01-29 21:47:09
1039,4,pcBQTN,https://acme.dev/forest/zenith/1039,Alert feed lagoon,True,2025-10-13 10:39:33,2025-12-12 09:42:02
1040,273,ShgIoc,https://example.com/opal/lagoon/1040,Launch deck orbit,True,2025-04-26 02:22:03,2025-08-28 12:22:35
1041,297,SiYjq3,https://opswise.net/proud/quartz/1041,Service guide network,True,2025-04-24 12:23:38,2025-05-01 11:55:20
1042,372,ufLpAD,https://relay.cloud/keen/network/1042,Status board kernel,True,2025-01-23 18:06:13,2025-04-12 20:04:08
1043,375,0je1yB,https://acme.dev/gold/uplink/1043,Ops review uplink,True,2026-02-08 04:04:33,2026-02-11 01:17:36
1044,174,uwZ3gt,https://opswise.net/proud/island/1044,Service guide pioneer,True,2025-12-17 21:48:21,2025-12-29 07:27:32
1045,104,z4MTs1,https://example.com/harbor/engine/1045,Alert feed lagoon,True,2026-01-31 10:43:46,2026-02-13 11:38:25
1046,56,Dxjsiy,https://example.com/dawn/trail/1046,Roadmap update valley,True,2025-04-23 07:27:52,2025-07-17 13:35:43
1047,399,dDZVzs,https://example.com/amber/trail/1047,Alert feed trail,True,2025-05-15 11:59:49,2025-11-28 11:26:46
1048,114,bBfmWT,https://acme.dev/gold/harvest/1048,Demo link valley,True,2025-10-14 23:00:53,2025-12-11 15:31:51
1049,17,rLjDU8,https://example.com/clear/meadow/1049,Campaign page pioneer,True,2026-02-16 13:00:06,2026-02-19 06:58:48
1050,144,Osntbc,https://acme.dev/clear/river/1050,Incident notes beacon,True,2025-01-25 18:40:00,2025-08-05 17:52:49
1051,327,WJFcOl,https://seeded.app/silver/quartz/1051,Quarterly brief canyon,True,2025-01-05 12:26:57,2025-10-19 22:55:58
1052,63,gZw4DB,https://relay.cloud/proud/meadow/1052,Roadmap update yard,True,2025-02-13 20:42:46,2026-01-30 23:01:59
1053,134,E584DP,https://relay.cloud/lively/yard/1053,Campaign page garden,True,2025-03-30 01:46:25,2025-11-04 10:03:24
1054,231,KRpMAw,https://example.com/dawn/orbit/1054,Incident notes island,False,2025-10-21 23:41:40,2025-10-26 00:50:29
1055,157,jOF3OB,https://relay.cloud/harbor/island/1055,Ops review signal,True,2025-09-30 00:07:04,2025-12-08 02:41:34
1056,151,B6VjYx,https://example.com/harbor/lagoon/1056,Alert feed window,True,2025-06-19 01:55:47,2025-10-10 02:40:30
1057,383,3DKh8n,https://acme.dev/clear/network/1057,Service guide delta,True,2025-11-02 14:38:12,2025-12-31 05:43:02
1058,12,zZWuxo,https://example.com/brisk/engine/1058,Campaign page signal,True,2025-06-20 12:42:36,2025-08-22 19:51:54
1059,126,56bSWU,https://seeded.app/keen/garden/1059,Ops review kernel,True,2025-06-01 17:02:27,2025-07-02 15:49:33
1060,352,qLOodg,https://relay.cloud/opal/trail/1060,Quarterly brief uplink,True,2025-09-29 01:11:32,2025-12-12 08:57:46
1061,23,ep7EKL,https://hackstack.io/keen/delta/1061,Campaign page meadow,True,2025-03-30 02:47:38,2026-02-11 10:16:02
1062,219,wmyjSl,https://hackstack.io/silver/orbit/1062,Roadmap update garden,True,2026-01-19 14:09:25,2026-02-01 01:02:12
1063,249,qLtCgu,https://relay.cloud/vivid/uplink/1063,Roadmap update signal,True,2026-02-09 07:29:45,2026-02-18 00:44:22
1064,240,e3xa08,https://opswise.net/jade/river/1064,Ops review garden,True,2025-02-26 09:01:02,2026-01-23 19:51:04
1065,281,NpnP1j,https://hackstack.io/calm/canyon/1065,Quarterly brief island,True,2025-06-19 10:37:30,2025-08-03 03:35:51
1066,325,LI9sqG,https://acme.dev/opal/island/1066,Status board journey,True,2025-12-11 06:38:25,2026-01-22 22:40:02
1067,78,BsJ2SH,https://example.com/proud/lagoon/1067,Demo link river,True,2025-08-02 18:58:04,2025-11-16 23:11:44
1068,100,NmLheW,https://seeded.app/jade/trail/1068,Ops review kernel,True,2026-02-16 08:25:46,2026-02-17 04:14:28
1069,360,74eHf0,https://relay.cloud/forest/zenith/1069,Incident notes zenith,True,2025-10-13 06:08:24,2026-02-16 13:30:36
1070,33,4LJ8AV,https://opswise.net/mellow/network/1070,Launch deck meadow,True,2025-12-15 04:16:48,2026-02-20 18:29:07
1071,232,UVErxA,https://seeded.app/brisk/journey/1071,Roadmap update garden,False,2026-02-19 23:15:31,2026-02-20 14:48:49
1072,7,8LC0Ta,https://opswise.net/proud/pioneer/1072,Ops review signal,True,2025-01-31 07:04:26,2025-10-25 05:43:16
1073,24,mVVqwc,https://seeded.app/vivid/journey/1073,Alert feed valley,True,2025-05-12 20:50:54,2025-08-01 07:10:11
1074,107,U7gJGJ,https://acme.dev/ivory/network/1074,Incident notes yard,True,2026-02-04 12:34:24,2026-02-11 15:35:16
1075,28,VtBikp,https://example.com/keen/beacon/1075,Launch deck garden,True,2025-01-26 00:54:10,2025-08-27 05:04:03
1076,399,3Brz4N,https://acme.dev/brisk/meadow/1076,Ops review harvest,True,2025-02-24 06:41:49,2025-09-18 02:35:52
1077,151,vLrN8a,https://relay.cloud/proud/lagoon/1077,Campaign page river,True,2025-04-12 09:51:05,2025-07-10 19:07:57
1078,336,P7MVgR,https://relay.cloud/mellow/anchor/1078,Demo link island,True,2025-05-03 09:23:04,2025-06-25 13:43:57
1079,71,jVzmg6,https://seeded.app/vivid/field/1079,Ops review anchor,True,2025-04-18 12:36:01,2025-09-24 22:38:58
1080,69,seh7FE,https://relay.cloud/opal/beacon/1080,Campaign page beacon,True,2025-08-09 20:33:16,2025-12-29 20:57:40
1081,89,GDucbB,https://example.com/calm/zenith/1081,Demo link uplink,True,2025-04-24 12:42:19,2025-11-16 12:02:03
1082,105,k8sIwp,https://seeded.app/vivid/zenith/1082,Campaign page kernel,True,2025-03-26 15:40:23,2025-04-24 18:06:12
1083,345,erqt2S,https://acme.dev/tidy/field/1083,Incident notes garden,True,2025-09-11 07:05:37,2026-01-02 19:02:25
1084,228,6T3vIY,https://hackstack.io/lively/island/1084,Roadmap update beacon,True,2025-07-07 18:29:19,2025-07-20 03:39:08
1085,86,ROQ8I7,https://seeded.app/keen/uplink/1085,Launch deck valley,True,2025-07-29 14:28:38,2026-01-27 09:31:11
1086,314,9VLICo,https://seeded.app/brisk/delta/1086,Incident notes field,True,2025-01-05 21:41:05,2025-05-03 06:23:10
1087,18,nJNM9R,https://seeded.app/quiet/garden/1087,Service guide field,True,2025-04-17 17:49:48,2025-08-30 06:43:32
1088,133,bjRufC,https://seeded.app/ivory/lagoon/1088,Ops review valley,False,2025-09-03 12:29:01,2025-11-15 04:11:48
1089,187,tnA9Ik,https://opswise.net/proud/harvest/1089,Quarterly brief window,True,2026-02-20 04:37:09,2026-02-20 14:43:09
1090,240,otXyBL,https://acme.dev/gold/journey/1090,Campaign page island,True,2025-07-29 20:01:11,2025-10-19 16:02:08
1091,112,iKNOmG,https://hackstack.io/young/trail/1091,Service guide trail,True,2025-10-10 19:40:04,2026-02-01 23:40:47
1092,46,aAA01O,https://opswise.net/navy/island/1092,Alert feed meadow,True,2025-11-16 04:07:33,2025-12-23 08:00:47
1093,265,MsBQx4,https://acme.dev/keen/kernel/1093,Quarterly brief harvest,True,2025-05-14 04:02:54,2025-08-20 06:15:46
1094,294,OCRuP0,https://seeded.app/dawn/beacon/1094,Alert feed trail,True,2025-04-19 09:08:58,2025-06-24 18:38:57
1095,152,EzvNBu,https://example.com/keen/journey/1095,Launch deck yard,True,2025-12-01 17:51:59,2026-02-17 12:03:57
1096,1,9NRkJF,https://acme.dev/ember/quartz/1096,Ops review quartz,True,2025-11-13 09:45:24,2025-11-21 07:07:21
1097,51,9wKErf,https://relay.cloud/ember/canyon/1097,Roadmap update engine,True,2025-06-02 22:14:20,2025-08-06 06:14:47
1098,21,tbUYfy,https://seeded.app/gold/beacon/1098,Service guide valley,True,2025-02-10 00:56:19,2025-06-15 04:28:47
1099,397,5ekVtH,https://acme.dev/opal/anchor/1099,Roadmap update pioneer,True,2025-09-09 04:17:47,2025-10-07 11:38:04
1100,51,tnfXoN,https://example.com/opal/network/1100,Ops review engine,True,2025-02-15 13:35:49,2025-08-06 14:22:17
1101,257,KGKZjP,https://relay.cloud/dawn/kernel/1101,Status board trail,True,2025-03-23 17:37:48,2025-07-13 10:50:12
1102,83,OhV22W,https://relay.cloud/harbor/yard/1102,Quarterly brief signal,True,2025-01-10 05:45:51,2025-03-07 03:43:51
1103,273,0Wedze,https://opswise.net/calm/valley/1103,Demo link anchor,True,2026-02-03 23:43:10,2026-02-09 13:09:46
1104,317,W5bFwz,https://example.com/calm/meadow/1104,Status board meadow,True,2026-02-16 09:14:05,2026-02-19 10:49:26
1105,194,o06JjC,https://relay.cloud/brisk/quartz/1105,Roadmap update journey,False,2025-04-18 02:39:05,2025-04-29 11:54:39
1106,243,RNQfTR,https://acme.dev/clear/signal/1106,Status board orbit,True,2025-03-26 19:18:10,2025-10-31 22:43:46
1107,176,7qjumQ,https://relay.cloud/harbor/field/1107,Alert feed quartz,True,2025-09-25 20:52:01,2025-10-27 19:43:12
1108,286,Ba2349,https://opswise.net/navy/garden/1108,Incident notes lagoon,True,2025-03-27 10:53:28,2025-04-10 04:19:42
1109,10,5PMDQn,https://opswise.net/vivid/valley/1109,Incident notes uplink,True,2025-11-16 16:55:53,2026-01-08 08:21:40
1110,318,NbpEXs,https://seeded.app/quiet/delta/1110,Status board trail,True,2026-02-09 09:24:10,2026-02-17 01:29:54
1111,124,AuWGFm,https://seeded.app/lively/yard/1111,Demo link uplink,True,2025-05-08 13:40:07,2025-12-04 10:17:53
1112,73,iLtOvT,https://hackstack.io/gold/kernel/1112,Service guide valley,True,2025-06-08 11:18:43,2025-11-28 15:54:23
1113,331,2TEMpM,https://relay.cloud/mellow/lagoon/1113,Launch deck meadow,True,2025-05-05 10:10:10,2025-08-05 10:19:48
1114,259,8rmfgL,https://opswise.net/tidy/kernel/1114,Quarterly brief field,True,2025-10-03 03:19:18,2026-02-03 01:21:36
1115,141,mj09Nd,https://hackstack.io/vivid/lagoon/1115,Alert feed zenith,True,2025-07-17 02:20:35,2026-02-02 09:44:49
1116,170,vrcUv2,https://acme.dev/jade/anchor/1116,Launch deck quartz,True,2025-10-14 11:43:58,2025-11-16 18:13:47
1117,398,LEOuTh,https://hackstack.io/silver/pioneer/1117,Launch deck orbit,True,2025-11-17 02:14:32,2026-02-19 14:57:37
1118,151,ZF9Iml,https://relay.cloud/forest/network/1118,Campaign page quartz,True,2025-09-07 20:50:10,2026-01-30 09:59:30
1119,313,B59Q7W,https://seeded.app/quiet/trail/1119,Status board engine,True,2025-09-27 23:48:40,2025-12-12 11:35:30
1120,98,ZRHDrg,https://seeded.app/calm/meadow/1120,Campaign page meadow,True,2025-10-29 01:15:18,2025-12-15 22:41:31
1121,313,GjsqNh,https://example.com/amber/uplink/1121,Alert feed network,True,2025-01-26 12:20:50,2025-12-03 09:00:40
1122,4,SVMJ0z,https://relay.cloud/proud/signal/1122,Quarterly brief river,False,2025-08-13 12:33:39,2025-11-04 15:29:21
1123,189,2mXWsb,https://example.com/navy/quartz/1123,Campaign page yard,True,2025-06-19 18:27:19,2026-01-19 11:44:40
1124,210,qewZgd,https://relay.cloud/vivid/beacon/1124,Service guide zenith,True,2025-06-07 03:53:35,2025-08-06 02:11:15
1125,328,WoQKmZ,https://seeded.app/clear/network/1125,Alert feed meadow,True,2025-05-17 02:04:56,2025-09-29 11:21:12
1126,24,99XiJk,https://opswise.net/keen/yard/1126,Service guide network,True,2026-01-07 21:03:24,2026-01-09 16:53:58
1127,272,TFKtYb,https://acme.dev/calm/zenith/1127,Status board signal,True,2025-07-03 01:00:55,2026-01-15 03:09:39
1128,158,1FusyH,https://relay.cloud/dawn/trail/1128,Service guide lagoon,True,2025-09-14 14:50:51,2025-10-12 04:33:41
1129,37,T9YniJ,https://hackstack.io/warm/river/1129,Incident notes signal,True,2025-06-23 12:14:23,2025-08-19 12:03:32
1130,191,RgC0n4,https://hackstack.io/rapid/signal/1130,Quarterly brief garden,True,2025-03-21 20:06:29,2025-08-18 03:54:57
1131,128,yMEIHJ,https://acme.dev/lively/yard/1131,Service guide window,True,2025-12-04 15:26:13,2025-12-09 20:47:44
1132,86,k0iafA,https://relay.cloud/young/window/1132,Demo link pioneer,True,2025-11-03 22:26:47,2025-12-23 09:25:01
1133,326,OQwhjf,https://relay.cloud/urban/window/1133,Launch deck journey,True,2025-03-20 07:53:54,2025-04-17 02:19:29
1134,115,2DWJGN,https://opswise.net/vivid/quartz/1134,Alert feed yard,True,2025-08-21 07:23:51,2025-10-29 21:40:58
1135,266,eB45lg,https://acme.dev/gold/field/1135,Launch deck canyon,True,2025-03-02 00:35:30,2025-05-31 16:36:01
1136,167,jVzGUJ,https://hackstack.io/lively/beacon/1136,Demo link network,True,2025-10-01 20:09:41,2025-11-16 11:19:00
1137,227,B665lZ,https://example.com/mellow/engine/1137,Alert feed zenith,True,2025-07-30 13:01:41,2025-09-14 15:19:39
1138,399,LbvksF,https://example.com/forest/harvest/1138,Ops review signal,True,2025-05-18 22:10:53,2025-10-05 03:08:34
1139,250,dPnFbE,https://relay.cloud/amber/beacon/1139,Campaign page kernel,False,2025-02-20 15:57:28,2026-02-11 18:50:52
1140,250,dOEkyx,https://example.com/vivid/signal/1140,Demo link anchor,True,2025-11-11 22:02:12,2026-01-29 14:16:45
1141,370,mc9lRN,https://relay.cloud/cobalt/beacon/1141,Launch deck quartz,True,2025-07-21 14:43:23,2025-10-25 17:56:07
1142,50,QCeIyc,https://example.com/lively/lagoon/1142,Campaign page delta,True,2025-08-22 15:48:46,2025-10-03 13:08:47
1143,328,S1x8UN,https://seeded.app/lively/zenith/1143,Campaign page island,True,2025-11-20 04:01:16,2025-12-19 14:36:10
1144,153,4UtFkg,https://acme.dev/brisk/orbit/1144,Roadmap update engine,True,2025-05-02 23:04:54,2025-05-04 16:52:55
1145,295,AMlQS0,https://hackstack.io/silver/quartz/1145,Alert feed beacon,True,2025-01-23 06:39:26,2025-10-02 17:39:03
1146,310,TWvuXd,https://example.com/keen/yard/1146,Quarterly brief canyon,True,2026-01-15 12:15:35,2026-01-18 20:51:44
1147,152,JUfulT,https://opswise.net/jade/yard/1147,Alert feed meadow,True,2025-12-28 07:54:20,2026-02-11 09:49:33
1148,153,j51ki9,https://hackstack.io/rapid/window/1148,Alert feed valley,True,2025-08-23 20:15:49,2026-01-19 04:08:46
1149,132,xMHb4T,https://hackstack.io/ember/lagoon/1149,Demo link beacon,True,2025-09-15 05:59:05,2025-10-21 16:32:24
1150,350,7zkHT3,https://opswise.net/harbor/journey/1150,Quarterly brief yard,True,2025-01-31 01:02:52,2025-12-04 21:52:56
1151,384,USP7Np,https://relay.cloud/ivory/orbit/1151,Quarterly brief meadow,True,2025-08-25 11:43:33,2025-10-22 22:15:03
1152,355,AWL5XK,https://example.com/ivory/engine/1152,Incident notes delta,True,2025-11-15 05:50:09,2026-01-07 15:27:07
1153,202,EXRlCl,https://acme.dev/mellow/kernel/1153,Campaign page pioneer,True,2026-01-01 02:45:27,2026-02-05 10:13:24
1154,152,CRnm5P,https://hackstack.io/quiet/anchor/1154,Service guide garden,True,2025-03-14 17:18:15,2025-07-19 02:51:19
1155,183,0Zassx,https://acme.dev/calm/journey/1155,Status board anchor,True,2025-06-17 15:00:43,2025-09-15 12:55:02
1156,287,NwB5Nb,https://relay.cloud/brisk/delta/1156,Launch deck field,False,2025-06-15 00:30:12,2026-01-12 05:02:57
1157,2,fAjq3g,https://relay.cloud/lively/valley/1157,Incident notes lagoon,True,2025-05-20 07:45:27,2025-12-27 06:42:14
1158,191,rYvLOQ,https://example.com/young/signal/1158,Quarterly brief valley,True,2025-08-03 20:59:57,2026-02-20 02:49:29
1159,258,v3XF5r,https://hackstack.io/keen/canyon/1159,Status board window,True,2025-10-08 21:58:49,2025-10-28 09:24:23
1160,389,XW19dq,https://example.com/brisk/river/1160,Ops review orbit,True,2025-01-03 03:21:46,2025-03-17 19:05:27
1161,277,m18qLk,https://hackstack.io/opal/window/1161,Ops review harvest,True,2025-02-01 16:24:54,2025-10-09 11:00:26
1162,22,Me3PxS,https://example.com/quiet/network/1162,Alert feed trail,True,2025-07-23 14:06:45,2025-08-08 17:49:44
1163,54,IJM4mg,https://example.com/rapid/uplink/1163,Quarterly brief window,True,2025-05-04 14:17:58,2026-02-15 10:58:30
1164,77,0zG78b,https://opswise.net/proud/network/1164,Status board meadow,True,2025-01-02 17:40:27,2025-02-20 23:30:09
1165,87,oEVcNI,https://hackstack.io/jade/valley/1165,Ops review field,True,2025-10-07 23:17:38,2026-02-19 10:27:12
1166,304,WkCVGx,https://acme.dev/dawn/garden/1166,Service guide engine,True,2025-02-24 08:14:53,2025-03-06 14:10:16
1167,9,FxTnsq,https://acme.dev/opal/window/1167,Demo link journey,True,2025-05-24 07:22:22,2026-01-04 10:27:35
1168,40,BwbyHG,https://seeded.app/calm/harvest/1168,Alert feed garden,True,2025-01-31 00:44:33,2025-11-08 10:20:45
1169,73,ZEwM0b,https://hackstack.io/vivid/island/1169,Launch deck pioneer,True,2025-10-26 05:49:32,2026-01-23 18:29:15
1170,400,BVnvmJ,https://relay.cloud/gold/zenith/1170,Incident notes garden,True,2025-04-30 00:46:06,2025-11-25 23:35:34
1171,32,rmV3xr,https://relay.cloud/young/pioneer/1171,Ops review network,True,2026-01-21 19:42:42,2026-01-21 23:29:58
1172,341,CWg5xg,https://seeded.app/tidy/valley/1172,Incident notes canyon,True,2025-11-19 04:30:08,2026-01-12 02:23:28
1173,363,sePtwb,https://example.com/opal/harvest/1173,Roadmap update orbit,False,2025-01-26 00:54:09,2025-04-17 09:38:21
1174,344,25icCa,https://hackstack.io/brisk/orbit/1174,Launch deck journey,True,2025-11-26 09:05:06,2025-12-15 10:02:09
1175,118,m2ORXt,https://opswise.net/harbor/anchor/1175,Demo link trail,True,2026-02-19 00:19:28,2026-02-20 06:11:34
1176,91,eEMygv,https://example.com/quiet/window/1176,Campaign page uplink,True,2026-01-30 11:31:42,2026-02-07 06:47:37
1177,389,H44BoA,https://acme.dev/vivid/field/1177,Quarterly brief pioneer,True,2025-08-07 04:23:24,2026-01-12 08:17:01
1178,53,POHHKy,https://opswise.net/calm/zenith/1178,Roadmap update beacon,True,2025-07-15 14:02:06,2025-10-04 03:37:59
1179,175,7K03ad,https://hackstack.io/harbor/signal/1179,Alert feed garden,True,2025-03-22 07:22:35,2025-09-23 05:15:55
1180,188,p5GNYs,https://acme.dev/jade/delta/1180,Demo link field,True,2026-02-05 00:22:42,2026-02-05 05:48:03
1181,194,1JzFzm,https://hackstack.io/young/trail/1181,Campaign page journey,True,2025-06-27 12:29:33,2025-10-25 05:48:16
1182,106,wHJQrS,https://acme.dev/brisk/orbit/1182,Launch deck river,True,2025-11-16 19:27:02,2025-12-27 20:50:38
1183,66,yv9Ivr,https://opswise.net/mellow/zenith/1183,Launch deck harvest,True,2025-09-30 12:33:12,2025-12-13 08:58:13
1184,168,urE2G8,https://opswise.net/lively/engine/1184,Alert feed window,True,2025-11-15 23:03:27,2025-12-22 13:12:50
1185,324,CLxBwi,https://seeded.app/rapid/signal/1185,Ops review zenith,True,2026-01-18 17:58:41,2026-02-08 15:49:44
1186,311,WOHnqZ,https://acme.dev/gold/trail/1186,Status board window,True,2025-04-23 04:20:14,2025-09-22 02:00:11
1187,339,vqVVQV,https://relay.cloud/urban/harvest/1187,Launch deck pioneer,True,2025-01-12 06:52:10,2025-10-29 03:35:02
1188,368,5JpMmS,https://acme.dev/ember/valley/1188,Ops review uplink,True,2025-11-29 22:13:21,2026-02-08 06:26:44
1189,67,7rjfEy,https://opswise.net/quiet/orbit/1189,Service guide kernel,True,2025-06-10 10:30:25,2026-01-18 17:21:07
1190,178,d5cxbq,https://hackstack.io/quiet/valley/1190,Ops review zenith,False,2025-07-26 12:43:56,2025-12-04 20:13:19
1191,53,Lavbry,https://acme.dev/proud/canyon/1191,Alert feed yard,True,2025-06-15 15:21:13,2026-01-17 07:38:52
1192,72,WpojLu,https://example.com/warm/island/1192,Quarterly brief canyon,True,2025-09-03 15:59:14,2025-10-30 09:34:02
1193,224,qz2sEF,https://hackstack.io/vivid/orbit/1193,Launch deck lagoon,True,2025-07-16 11:25:02,2025-09-18 08:52:53
1194,398,apaSYC,https://example.com/quiet/meadow/1194,Alert feed harvest,True,2025-10-29 01:54:45,2026-01-20 23:24:37
1195,306,UYKB6E,https://opswise.net/keen/beacon/1195,Quarterly brief valley,True,2025-06-21 11:57:43,2026-01-11 06:53:05
1196,286,elIrnj,https://acme.dev/warm/harvest/1196,Incident notes zenith,True,2025-10-05 02:25:11,2026-01-17 07:43:16
1197,339,bj7tqQ,https://opswise.net/silver/canyon/1197,Alert feed beacon,True,2025-10-29 09:34:39,2026-02-02 05:03:57
1198,60,ZgC0O1,https://opswise.net/clear/window/1198,Ops review yard,True,2025-03-02 16:30:23,2025-10-16 13:15:11
1199,190,Jtk4tC,https://relay.cloud/young/zenith/1199,Launch deck pioneer,True,2025-11-18 20:23:20,2025-12-27 13:32:45
1200,326,hohwdo,https://relay.cloud/amber/quartz/1200,Service guide orbit,True,2025-01-03 19:46:52,2025-12-23 17:39:24
1201,361,LU99rB,https://hackstack.io/forest/island/1201,Alert feed journey,True,2025-03-02 06:38:53,2026-01-13 02:21:40
1202,141,KNBKM6,https://example.com/jade/pioneer/1202,Launch deck quartz,True,2025-01-23 19:34:29,2025-04-30 05:44:13
1203,211,4pknm2,https://opswise.net/forest/delta/1203,Launch deck beacon,True,2025-06-23 13:07:47,2025-08-20 11:14:18
1204,65,MzYvRB,https://seeded.app/calm/field/1204,Quarterly brief canyon,True,2025-01-31 18:54:44,2025-03-04 22:28:57
1205,99,En8NDt,https://seeded.app/urban/meadow/1205,Alert feed quartz,True,2025-05-09 04:33:20,2025-09-29 08:31:36
1206,141,wq20Cp,https://seeded.app/navy/engine/1206,Quarterly brief network,True,2025-11-27 14:25:55,2026-01-08 15:35:16
1207,257,nxjkMm,https://hackstack.io/rapid/field/1207,Status board island,False,2026-01-23 18:48:30,2026-02-12 09:52:37
1208,184,d9XK0I,https://acme.dev/cobalt/zenith/1208,Service guide valley,True,2025-07-28 07:16:05,2026-01-04 13:06:50
1209,140,lPgdH9,https://opswise.net/warm/uplink/1209,Incident notes canyon,True,2025-09-14 16:13:31,2025-09-21 15:04:53
1210,174,vvEQNu,https://acme.dev/cobalt/field/1210,Launch deck window,True,2025-11-20 17:52:43,2025-11-28 13:32:41
1211,290,bVpdUz,https://opswise.net/warm/network/1211,Demo link garden,True,2025-09-21 02:12:54,2025-09-26 19:04:51
1212,188,WCNqBo,https://opswise.net/navy/island/1212,Status board pioneer,True,2025-02-24 10:50:38,2025-04-06 06:07:23
1213,305,W30LUS,https://relay.cloud/jade/anchor/1213,Roadmap update pioneer,True,2025-09-15 11:38:39,2025-11-30 19:02:33
1214,138,UyGuGl,https://seeded.app/calm/anchor/1214,Service guide network,True,2025-03-22 13:18:57,2025-12-08 16:46:52
1215,211,ukUlDX,https://relay.cloud/dawn/harvest/1215,Launch deck window,True,2025-11-29 15:49:19,2026-01-22 23:30:54
1216,372,wl3eDt,https://opswise.net/jade/valley/1216,Campaign page garden,True,2026-01-19 04:18:06,2026-02-16 21:04:47
1217,113,TTYTuq,https://seeded.app/clear/engine/1217,Service guide journey,True,2025-01-23 11:19:18,2026-01-17 08:41:21
1218,87,NI2CWV,https://seeded.app/navy/yard/1218,Incident notes delta,True,2025-11-24 17:26:22,2025-11-29 02:00:49
1219,164,fJdGv7,https://opswise.net/harbor/journey/1219,Alert feed window,True,2025-11-15 12:24:21,2026-02-02 12:40:24
1220,364,LoiteT,https://relay.cloud/warm/network/1220,Demo link harvest,True,2025-01-04 06:31:46,2025-12-21 12:54:33
1221,140,BQDheU,https://opswise.net/vivid/river/1221,Launch deck trail,True,2025-02-22 21:53:57,2025-08-29 23:04:12
1222,321,oQXRtY,https://acme.dev/ivory/field/1222,Quarterly brief canyon,True,2025-09-09 19:14:39,2025-11-28 18:36:55
1223,150,gjpCU1,https://opswise.net/opal/canyon/1223,Alert feed network,True,2025-04-25 13:45:47,2025-11-01 22:44:55
1224,363,86GaSV,https://relay.cloud/ivory/pioneer/1224,Ops review delta,False,2026-01-26 10:20:49,2026-02-10 22:14:34
1225,193,mV60Wr,https://hackstack.io/navy/journey/1225,Campaign page garden,True,2026-01-25 18:31:17,2026-02-04 05:33:13
1226,80,c9FQcV,https://opswise.net/dawn/island/1226,Service guide anchor,True,2025-08-21 10:43:54,2025-08-28 21:40:41
1227,52,poUQms,https://seeded.app/gold/trail/1227,Incident notes garden,True,2025-06-07 05:04:59,2025-12-29 17:15:34
1228,141,do06Lz,https://acme.dev/forest/delta/1228,Status board lagoon,True,2025-04-03 02:57:15,2026-02-02 19:31:43
1229,169,LIfBc3,https://seeded.app/harbor/window/1229,Ops review harvest,True,2025-10-06 08:14:15,2025-11-22 08:45:18
1230,371,PVgYeZ,https://hackstack.io/navy/pioneer/1230,Quarterly brief window,True,2025-08-02 05:50:27,2025-09-08 03:29:55
1231,167,t5bvkz,https://relay.cloud/rapid/network/1231,Status board quartz,True,2025-09-26 10:27:17,2026-01-04 03:23:36
1232,278,260GIw,https://acme.dev/gold/pioneer/1232,Ops review delta,True,2025-04-24 01:11:46,2025-07-26 09:06:40
1233,1,0jG2OY,https://example.com/keen/canyon/1233,Demo link engine,True,2025-09-15 17:31:38,2025-11-08 23:01:26
1234,72,0mwOot,https://hackstack.io/young/river/1234,Demo link orbit,True,2025-11-23 09:28:51,2025-12-26 01:45:20
1235,126,Wdt3t3,https://seeded.app/warm/orbit/1235,Quarterly brief trail,True,2025-11-01 18:42:26,2025-11-24 15:49:57
1236,31,cg3oa6,https://acme.dev/forest/zenith/1236,Demo link zenith,True,2025-07-18 00:05:13,2026-02-01 12:37:58
1237,283,mD0FUM,https://example.com/gold/trail/1237,Launch deck anchor,True,2025-04-07 22:41:29,2025-07-07 05:03:14
1238,239,lw4V2L,https://relay.cloud/urban/island/1238,Quarterly brief valley,True,2025-09-13 13:33:37,2025-09-20 05:57:08
1239,222,TUP5Z0,https://seeded.app/navy/journey/1239,Campaign page beacon,True,2025-08-04 01:48:56,2025-09-23 20:38:36
1240,353,PJoamN,https://opswise.net/amber/island/1240,Service guide river,True,2025-08-31 06:18:12,2026-01-01 13:45:21
1241,208,rJYzqs,https://opswise.net/calm/valley/1241,Incident notes island,False,2025-01-14 18:44:05,2025-05-03 10:58:55
1242,347,fqn4Zx,https://relay.cloud/opal/pioneer/1242,Service guide valley,True,2025-12-30 00:47:29,2026-01-09 05:11:28
1243,90,GrdTeX,https://relay.cloud/opal/journey/1243,Launch deck river,True,2026-01-29 08:03:15,2026-02-12 09:35:31
1244,245,oARAwK,https://example.com/rapid/network/1244,Service guide valley,True,2025-01-13 10:05:49,2025-06-03 21:55:52
1245,94,uNxc0X,https://opswise.net/quiet/lagoon/1245,Launch deck network,True,2025-01-20 13:38:13,2025-02-12 16:23:04
1246,9,4SKfhO,https://example.com/cobalt/anchor/1246,Alert feed journey,True,2025-02-04 08:08:08,2025-04-30 07:58:08
1247,137,a86Wih,https://relay.cloud/silver/canyon/1247,Launch deck beacon,True,2025-05-14 01:31:40,2025-05-22 19:40:00
1248,361,NPPP7M,https://relay.cloud/mellow/engine/1248,Status board signal,True,2025-05-25 06:48:30,2025-11-24 00:04:04
1249,209,zrb5Z2,https://acme.dev/quiet/anchor/1249,Quarterly brief anchor,True,2025-08-25 09:11:41,2025-09-14 11:32:35
1250,252,noZUQv,https://relay.cloud/amber/harvest/1250,Quarterly brief orbit,True,2025-10-18 20:01:42,2025-12-06 01:10:58
1251,369,Vhj4vr,https://acme.dev/warm/field/1251,Demo link zenith,True,2025-09-29 00:15:35,2025-12-24 20:12:58
1252,125,FixNh1,https://hackstack.io/gold/pioneer/1252,Ops review river,True,2025-09-05 12:49:23,2025-12-31 19:07:55
1253,4,0kgJib,https://hackstack.io/lively/lagoon/1253,Incident notes river,True,2025-07-09 06:54:12,2025-12-03 16:18:32
1254,126,InzI5T,https://example.com/young/river/1254,Alert feed trail,True,2025-07-13 01:04:54,2025-10-31 18:12:16
1255,122,Kn03su,https://opswise.net/lively/uplink/1255,Campaign page meadow,True,2025-07-30 21:30:42,2025-11-12 09:32:55
1256,37,WqDuGS,https://example.com/silver/field/1256,Campaign page harvest,True,2025-12-17 06:28:38,2026-02-13 02:46:09
1257,106,iQJRpf,https://seeded.app/clear/valley/1257,Ops review beacon,True,2025-03-05 02:27:46,2026-02-13 18:38:31
1258,112,D4DWEn,https://seeded.app/gold/trail/1258,Ops review yard,False,2026-01-06 23:10:56,2026-02-07 01:30:08
1259,224,pyzFko,https://seeded.app/lively/beacon/1259,Service guide zenith,True,2025-03-16 12:47:16,2025-08-08 13:47:23
1260,50,Zz1vXa,https://opswise.net/vivid/quartz/1260,Ops review pioneer,True,2026-01-05 05:22:52,2026-01-26 07:19:34
1261,171,FmVtQF,https://example.com/young/pioneer/1261,Demo link journey,True,2025-03-16 10:02:25,2025-12-18 02:06:11
1262,210,XWR8eD,https://opswise.net/proud/window/1262,Quarterly brief canyon,True,2025-12-23 19:13:38,2026-01-12 02:23:37
1263,185,sRZbug,https://acme.dev/quiet/zenith/1263,Ops review river,True,2025-10-17 05:36:43,2025-12-24 03:39:02
1264,319,cUwksJ,https://example.com/proud/engine/1264,Campaign page yard,True,2025-11-09 10:36:24,2025-11-17 09:25:55
1265,166,k69PgD,https://relay.cloud/opal/engine/1265,Ops review delta,True,2025-05-02 03:41:59,2026-01-24 19:54:08
1266,119,U3kt0q,https://seeded.app/ember/lagoon/1266,Launch deck journey,True,2025-09-01 13:53:54,2026-01-22 06:18:47
1267,397,YBqDca,https://relay.cloud/ivory/uplink/1267,Ops review harvest,True,2025-01-26 10:30:57,2025-10-02 02:17:58
1268,271,RcQh2m,https://acme.dev/amber/garden/1268,Status board window,True,2025-08-30 20:56:36,2025-09-21 22:09:34
1269,378,D6joKc,https://acme.dev/forest/lagoon/1269,Status board orbit,True,2025-03-27 13:57:56,2025-12-13 09:51:41
1270,379,NahK91,https://opswise.net/proud/quartz/1270,Roadmap update river,True,2025-07-07 08:44:47,2025-08-01 14:12:36
1271,106,lUCzMP,https://relay.cloud/young/engine/1271,Quarterly brief zenith,True,2025-11-27 23:48:57,2026-01-31 17:21:29
1272,117,VNF44C,https://relay.cloud/silver/kernel/1272,Roadmap update valley,True,2025-12-02 04:16:54,2026-01-07 20:28:48
1273,165,WhSFEL,https://hackstack.io/opal/valley/1273,Service guide canyon,True,2025-09-29 11:59:10,2025-12-26 11:38:35
1274,368,4nnfjs,https://seeded.app/jade/quartz/1274,Launch deck beacon,True,2025-07-03 16:17:33,2026-02-20 12:44:18
1275,185,SzOHkT,https://opswise.net/cobalt/meadow/1275,Demo link engine,False,2025-08-29 03:04:29,2026-02-11 07:24:26
1276,60,EBcDnd,https://acme.dev/proud/lagoon/1276,Incident notes network,True,2025-02-28 03:02:46,2025-11-18 21:27:33
1277,190,EX26fv,https://example.com/quiet/garden/1277,Quarterly brief valley,True,2025-08-02 10:26:25,2025-09-08 20:48:59
1278,209,3aD3s5,https://hackstack.io/proud/anchor/1278,Alert feed anchor,True,2025-03-03 15:16:36,2025-08-26 12:41:58
1279,337,pXgNiS,https://seeded.app/vivid/uplink/1279,Alert feed signal,True,2025-05-10 20:07:31,2025-09-17 02:37:22
1280,329,NPShQW,https://hackstack.io/tidy/uplink/1280,Demo link yard,True,2025-06-19 20:58:14,2025-08-22 19:03:43
1281,77,rNiAJP,https://hackstack.io/navy/kernel/1281,Quarterly brief window,True,2025-05-23 16:39:09,2025-12-15 03:35:55
1282,74,LUwS2u,https://relay.cloud/gold/quartz/1282,Status board trail,True,2026-01-29 09:52:21,2026-02-19 08:29:00
1283,54,2NJ9tc,https://seeded.app/opal/journey/1283,Status board anchor,True,2025-07-25 12:22:56,2025-09-25 12:02:26
1284,195,cKXVvI,https://hackstack.io/ivory/meadow/1284,Status board anchor,True,2025-10-17 01:37:40,2025-10-26 02:20:15
1285,170,KJU9xY,https://example.com/keen/uplink/1285,Status board beacon,True,2025-12-17 12:32:35,2026-01-06 14:54:44
1286,356,ASNjQa,https://relay.cloud/calm/canyon/1286,Ops review yard,True,2025-01-26 09:31:35,2025-08-12 21:27:39
1287,100,qh78Y1,https://acme.dev/tidy/valley/1287,Ops review signal,True,2025-12-12 12:48:16,2026-02-12 03:51:22
1288,198,5AUdYs,https://hackstack.io/dawn/trail/1288,Roadmap update field,True,2025-07-28 09:09:36,2025-11-09 15:19:51
1289,168,7cD44O,https://opswise.net/jade/window/1289,Service guide network,True,2025-05-19 16:17:09,2026-01-22 02:42:57
1290,175,v0bwP8,https://example.com/dawn/journey/1290,Roadmap update quartz,True,2025-10-17 00:25:03,2026-02-04 12:55:07
1291,300,ZBhFFh,https://example.com/calm/lagoon/1291,Demo link garden,True,2025-06-06 04:05:30,2025-09-05 15:37:20
1292,35,rErvTj,https://relay.cloud/gold/signal/1292,Service guide engine,False,2025-03-03 09:48:55,2025-08-01 19:55:12
1293,397,8NBHRY,https://relay.cloud/clear/field/1293,Campaign page window,True,2025-03-26 13:39:51,2025-09-07 11:26:28
1294,28,Qi03eE,https://hackstack.io/keen/network/1294,Alert feed garden,True,2025-01-25 13:06:01,2025-03-09 11:14:20
1295,366,8SYE2k,https://opswise.net/cobalt/harvest/1295,Campaign page yard,True,2025-10-26 22:04:37,2025-12-02 02:31:03
1296,344,kWRjti,https://opswise.net/ivory/kernel/1296,Quarterly brief delta,True,2025-02-18 17:24:10,2025-08-31 22:57:34
1297,312,uoQuBk,https://relay.cloud/ember/meadow/1297,Campaign page river,True,2025-04-02 13:34:19,2025-07-20 21:07:54
1298,380,3upV6E,https://acme.dev/opal/canyon/1298,Demo link beacon,True,2025-05-19 16:35:54,2026-01-06 05:42:30
1299,356,BOBskt,https://acme.dev/proud/journey/1299,Quarterly brief trail,True,2026-01-17 11:16:10,2026-01-18 12:47:11
1300,201,3Fc6Ke,https://hackstack.io/clear/kernel/1300,Status board engine,True,2025-06-21 04:46:45,2025-11-01 05:50:18
1301,283,7nbbrk,https://seeded.app/proud/meadow/1301,Incident notes engine,True,2025-11-11 22:20:15,2026-01-24 20:02:53
1302,220,VkvJwI,https://hackstack.io/mellow/zenith/1302,Campaign page meadow,True,2025-10-22 03:59:14,2026-01-04 02:56:01
1303,15,suxMRs,https://relay.cloud/cobalt/orbit/1303,Service guide zenith,True,2025-04-24 13:37:35,2025-07-16 17:37:09
1304,395,WYyS2N,https://example.com/keen/engine/1304,Roadmap update orbit,True,2025-11-20 13:00:39,2026-01-05 20:31:30
1305,333,qbNvWW,https://hackstack.io/ivory/river/1305,Quarterly brief uplink,True,2025-12-28 17:24:28,2026-01-20 16:01:08
1306,365,EUeABS,https://opswise.net/jade/network/1306,Incident notes kernel,True,2025-04-11 20:21:03,2025-05-28 18:58:00
1307,243,UiuQPb,https://example.com/tidy/river/1307,Service guide harvest,True,2026-02-10 11:13:12,2026-02-17 12:54:35
1308,355,qm2Yix,https://seeded.app/jade/kernel/1308,Ops review kernel,True,2025-08-25 04:45:55,2025-09-23 04:35:14
1309,337,1xkp0X,https://hackstack.io/harbor/journey/1309,Demo link beacon,False,2026-02-20 17:59:04,2026-02-20 21:44:03
1310,300,b2raJP,https://acme.dev/dawn/pioneer/1310,Launch deck quartz,True,2025-01-13 20:51:09,2025-01-26 18:21:29
1311,160,HJMdPW,https://example.com/clear/window/1311,Alert feed meadow,True,2025-06-17 11:25:59,2026-01-26 03:05:51
1312,247,PeTehk,https://opswise.net/gold/trail/1312,Roadmap update field,True,2025-02-17 04:00:50,2025-09-23 05:28:07
1313,106,FsXl0q,https://example.com/keen/garden/1313,Quarterly brief trail,True,2025-12-17 16:43:31,2026-02-13 08:47:16
1314,142,27afQT,https://acme.dev/cobalt/trail/1314,Alert feed valley,True,2025-09-11 01:37:07,2025-11-11 23:47:31
1315,91,CyYOOr,https://relay.cloud/mellow/uplink/1315,Incident notes zenith,True,2025-05-20 05:37:38,2025-08-26 06:19:22
1316,41,wh9ak4,https://seeded.app/proud/beacon/1316,Quarterly brief window,True,2025-11-12 23:04:59,2026-01-24 19:10:44
1317,4,AHKbPA,https://acme.dev/harbor/kernel/1317,Incident notes island,True,2025-09-01 14:07:58,2025-10-10 16:48:24
1318,289,4qCHaE,https://acme.dev/lively/kernel/1318,Service guide quartz,True,2025-07-30 08:46:44,2026-01-02 14:45:39
1319,125,zh57OZ,https://example.com/harbor/yard/1319,Status board meadow,True,2025-09-11 00:11:21,2025-11-09 04:10:40
1320,154,l8WJt8,https://seeded.app/young/window/1320,Alert feed meadow,True,2026-01-29 23:12:57,2026-02-03 16:18:18
1321,351,TppbbZ,https://example.com/silver/lagoon/1321,Alert feed anchor,True,2025-06-20 21:45:23,2025-12-26 15:17:15
1322,193,FxtJ7L,https://hackstack.io/urban/island/1322,Alert feed lagoon,True,2026-01-09 18:11:47,2026-01-28 17:33:28
1323,24,hk89BJ,https://opswise.net/ivory/signal/1323,Campaign page valley,True,2025-02-03 06:40:13,2025-06-02 09:00:03
1324,49,wvEO4a,https://example.com/mellow/signal/1324,Ops review window,True,2025-02-15 22:33:40,2025-08-18 16:15:56
1325,46,63Xcph,https://relay.cloud/quiet/kernel/1325,Launch deck window,True,2025-03-16 03:13:05,2025-11-12 23:52:14
1326,382,y8kGbO,https://seeded.app/vivid/window/1326,Alert feed journey,False,2025-11-08 14:27:29,2025-12-26 07:26:12
1327,238,ywtOFa,https://seeded.app/harbor/window/1327,Ops review engine,True,2025-08-08 22:16:52,2026-02-03 22:04:42
1328,190,S06hCh,https://opswise.net/cobalt/engine/1328,Roadmap update pioneer,True,2026-01-08 10:13:48,2026-02-19 16:35:27
1329,197,jntIiD,https://relay.cloud/mellow/journey/1329,Demo link zenith,True,2025-02-08 15:35:27,2025-12-11 10:15:04
1330,178,tluBbC,https://seeded.app/rapid/river/1330,Alert feed garden,True,2025-10-02 14:59:44,2026-01-04 06:37:35
1331,97,XyudFx,https://relay.cloud/tidy/window/1331,Campaign page island,True,2025-01-26 12:51:01,2025-07-19 01:19:12
1332,280,vyH9vW,https://relay.cloud/proud/orbit/1332,Incident notes orbit,True,2026-01-12 01:45:04,2026-01-22 15:15:38
1333,10,tOK4zs,https://example.com/cobalt/trail/1333,Alert feed delta,True,2026-02-11 11:26:52,2026-02-19 11:30:13
1334,248,Ol4aPz,https://acme.dev/amber/harvest/1334,Incident notes beacon,True,2025-01-01 07:54:51,2025-12-25 07:14:56
1335,109,iGTd48,https://hackstack.io/cobalt/garden/1335,Roadmap update lagoon,True,2025-12-22 16:03:35,2026-01-02 06:34:25
1336,296,UnticO,https://opswise.net/ivory/pioneer/1336,Service guide yard,True,2026-02-08 09:48:37,2026-02-18 05:46:20
1337,103,sXDexo,https://example.com/ivory/trail/1337,Incident notes valley,True,2025-10-19 19:40:29,2025-11-18 05:01:07
1338,258,UDm1Ii,https://seeded.app/jade/island/1338,Demo link window,True,2025-07-08 17:11:57,2025-08-01 18:06:59
1339,372,RHYHvw,https://seeded.app/young/orbit/1339,Status board meadow,True,2025-11-14 11:10:50,2025-12-28 23:00:20
1340,370,14U0Ku,https://example.com/gold/canyon/1340,Quarterly brief signal,True,2025-06-19 00:52:52,2025-07-09 07:51:13
1341,3,5TEZzf,https://opswise.net/urban/island/1341,Incident notes delta,True,2025-02-03 16:53:36,2025-10-26 10:43:05
1342,194,55y6Gn,https://example.com/young/trail/1342,Incident notes orbit,True,2025-08-24 05:59:02,2025-09-12 22:25:24
1343,193,nRONtN,https://acme.dev/brisk/field/1343,Alert feed garden,False,2025-10-15 03:09:19,2025-11-27 11:28:14
1344,387,uCBGFB,https://relay.cloud/keen/signal/1344,Service guide zenith,True,2025-02-25 02:52:38,2025-10-24 10:32:59
1345,305,SRugnX,https://seeded.app/rapid/harvest/1345,Launch deck kernel,True,2025-01-18 04:37:30,2025-08-16 00:50:43
1346,307,ACUlIS,https://relay.cloud/opal/delta/1346,Quarterly brief orbit,True,2025-12-17 09:39:16,2026-02-03 13:17:43
1347,261,yULa23,https://opswise.net/brisk/pioneer/1347,Ops review field,True,2025-11-03 22:14:06,2025-11-04 16:10:12
1348,223,S56mtj,https://example.com/navy/signal/1348,Quarterly brief beacon,True,2025-06-17 13:42:11,2025-07-09 21:38:22
1349,91,7I9mfv,https://opswise.net/urban/trail/1349,Alert feed island,True,2025-02-08 18:03:16,2025-05-04 11:21:27
1350,235,nipjle,https://example.com/warm/harvest/1350,Status board harvest,True,2025-09-06 09:49:08,2025-12-27 19:43:43
1351,205,zMb9W9,https://acme.dev/proud/quartz/1351,Quarterly brief journey,True,2025-08-12 00:39:41,2025-09-14 23:54:52
1352,39,xzuzto,https://example.com/warm/island/1352,Roadmap update harvest,True,2025-11-08 08:46:45,2026-02-04 06:34:15
1353,40,p6bXdJ,https://opswise.net/tidy/beacon/1353,Quarterly brief orbit,True,2026-02-04 18:00:04,2026-02-14 05:19:07
1354,389,6RGTB7,https://hackstack.io/amber/beacon/1354,Alert feed river,True,2025-07-23 19:49:30,2025-09-07 01:27:53
1355,82,OtmZJL,https://hackstack.io/tidy/beacon/1355,Alert feed meadow,True,2025-11-02 13:59:30,2025-12-24 12:35:19
1356,330,0HvEvl,https://example.com/keen/uplink/1356,Launch deck trail,True,2025-09-17 09:10:54,2026-01-30 21:37:15
1357,342,Gg26jj,https://relay.cloud/cobalt/uplink/1357,Status board canyon,True,2026-02-20 07:28:24,2026-02-20 09:48:46
1358,337,SGoxFP,https://example.com/harbor/yard/1358,Status board lagoon,True,2025-10-18 01:00:44,2026-01-02 00:25:04
1359,35,NBk8Te,https://relay.cloud/mellow/river/1359,Alert feed island,True,2025-01-27 07:10:55,2025-06-19 00:56:35
1360,88,fq4Lqm,https://opswise.net/mellow/window/1360,Roadmap update engine,False,2025-05-25 22:16:00,2026-01-05 09:45:34
1361,112,zuq6e7,https://example.com/vivid/island/1361,Roadmap update quartz,True,2025-05-27 04:54:38,2025-08-29 12:25:05
1362,31,BC9BuO,https://seeded.app/brisk/valley/1362,Incident notes island,True,2025-01-26 01:07:32,2025-12-11 18:39:40
1363,224,nijMAt,https://seeded.app/keen/anchor/1363,Campaign page window,True,2025-02-19 21:27:37,2025-09-22 11:51:46
1364,197,mPo2R6,https://hackstack.io/dawn/quartz/1364,Demo link lagoon,True,2025-02-21 04:22:47,2025-09-02 23:11:57
1365,2,8pQEga,https://hackstack.io/ember/field/1365,Launch deck trail,True,2025-03-15 08:18:00,2025-10-29 22:03:54
1366,11,Mrqwy9,https://relay.cloud/ember/harvest/1366,Status board pioneer,True,2025-06-28 04:57:18,2025-12-15 04:28:06
1367,286,8I7eRJ,https://example.com/calm/trail/1367,Launch deck beacon,True,2025-06-06 07:47:55,2025-08-12 02:58:33
1368,241,ytl3FC,https://hackstack.io/ember/journey/1368,Service guide trail,True,2025-02-26 12:59:21,2025-11-16 02:20:48
1369,107,5gEiDO,https://example.com/ivory/orbit/1369,Quarterly brief zenith,True,2025-07-09 21:35:33,2025-12-23 13:54:21
1370,1,7NNrk8,https://example.com/vivid/signal/1370,Quarterly brief garden,True,2025-04-22 11:09:43,2025-12-21 01:48:36
1371,83,NYALBI,https://hackstack.io/mellow/anchor/1371,Launch deck orbit,True,2025-06-21 14:45:51,2025-10-23 21:41:38
1372,76,bsq85T,https://example.com/cobalt/uplink/1372,Ops review pioneer,True,2025-09-20 16:37:00,2025-09-23 06:54:11
1373,75,PmFzDr,https://hackstack.io/mellow/harvest/1373,Incident notes uplink,True,2025-05-26 19:54:42,2026-02-16 09:41:10
1374,178,j3mLc1,https://relay.cloud/vivid/uplink/1374,Service guide window,True,2025-01-23 16:51:17,2025-08-19 18:25:10
1375,125,2OeRQJ,https://acme.dev/quiet/orbit/1375,Service guide lagoon,True,2025-09-04 09:56:44,2025-12-02 22:46:01
1376,123,MRuN3W,https://seeded.app/lively/zenith/1376,Status board garden,True,2025-04-10 01:14:04,2025-11-19 02:52:48
1377,207,wZ6tSg,https://seeded.app/navy/field/1377,Launch deck garden,False,2025-05-19 06:13:05,2025-10-07 18:12:43
1378,369,4fYKaN,https://opswise.net/young/pioneer/1378,Incident notes journey,True,2025-07-30 07:26:03,2025-12-08 00:57:28
1379,16,GpU9rs,https://opswise.net/ember/signal/1379,Campaign page trail,True,2025-02-24 09:44:23,2025-07-21 04:55:51
1380,127,hRahPf,https://relay.cloud/amber/network/1380,Roadmap update zenith,True,2026-02-16 17:11:30,2026-02-18 16:06:01
1381,93,zY2kJt,https://seeded.app/ivory/river/1381,Incident notes anchor,True,2025-04-25 14:06:03,2025-07-03 00:12:56
1382,115,B7cdmQ,https://opswise.net/ivory/uplink/1382,Status board garden,True,2025-10-15 22:56:13,2025-12-12 15:01:44
1383,178,d1bjyY,https://acme.dev/gold/delta/1383,Incident notes signal,True,2025-01-03 20:25:03,2025-04-19 16:24:57
1384,183,nPJmL6,https://acme.dev/opal/zenith/1384,Service guide trail,True,2025-06-13 03:48:58,2025-11-18 12:28:22
1385,185,2bgXUU,https://acme.dev/lively/window/1385,Incident notes valley,True,2026-02-16 11:17:45,2026-02-16 20:05:47
1386,295,YXVtM7,https://relay.cloud/opal/trail/1386,Incident notes river,True,2025-11-03 11:46:05,2026-02-13 15:40:57
1387,392,izJvFb,https://hackstack.io/proud/quartz/1387,Quarterly brief window,True,2025-02-15 23:11:31,2025-10-04 19:19:09
1388,242,yCy4mo,https://acme.dev/jade/trail/1388,Roadmap update delta,True,2025-10-02 12:53:37,2025-10-16 13:38:58
1389,297,szR1i8,https://opswise.net/opal/yard/1389,Service guide zenith,True,2026-02-06 17:01:27,2026-02-19 03:48:22
1390,308,Vmmzur,https://example.com/calm/river/1390,Service guide zenith,True,2025-07-04 00:14:16,2025-08-01 20:15:15
1391,400,TqJqN5,https://acme.dev/dawn/trail/1391,Alert feed anchor,True,2026-01-23 02:51:32,2026-02-13 08:03:31
1392,148,BRWJRL,https://seeded.app/gold/beacon/1392,Demo link field,True,2025-07-22 03:23:51,2025-08-09 16:08:13
1393,47,TB9aJV,https://opswise.net/harbor/journey/1393,Ops review island,True,2025-05-17 22:22:02,2025-07-27 09:35:45
1394,191,jOwpm8,https://example.com/navy/lagoon/1394,Incident notes kernel,False,2025-04-02 14:14:12,2025-12-16 10:51:01
1395,249,cskVBp,https://hackstack.io/urban/trail/1395,Status board harvest,True,2025-11-17 15:09:41,2025-12-30 20:54:36
1396,220,8SnjC9,https://hackstack.io/lively/trail/1396,Demo link meadow,True,2025-07-02 23:11:08,2025-10-31 10:39:58
1397,115,WDFg9q,https://hackstack.io/forest/orbit/1397,Campaign page pioneer,True,2025-07-02 01:51:31,2026-02-08 02:42:29
1398,370,clmklY,https://acme.dev/ivory/signal/1398,Alert feed island,True,2025-12-23 14:30:00,2025-12-27 04:15:11
1399,296,eBkfWA,https://acme.dev/calm/network/1399,Service guide zenith,True,2025-11-27 10:14:48,2025-12-14 11:07:30
1400,13,JDFj8p,https://seeded.app/harbor/window/1400,Alert feed engine,True,2025-05-10 05:54:35,2025-08-23 00:32:20
1401,246,B2gxsN,https://acme.dev/gold/kernel/1401,Status board zenith,True,2025-01-14 06:48:37,2025-03-20 21:53:52
1402,33,ZF4zgH,https://relay.cloud/brisk/orbit/1402,Service guide island,True,2025-10-06 03:31:38,2025-11-13 00:49:18
1403,123,ZBcQq8,https://hackstack.io/keen/pioneer/1403,Launch deck zenith,True,2025-01-02 09:06:01,2025-06-16 15:57:16
1404,39,faV56r,https://hackstack.io/young/beacon/1404,Ops review garden,True,2025-02-09 06:10:01,2025-04-19 12:02:40
1405,385,8SXuz5,https://opswise.net/rapid/orbit/1405,Alert feed kernel,True,2026-01-01 09:24:13,2026-02-13 03:07:31
1406,101,soZXMB,https://seeded.app/keen/field/1406,Roadmap update field,True,2025-10-28 06:14:49,2025-12-19 06:01:48
1407,357,YTjiMz,https://seeded.app/young/trail/1407,Incident notes quartz,True,2025-03-13 23:10:09,2025-09-29 08:57:09
1408,75,K1SmLa,https://acme.dev/urban/pioneer/1408,Campaign page network,True,2025-03-12 02:16:01,2025-08-26 08:52:10
1409,226,CXMjbu,https://relay.cloud/lively/harvest/1409,Service guide delta,True,2025-09-06 15:09:31,2025-12-12 23:20:28
1410,128,9K5NSb,https://example.com/forest/delta/1410,Status board trail,True,2025-06-06 13:45:45,2025-10-31 01:48:58
1411,346,l8UEEV,https://example.com/brisk/delta/1411,Status board lagoon,False,2025-08-12 05:03:00,2025-12-12 11:55:25
1412,125,PE5y1J,https://relay.cloud/lively/beacon/1412,Status board orbit,True,2025-02-10 17:13:41,2025-08-08 21:23:22
1413,276,TbWYy2,https://example.com/ember/river/1413,Quarterly brief kernel,True,2025-11-17 02:22:59,2026-01-25 18:36:32
1414,273,r9w79q,https://seeded.app/urban/signal/1414,Incident notes lagoon,True,2025-08-10 04:24:31,2026-02-19 15:12:58
1415,197,wGWpjk,https://seeded.app/rapid/window/1415,Launch deck engine,True,2025-05-12 18:55:33,2025-10-06 13:39:28
1416,268,MGLmK9,https://relay.cloud/amber/quartz/1416,Campaign page beacon,True,2025-05-27 22:55:52,2025-11-20 16:32:32
1417,112,ckh8yR,https://example.com/calm/uplink/1417,Service guide yard,True,2025-06-30 11:10:07,2025-08-17 07:16:54
1418,3,S4F1g6,https://example.com/vivid/network/1418,Launch deck trail,True,2025-03-30 14:41:51,2025-09-25 08:53:07
1419,89,GT7PWt,https://relay.cloud/harbor/delta/1419,Campaign page signal,True,2025-03-17 13:22:30,2025-12-31 08:23:36
1420,171,1IuoiB,https://opswise.net/mellow/kernel/1420,Roadmap update beacon,True,2025-05-15 04:21:30,2025-07-07 03:11:14
1421,30,p7ebQT,https://example.com/gold/harvest/1421,Ops review river,True,2025-04-11 22:11:27,2026-02-03 05:01:09
1422,45,hdxPnV,https://relay.cloud/quiet/valley/1422,Service guide uplink,True,2025-06-08 16:29:24,2026-01-28 10:22:16
1423,293,NCuBan,https://opswise.net/young/quartz/1423,Alert feed delta,True,2025-05-16 14:51:25,2025-12-17 06:44:11
1424,197,rcqVrv,https://relay.cloud/proud/zenith/1424,Demo link network,True,2025-01-12 11:27:51,2025-07-23 12:51:23
1425,151,C0P1cw,https://seeded.app/lively/trail/1425,Roadmap update meadow,True,2025-09-06 18:32:20,2026-01-07 00:52:52
1426,129,Mu5epM,https://acme.dev/clear/window/1426,Quarterly brief network,True,2025-11-04 03:37:20,2025-11-25 03:54:38
1427,116,WcsXk3,https://example.com/ivory/uplink/1427,Campaign page island,True,2025-11-21 08:59:59,2025-12-13 06:28:46
1428,207,o6IR5A,https://seeded.app/tidy/pioneer/1428,Launch deck valley,False,2025-05-15 17:44:37,2025-11-18 00:30:30
1429,43,yBxgAw,https://relay.cloud/quiet/uplink/1429,Quarterly brief orbit,True,2025-10-20 08:10:17,2025-12-30 09:11:31
1430,196,x73fSR,https://opswise.net/brisk/journey/1430,Service guide orbit,True,2025-05-21 05:49:13,2025-09-03 09:52:41
1431,138,nafn1l,https://hackstack.io/quiet/zenith/1431,Incident notes meadow,True,2025-09-19 03:08:25,2025-10-23 06:25:53
1432,141,XmnPYP,https://seeded.app/brisk/river/1432,Roadmap update network,True,2025-12-07 07:20:46,2026-02-11 12:15:12
1433,342,lifme9,https://example.com/jade/field/1433,Incident notes garden,True,2025-05-06 13:46:00,2025-08-24 13:02:09
1434,9,lqDdBK,https://seeded.app/vivid/river/1434,Launch deck engine,True,2025-09-13 01:56:27,2025-10-20 02:38:12
1435,285,qxcCGI,https://acme.dev/brisk/anchor/1435,Ops review canyon,True,2025-11-12 18:08:53,2025-11-15 10:50:02
1436,140,qQ9N6H,https://opswise.net/warm/field/1436,Alert feed trail,True,2025-04-24 23:37:23,2025-07-17 00:56:41
1437,68,sPyZ0N,https://hackstack.io/silver/journey/1437,Campaign page meadow,True,2025-04-06 00:29:27,2025-04-30 16:38:45
1438,141,om5712,https://opswise.net/jade/delta/1438,Demo link window,True,2025-08-23 15:58:57,2025-10-07 09:41:40
1439,316,o9Pvno,https://hackstack.io/vivid/zenith/1439,Quarterly brief engine,True,2025-06-20 22:54:06,2025-07-07 10:02:48
1440,87,Fw5iKZ,https://relay.cloud/urban/field/1440,Ops review kernel,True,2025-11-19 08:30:05,2026-02-11 03:05:45
1441,343,nRGztj,https://opswise.net/amber/lagoon/1441,Launch deck island,True,2026-02-03 12:43:40,2026-02-07 03:28:23
1442,78,jBmVPy,https://seeded.app/dawn/harvest/1442,Campaign page uplink,True,2025-05-27 15:43:17,2026-01-13 07:02:59
1443,53,xt0Pr8,https://hackstack.io/quiet/window/1443,Quarterly brief kernel,True,2025-11-07 21:43:02,2025-12-16 22:42:21
1444,293,pcrGmx,https://example.com/calm/kernel/1444,Campaign page meadow,True,2025-08-06 02:09:43,2026-02-10 11:04:35
1445,352,rW3EbL,https://acme.dev/harbor/anchor/1445,Demo link orbit,False,2025-12-19 21:23:31,2025-12-24 09:52:52
1446,107,MztJZ0,https://hackstack.io/rapid/harvest/1446,Service guide network,True,2026-02-20 07:51:55,2026-02-20 20:15:47
1447,389,MdL9jz,https://opswise.net/ember/trail/1447,Demo link anchor,True,2025-07-28 08:08:10,2025-07-30 18:50:04
1448,63,Eod0WC,https://example.com/mellow/island/1448,Quarterly brief engine,True,2026-01-28 09:41:38,2026-02-19 10:29:27
1449,123,Y1MDZE,https://example.com/navy/delta/1449,Campaign page network,True,2025-01-06 00:16:12,2025-02-19 11:35:20
1450,187,GvMBzR,https://hackstack.io/mellow/delta/1450,Launch deck journey,True,2025-12-29 03:36:17,2026-01-03 17:43:35
1451,23,DIYBAg,https://hackstack.io/warm/kernel/1451,Launch deck quartz,True,2025-08-29 01:08:21,2026-01-23 15:09:18
1452,23,nJIHFt,https://relay.cloud/calm/pioneer/1452,Roadmap update orbit,True,2025-05-20 19:47:34,2025-08-15 02:21:08
1453,394,PF1ZSU,https://seeded.app/jade/lagoon/1453,Demo link anchor,True,2025-02-08 14:51:59,2025-04-30 06:27:37
1454,10,doO8vA,https://example.com/rapid/signal/1454,Quarterly brief uplink,True,2025-01-17 00:10:28,2025-02-24 19:14:51
1455,342,zjwRfH,https://acme.dev/navy/orbit/1455,Launch deck field,True,2026-02-14 02:02:51,2026-02-20 11:34:00
1456,129,avlFuy,https://acme.dev/brisk/pioneer/1456,Launch deck orbit,True,2026-01-19 03:53:45,2026-02-15 07:11:27
1457,183,KYrSUb,https://seeded.app/rapid/pioneer/1457,Incident notes orbit,True,2025-01-24 21:46:41,2025-05-28 00:20:50
1458,393,qOBDxR,https://opswise.net/ember/canyon/1458,Launch deck river,True,2025-01-27 07:36:14,2025-03-15 02:28:22
1459,134,MR74Eh,https://seeded.app/warm/meadow/1459,Alert feed harvest,True,2025-12-27 13:27:38,2026-01-21 11:08:45
1460,350,2VtA1Q,https://seeded.app/gold/valley/1460,Ops review beacon,True,2025-08-26 21:34:35,2026-02-14 01:18:41
1461,387,fj7WQd,https://seeded.app/warm/engine/1461,Quarterly brief field,True,2026-02-12 06:11:03,2026-02-18 13:41:17
1462,85,L8PzX1,https://seeded.app/warm/network/1462,Incident notes canyon,False,2025-12-25 09:51:14,2026-02-02 16:57:44
1463,281,bZonCz,https://acme.dev/young/kernel/1463,Quarterly brief beacon,True,2025-11-16 10:26:25,2026-02-12 21:13:46
1464,331,7BNJxC,https://opswise.net/gold/canyon/1464,Quarterly brief canyon,True,2025-08-27 01:26:19,2026-02-01 04:44:04
1465,15,bgvqJJ,https://hackstack.io/silver/journey/1465,Service guide network,True,2025-06-18 19:57:25,2025-11-11 12:22:55
1466,213,SGCLt9,https://relay.cloud/tidy/uplink/1466,Demo link network,True,2026-01-16 07:34:10,2026-01-21 03:43:23
1467,323,m0nzP5,https://acme.dev/harbor/valley/1467,Launch deck orbit,True,2025-06-21 21:16:36,2025-11-27 09:37:46
1468,151,EXq3Oz,https://acme.dev/keen/journey/1468,Launch deck network,True,2025-12-06 04:58:58,2026-02-17 17:24:48
1469,396,ES1dAW,https://seeded.app/urban/kernel/1469,Roadmap update garden,True,2026-01-30 04:29:14,2026-02-13 04:10:05
1470,227,YMEidw,https://seeded.app/gold/kernel/1470,Launch deck uplink,True,2025-11-05 01:10:58,2026-02-12 12:42:13
1471,70,dXEYUO,https://seeded.app/urban/river/1471,Service guide orbit,True,2025-10-21 19:23:14,2026-02-16 23:19:13
1472,267,Rrmev8,https://opswise.net/gold/river/1472,Demo link meadow,True,2026-01-30 23:22:56,2026-02-02 01:05:55
1473,285,t7F4km,https://seeded.app/urban/lagoon/1473,Service guide delta,True,2026-01-03 12:33:00,2026-02-06 10:04:17
1474,330,hub8xq,https://opswise.net/ember/engine/1474,Campaign page meadow,True,2025-12-31 10:17:17,2026-01-23 16:51:34
1475,243,32798e,https://example.com/opal/trail/1475,Roadmap update garden,True,2025-10-20 19:39:24,2026-02-09 08:52:44
1476,167,ggkpqC,https://hackstack.io/young/river/1476,Demo link anchor,True,2026-01-21 17:50:43,2026-02-16 10:55:59
1477,310,Knyjet,https://example.com/jade/island/1477,Campaign page beacon,True,2025-01-23 10:42:37,2025-02-20 23:39:19
1478,23,27wSXe,https://opswise.net/rapid/quartz/1478,Incident notes island,True,2025-09-25 17:30:16,2025-10-26 02:02:20
1479,314,ocwCsY,https://acme.dev/ember/harvest/1479,Status board yard,False,2025-02-09 11:33:45,2025-11-11 01:23:01
1480,246,KSy5QQ,https://acme.dev/vivid/uplink/1480,Service guide yard,True,2025-01-24 07:05:09,2025-07-03 01:57:53
1481,284,11OQAI,https://acme.dev/brisk/beacon/1481,Campaign page orbit,True,2025-04-19 00:13:46,2026-01-20 22:14:27
1482,228,xZ5F3n,https://seeded.app/young/island/1482,Roadmap update uplink,True,2026-01-15 07:04:44,2026-01-27 17:47:12
1483,261,Tqm6P1,https://opswise.net/proud/signal/1483,Ops review lagoon,True,2025-10-04 05:51:30,2025-10-25 03:42:33
1484,190,5UcB7r,https://acme.dev/navy/orbit/1484,Quarterly brief river,True,2025-10-28 07:01:41,2025-12-12 14:00:11
1485,360,RS895K,https://relay.cloud/young/lagoon/1485,Ops review delta,True,2025-03-06 05:49:54,2025-06-22 01:36:29
1486,37,ORlTeg,https://seeded.app/proud/engine/1486,Alert feed lagoon,True,2025-03-19 22:36:51,2026-01-15 08:36:53
1487,32,05woNo,https://example.com/urban/kernel/1487,Alert feed orbit,True,2025-05-26 03:34:18,2026-02-09 04:57:02
1488,121,mB6eSb,https://hackstack.io/keen/kernel/1488,Roadmap update pioneer,True,2025-11-18 00:24:27,2026-01-31 07:15:00
1489,223,KHGYR8,https://opswise.net/quiet/anchor/1489,Status board network,True,2025-04-27 08:00:50,2025-06-10 01:08:11
1490,160,8Un44i,https://relay.cloud/ember/lagoon/1490,Campaign page lagoon,True,2026-01-03 07:11:29,2026-01-27 04:39:55
1491,128,r6HDyI,https://example.com/gold/delta/1491,Roadmap update zenith,True,2025-08-25 20:31:39,2025-08-31 23:58:18
1492,197,xASm96,https://opswise.net/urban/trail/1492,Quarterly brief quartz,True,2025-04-13 17:26:31,2025-06-17 18:09:04
1493,119,LtklSt,https://seeded.app/proud/island/1493,Roadmap update journey,True,2025-07-19 12:42:07,2026-01-08 07:46:24
1494,388,3sUD4n,https://opswise.net/rapid/delta/1494,Quarterly brief trail,True,2025-02-08 06:58:47,2026-01-28 07:12:37
1495,72,NMx44U,https://relay.cloud/quiet/network/1495,Incident notes pioneer,True,2025-11-08 09:59:34,2025-12-10 21:19:07
1496,124,SONDxA,https://example.com/ivory/meadow/1496,Quarterly brief harvest,False,2025-09-18 21:37:57,2025-11-07 23:31:37
1497,91,0BgCJz,https://opswise.net/silver/field/1497,Ops review garden,True,2025-05-25 06:20:29,2025-09-02 23:38:09
1498,17,SERkl0,https://seeded.app/forest/orbit/1498,Status board anchor,True,2025-01-23 00:12:26,2025-10-04 04:34:58
1499,153,2Xfe0a,https://relay.cloud/silver/canyon/1499,Ops review river,True,2025-12-19 23:13:58,2026-02-02 12:02:14
1500,328,OYlTiz,https://relay.cloud/ember/canyon/1500,Launch deck meadow,True,2025-06-30 20:57:55,2026-01-30 07:48:34
1501,40,JgxK7R,https://acme.dev/lively/river/1501,Ops review river,True,2025-02-21 11:49:01,2025-09-22 02:12:24
1502,61,f3BKWa,https://example.com/cobalt/signal/1502,Ops review yard,True,2025-04-26 05:54:55,2025-05-21 14:12:23
1503,368,DKky3Z,https://acme.dev/quiet/garden/1503,Service guide river,True,2025-08-03 05:27:47,2025-11-14 15:39:40
1504,218,XFLCau,https://opswise.net/jade/garden/1504,Quarterly brief lagoon,True,2025-11-11 22:50:40,2025-12-07 17:41:18
1505,180,bB9k3I,https://opswise.net/brisk/uplink/1505,Ops review island,True,2025-01-22 08:12:35,2025-10-07 23:52:14
1506,98,6Un6sL,https://relay.cloud/ember/beacon/1506,Demo link island,True,2025-02-21 22:55:37,2025-12-23 10:26:21
1507,1,iVoPjs,https://opswise.net/ivory/valley/1507,Incident notes uplink,True,2025-03-15 14:05:19,2025-06-15 10:18:27
1508,200,8nbuQB,https://relay.cloud/ember/anchor/1508,Alert feed journey,True,2025-03-03 16:32:56,2025-03-23 14:39:24
1509,386,8LZiCH,https://seeded.app/keen/signal/1509,Campaign page uplink,True,2026-01-09 09:52:50,2026-01-27 08:48:20
1510,115,SWzlbB,https://seeded.app/ivory/network/1510,Quarterly brief uplink,True,2026-02-03 01:19:25,2026-02-19 06:33:27
1511,162,PJEG1U,https://opswise.net/jade/network/1511,Ops review beacon,True,2025-11-22 03:55:05,2025-12-14 03:14:55
1512,188,bQDRdq,https://example.com/tidy/garden/1512,Demo link river,True,2025-04-13 21:04:20,2025-05-01 22:53:57
1513,73,1L4g5C,https://relay.cloud/rapid/kernel/1513,Service guide canyon,False,2025-03-11 20:49:35,2025-08-23 01:17:53
1514,276,LJj9X7,https://opswise.net/brisk/journey/1514,Campaign page meadow,True,2025-02-10 09:04:41,2025-04-10 17:30:41
1515,126,VWvaZ1,https://seeded.app/quiet/pioneer/1515,Incident notes anchor,True,2025-12-18 01:22:16,2026-02-15 04:18:10
1516,296,XSKHPv,https://example.com/amber/signal/1516,Incident notes engine,True,2026-01-24 06:47:34,2026-02-17 11:41:03
1517,340,C4z7WG,https://seeded.app/urban/valley/1517,Service guide lagoon,True,2025-09-15 19:04:02,2026-01-30 07:13:02
1518,356,MzVLPh,https://hackstack.io/quiet/island/1518,Ops review journey,True,2025-02-18 01:31:20,2025-10-29 03:12:08
1519,250,876JFf,https://opswise.net/clear/canyon/1519,Service guide trail,True,2025-08-29 18:57:11,2025-10-08 18:06:43
1520,233,w2Uys9,https://acme.dev/tidy/meadow/1520,Incident notes yard,True,2025-07-10 15:35:58,2025-11-16 21:22:30
1521,331,QsSJOf,https://opswise.net/calm/quartz/1521,Status board anchor,True,2026-01-24 04:22:01,2026-02-08 07:04:50
1522,50,XOinAV,https://example.com/urban/canyon/1522,Status board meadow,True,2025-01-06 18:02:12,2025-09-12 03:49:07
1523,354,5QtngJ,https://opswise.net/urban/delta/1523,Launch deck beacon,True,2025-03-16 21:47:56,2025-09-11 08:40:57
1524,282,fgfA2K,https://acme.dev/lively/signal/1524,Alert feed canyon,True,2025-11-10 14:46:01,2025-12-14 16:50:47
1525,117,NCWCMm,https://hackstack.io/calm/zenith/1525,Campaign page journey,True,2025-01-19 09:11:51,2025-04-07 15:03:37
1526,373,B5q1v4,https://example.com/dawn/canyon/1526,Alert feed kernel,True,2026-01-27 13:14:12,2026-01-31 15:54:35
1527,26,61xf9w,https://relay.cloud/dawn/field/1527,Alert feed meadow,True,2025-08-07 23:02:11,2025-08-09 04:50:51
1528,167,kx76yx,https://example.com/clear/meadow/1528,Demo link journey,True,2025-10-30 19:08:35,2026-01-26 07:24:15
1529,37,Qw2hSh,https://acme.dev/gold/yard/1529,Incident notes trail,True,2025-06-05 07:41:24,2025-08-12 10:06:30
1530,80,2RRemZ,https://example.com/calm/network/1530,Service guide network,False,2025-03-31 00:17:47,2025-06-03 08:59:06
1531,245,uW9QVP,https://seeded.app/amber/river/1531,Campaign page pioneer,True,2025-09-09 13:15:16,2026-02-13 10:40:25
1532,397,XMddNu,https://seeded.app/urban/window/1532,Ops review network,True,2025-11-12 19:48:23,2026-02-13 17:15:14
1533,278,7Jrl4f,https://seeded.app/tidy/valley/1533,Campaign page network,True,2025-05-07 05:24:30,2025-07-13 04:24:41
1534,273,Fpwrlj,https://seeded.app/quiet/quartz/1534,Demo link valley,True,2025-01-19 09:20:39,2025-02-26 02:38:33
1535,274,lFwvq0,https://hackstack.io/keen/meadow/1535,Alert feed beacon,True,2025-12-19 05:24:32,2026-02-19 22:23:28
1536,3,FUbdjf,https://relay.cloud/quiet/pioneer/1536,Status board harvest,True,2025-11-23 15:02:59,2026-01-30 07:45:06
1537,85,sB2ah1,https://example.com/ember/harvest/1537,Incident notes kernel,True,2025-06-27 17:56:55,2025-11-02 04:58:30
1538,396,qYwwY5,https://opswise.net/dawn/yard/1538,Demo link yard,True,2026-02-09 11:56:20,2026-02-20 17:36:34
1539,206,ItF5ts,https://seeded.app/proud/meadow/1539,Roadmap update field,True,2025-06-01 02:29:59,2025-09-14 05:51:11
1540,259,czOvt1,https://relay.cloud/young/journey/1540,Quarterly brief kernel,True,2025-02-14 21:52:11,2026-01-16 15:13:21
1541,109,oXAUWQ,https://acme.dev/opal/anchor/1541,Ops review island,True,2026-01-12 10:14:09,2026-02-02 09:07:46
1542,190,VgcKbS,https://seeded.app/forest/island/1542,Roadmap update delta,True,2025-02-21 12:36:06,2025-10-20 11:12:14
1543,145,7lM7iQ,https://hackstack.io/navy/harvest/1543,Roadmap update yard,True,2025-07-23 19:40:47,2025-12-31 04:27:05
1544,225,3iWsnB,https://hackstack.io/amber/canyon/1544,Service guide meadow,True,2025-03-21 03:17:53,2025-09-17 22:40:20
1545,100,Nnp0Hn,https://opswise.net/harbor/trail/1545,Alert feed island,True,2025-03-06 02:28:50,2025-04-06 20:04:46
1546,114,5izatm,https://relay.cloud/clear/signal/1546,Alert feed pioneer,True,2026-01-28 04:44:26,2026-01-30 20:44:43
1547,62,GW0LMW,https://example.com/silver/uplink/1547,Alert feed island,False,2025-12-12 00:18:57,2026-01-20 13:57:43
1548,333,mTq1se,https://seeded.app/opal/engine/1548,Service guide river,True,2025-03-13 04:36:37,2025-09-12 20:16:50
1549,364,mohdqL,https://seeded.app/vivid/field/1549,Quarterly brief signal,True,2025-10-23 18:11:51,2025-11-07 23:34:47
1550,14,MFZ7hA,https://hackstack.io/navy/quartz/1550,Demo link kernel,True,2025-07-11 04:41:20,2025-09-21 14:52:39
1551,173,sMEev6,https://seeded.app/urban/river/1551,Status board delta,True,2026-02-12 01:08:11,2026-02-16 22:03:46
1552,89,zl9qg5,https://example.com/tidy/journey/1552,Incident notes window,True,2025-07-24 16:48:43,2025-10-07 09:31:40
1553,193,LJZrHn,https://seeded.app/gold/field/1553,Ops review canyon,True,2026-01-08 23:34:11,2026-02-16 01:07:02
1554,175,LOFVqD,https://example.com/opal/garden/1554,Status board quartz,True,2025-04-10 13:44:33,2025-06-10 01:30:46
1555,186,PVYAme,https://relay.cloud/young/quartz/1555,Quarterly brief lagoon,True,2025-03-31 23:27:51,2025-09-26 00:27:40
1556,372,5PRIen,https://seeded.app/amber/engine/1556,Ops review beacon,True,2025-09-11 12:38:41,2025-12-08 11:45:43
1557,118,oIIjme,https://acme.dev/mellow/river/1557,Status board uplink,True,2025-06-15 16:08:53,2026-02-03 16:13:39
1558,332,Eav5y6,https://example.com/clear/delta/1558,Incident notes garden,True,2025-02-16 09:12:12,2026-01-28 22:44:11
1559,195,obthUr,https://seeded.app/vivid/river/1559,Roadmap update delta,True,2025-11-21 02:11:02,2026-01-25 08:38:30
1560,85,kXR8CD,https://seeded.app/rapid/quartz/1560,Quarterly brief zenith,True,2025-08-12 04:04:37,2025-11-18 10:11:02
1561,22,upho75,https://example.com/silver/pioneer/1561,Incident notes valley,True,2025-02-25 10:17:47,2025-06-06 22:04:19
1562,82,z4atUc,https://acme.dev/quiet/journey/1562,Quarterly brief canyon,True,2025-05-01 04:51:53,2025-11-25 00:42:21
1563,85,bPK6Dn,https://acme.dev/opal/uplink/1563,Ops review canyon,True,2025-12-12 05:56:32,2026-01-23 09:36:43
1564,300,XXI1Rn,https://relay.cloud/proud/orbit/1564,Service guide yard,False,2025-06-22 04:46:24,2025-07-03 20:17:51
1565,197,NyimAE,https://acme.dev/ivory/lagoon/1565,Status board valley,True,2026-01-30 00:19:34,2026-02-05 10:24:23
1566,109,1qftTJ,https://seeded.app/ivory/network/1566,Campaign page journey,True,2025-08-09 04:23:13,2025-10-23 17:01:48
1567,238,wnA2XG,https://opswise.net/warm/valley/1567,Service guide island,True,2025-03-17 07:20:00,2025-09-18 05:57:32
1568,321,ynZvvx,https://example.com/warm/river/1568,Roadmap update anchor,True,2025-07-17 17:29:35,2026-02-16 02:30:25
1569,140,6CzLEw,https://hackstack.io/forest/pioneer/1569,Service guide uplink,True,2025-12-16 20:19:36,2026-01-20 05:32:54
1570,233,qlouZ7,https://relay.cloud/clear/field/1570,Quarterly brief island,True,2025-03-16 07:53:22,2025-04-19 05:33:21
1571,241,8L5A6U,https://acme.dev/warm/trail/1571,Ops review lagoon,True,2025-03-21 00:56:36,2026-02-04 17:12:34
1572,120,z1ta1n,https://hackstack.io/harbor/quartz/1572,Status board river,True,2025-11-19 02:34:14,2025-12-26 12:45:52
1573,39,RdzQlo,https://opswise.net/young/uplink/1573,Launch deck beacon,True,2025-09-17 18:37:13,2026-02-14 06:51:30
1574,380,jqXTwP,https://seeded.app/dawn/lagoon/1574,Alert feed engine,True,2025-10-31 09:26:47,2026-01-19 23:08:19
1575,153,F1T2aH,https://hackstack.io/rapid/garden/1575,Launch deck network,True,2025-08-14 20:47:01,2025-09-22 17:19:05
1576,202,ttaNDp,https://hackstack.io/mellow/harvest/1576,Alert feed river,True,2025-10-11 01:07:43,2026-02-13 16:49:09
1577,27,U90TFg,https://acme.dev/brisk/field/1577,Demo link harvest,True,2025-06-10 23:09:40,2025-09-13 19:59:03
1578,108,U8pSCo,https://opswise.net/mellow/delta/1578,Service guide trail,True,2025-12-25 10:05:08,2026-01-29 05:52:57
1579,23,O1emcW,https://seeded.app/tidy/harvest/1579,Launch deck harvest,True,2025-04-09 17:06:36,2025-09-24 14:15:16
1580,376,aftbtv,https://example.com/mellow/lagoon/1580,Roadmap update kernel,True,2025-07-12 08:13:22,2025-09-07 09:12:26
1581,216,KsmpSB,https://example.com/ivory/field/1581,Status board journey,False,2025-04-20 17:23:56,2025-10-23 15:04:25
1582,365,7m4tpX,https://opswise.net/tidy/yard/1582,Status board quartz,True,2025-05-11 15:58:01,2025-10-28 11:48:22
1583,44,VVgYwS,https://hackstack.io/navy/delta/1583,Launch deck valley,True,2025-04-30 16:38:29,2025-07-02 03:41:05
1584,6,LyGuZE,https://opswise.net/gold/delta/1584,Launch deck harvest,True,2025-11-10 00:28:36,2025-12-21 04:46:18
1585,274,jFlygu,https://seeded.app/calm/river/1585,Status board beacon,True,2025-06-27 13:27:57,2025-08-10 16:23:44
1586,49,LAKrC7,https://seeded.app/urban/valley/1586,Roadmap update field,True,2025-12-29 05:10:16,2026-01-28 07:31:36
1587,335,9Z2Vuu,https://hackstack.io/dawn/window/1587,Roadmap update valley,True,2025-08-18 00:23:22,2025-11-25 10:50:09
1588,71,2rN1Cp,https://opswise.net/mellow/river/1588,Roadmap update network,True,2025-09-09 12:53:40,2026-01-20 13:18:33
1589,239,4cfnMR,https://opswise.net/ivory/island/1589,Campaign page harvest,True,2025-07-10 17:00:48,2025-11-13 05:31:47
1590,338,K2S9On,https://relay.cloud/navy/garden/1590,Roadmap update yard,True,2025-08-28 06:01:33,2025-11-15 04:00:23
1591,225,mJuTUp,https://acme.dev/warm/network/1591,Status board trail,True,2025-12-21 20:21:17,2026-01-04 03:31:08
1592,195,IjVeEa,https://opswise.net/mellow/signal/1592,Incident notes beacon,True,2025-03-16 21:54:52,2026-01-04 06:39:24
1593,106,ZHhm2t,https://seeded.app/young/journey/1593,Campaign page pioneer,True,2025-06-03 16:17:59,2025-06-16 15:33:30
1594,314,dLOL5V,https://opswise.net/ivory/garden/1594,Campaign page uplink,True,2025-02-20 08:32:18,2025-07-18 14:47:57
1595,391,ToyII7,https://acme.dev/gold/journey/1595,Alert feed garden,True,2025-01-07 13:36:37,2025-12-23 17:15:35
1596,214,flMBAB,https://seeded.app/jade/window/1596,Status board uplink,True,2025-06-21 01:59:50,2025-12-27 15:32:37
1597,273,7MbjxX,https://relay.cloud/amber/harvest/1597,Roadmap update garden,True,2025-09-24 13:19:16,2026-01-03 12:12:52
1598,394,k2nIbP,https://relay.cloud/keen/journey/1598,Ops review window,False,2025-11-26 08:48:06,2026-02-19 14:13:59
1599,273,MrzG5z,https://acme.dev/calm/pioneer/1599,Launch deck trail,True,2025-01-14 10:51:12,2025-03-30 12:28:00
1600,38,QAzaT9,https://hackstack.io/lively/yard/1600,Ops review signal,True,2025-04-10 04:07:22,2025-12-26 22:31:11
1601,232,wNToKX,https://hackstack.io/calm/garden/1601,Launch deck zenith,True,2025-06-07 04:09:36,2025-08-24 16:07:23
1602,323,yHJyTh,https://relay.cloud/warm/delta/1602,Quarterly brief network,True,2025-06-08 18:40:36,2025-11-09 02:17:07
1603,315,lGG1El,https://hackstack.io/keen/garden/1603,Campaign page lagoon,True,2025-07-13 21:14:42,2025-07-15 23:12:41
1604,273,HXP1Cn,https://acme.dev/jade/orbit/1604,Quarterly brief zenith,True,2025-03-16 20:09:53,2025-09-28 19:55:27
1605,91,rcGVgh,https://relay.cloud/ember/meadow/1605,Roadmap update window,True,2025-03-22 15:25:13,2026-01-11 00:14:37
1606,189,1KNAt4,https://seeded.app/brisk/valley/1606,Roadmap update pioneer,True,2025-09-07 21:23:05,2025-10-04 11:46:09
1607,166,vGGfea,https://example.com/warm/network/1607,Service guide journey,True,2025-04-09 18:03:42,2025-07-04 20:56:13
1608,385,0lSlUu,https://acme.dev/jade/delta/1608,Launch deck quartz,True,2025-02-12 21:28:32,2025-03-25 10:58:07
1609,305,E0CuLt,https://relay.cloud/quiet/delta/1609,Roadmap update zenith,True,2025-02-11 17:25:05,2025-06-29 00:05:58
1610,45,QtyYcQ,https://seeded.app/warm/meadow/1610,Campaign page canyon,True,2025-09-03 23:50:41,2025-12-01 08:54:04
1611,12,YW0Iz6,https://seeded.app/jade/uplink/1611,Roadmap update network,True,2025-05-17 07:15:08,2025-11-01 04:24:21
1612,276,KtOmoM,https://hackstack.io/mellow/orbit/1612,Service guide engine,True,2025-03-07 12:40:20,2025-05-20 03:14:12
1613,347,db9tUH,https://relay.cloud/quiet/zenith/1613,Ops review network,True,2025-09-25 17:38:53,2025-10-15 22:31:15
1614,272,jSsRmL,https://seeded.app/jade/window/1614,Quarterly brief orbit,True,2025-01-17 00:09:47,2026-02-14 15:11:14
1615,219,horwVm,https://seeded.app/dawn/kernel/1615,Incident notes engine,False,2025-09-05 01:25:47,2025-11-30 21:52:40
1616,315,7Ew0of,https://opswise.net/cobalt/pioneer/1616,Campaign page zenith,True,2025-05-01 13:39:32,2025-08-19 18:34:40
1617,282,Rul2e1,https://hackstack.io/harbor/orbit/1617,Incident notes trail,True,2025-04-23 21:31:54,2025-05-08 13:32:55
1618,379,suSrZK,https://opswise.net/vivid/zenith/1618,Roadmap update delta,True,2025-03-29 02:06:47,2025-06-14 08:09:09
1619,392,CDRSaX,https://seeded.app/gold/signal/1619,Incident notes garden,True,2026-02-11 09:00:56,2026-02-16 19:57:11
1620,209,WFT3uI,https://seeded.app/cobalt/delta/1620,Roadmap update island,True,2025-07-31 03:28:31,2025-11-28 15:36:25
1621,97,AAHHsN,https://hackstack.io/amber/signal/1621,Campaign page lagoon,True,2026-01-10 19:49:17,2026-02-20 05:13:51
1622,278,iZ5F2j,https://acme.dev/rapid/canyon/1622,Incident notes pioneer,True,2025-10-13 08:00:04,2025-11-17 18:41:05
1623,51,ZG5eIi,https://seeded.app/harbor/orbit/1623,Demo link delta,True,2025-11-29 22:30:18,2026-01-06 09:35:19
1624,271,fj7pju,https://hackstack.io/dawn/uplink/1624,Service guide network,True,2025-01-23 08:35:40,2026-02-01 11:37:31
1625,193,xTeVQc,https://relay.cloud/lively/engine/1625,Launch deck river,True,2025-04-28 07:12:35,2025-05-19 07:48:21
1626,258,DIyorC,https://acme.dev/keen/canyon/1626,Ops review anchor,True,2025-03-27 15:31:56,2025-06-30 20:44:10
1627,309,x1nmiI,https://seeded.app/forest/garden/1627,Status board beacon,True,2025-05-27 19:56:50,2025-12-27 12:47:41
1628,262,uHAZyQ,https://hackstack.io/warm/yard/1628,Launch deck orbit,True,2026-01-23 12:55:52,2026-01-24 06:56:59
1629,123,YSetYC,https://seeded.app/opal/signal/1629,Status board delta,True,2025-02-13 06:33:47,2025-04-28 00:31:28
1630,271,k0qNnk,https://relay.cloud/ivory/quartz/1630,Quarterly brief meadow,True,2026-02-17 01:45:24,2026-02-19 01:18:16
1631,381,MIhCgA,https://hackstack.io/harbor/quartz/1631,Demo link kernel,True,2026-01-05 09:27:41,2026-01-13 18:18:16
1632,196,eRN3hi,https://hackstack.io/calm/garden/1632,Alert feed journey,False,2025-11-13 01:01:44,2026-02-17 23:15:12
1633,343,3Tg6nO,https://acme.dev/tidy/window/1633,Campaign page uplink,True,2025-07-13 04:25:11,2026-02-12 12:46:35
1634,227,JXQjzP,https://example.com/harbor/lagoon/1634,Demo link signal,True,2026-01-02 23:42:07,2026-01-20 20:40:20
1635,352,JpCdi7,https://relay.cloud/navy/kernel/1635,Incident notes network,True,2025-02-19 14:08:50,2025-07-18 02:05:21
1636,60,F40niY,https://opswise.net/quiet/journey/1636,Incident notes canyon,True,2025-10-21 05:14:09,2026-01-31 11:09:37
1637,305,nroi0N,https://relay.cloud/dawn/network/1637,Ops review uplink,True,2025-04-25 01:06:45,2025-04-28 08:13:50
1638,229,WMzvtg,https://acme.dev/urban/trail/1638,Launch deck yard,True,2025-01-09 18:44:14,2025-07-12 21:44:57
1639,148,uUPXAI,https://seeded.app/brisk/trail/1639,Status board delta,True,2025-10-25 10:45:40,2025-10-25 20:57:08
1640,228,aFSCeO,https://hackstack.io/jade/signal/1640,Incident notes uplink,True,2025-01-21 17:34:19,2025-02-02 10:03:06
1641,145,IE6mvk,https://opswise.net/tidy/meadow/1641,Campaign page canyon,True,2025-04-26 21:59:12,2026-02-17 18:22:35
1642,102,q3wf0H,https://hackstack.io/proud/anchor/1642,Campaign page canyon,True,2026-02-03 00:48:48,2026-02-12 08:53:26
1643,228,v6alXI,https://seeded.app/quiet/zenith/1643,Campaign page field,True,2025-06-13 20:04:18,2026-01-25 19:56:09
1644,1,rB3V1b,https://example.com/proud/anchor/1644,Quarterly brief trail,True,2025-07-19 14:50:46,2025-12-19 15:01:22
1645,382,trRmMs,https://example.com/ivory/quartz/1645,Status board harvest,True,2025-02-14 18:54:46,2026-01-24 12:17:57
1646,158,hZiN1j,https://relay.cloud/amber/kernel/1646,Service guide network,True,2025-12-25 08:46:56,2026-01-28 09:14:38
1647,357,xmm9cf,https://acme.dev/dawn/uplink/1647,Demo link trail,True,2025-09-30 06:53:16,2025-11-04 01:46:44
1648,251,ElhDME,https://example.com/harbor/canyon/1648,Campaign page trail,True,2025-02-04 12:47:00,2025-06-17 19:07:34
1649,177,uSMzxV,https://hackstack.io/jade/window/1649,Status board harvest,False,2025-10-07 18:25:25,2025-11-16 18:23:33
1650,247,eWUH3d,https://example.com/jade/pioneer/1650,Incident notes signal,True,2026-02-02 08:42:48,2026-02-03 18:38:46
1651,313,uto5sO,https://relay.cloud/tidy/river/1651,Launch deck river,True,2025-03-20 04:12:53,2025-09-19 00:41:01
1652,75,O7XYm4,https://relay.cloud/mellow/canyon/1652,Campaign page pioneer,True,2025-03-01 09:00:26,2025-04-28 10:51:35
1653,76,zyTCOH,https://relay.cloud/urban/harvest/1653,Alert feed trail,True,2026-01-01 09:05:30,2026-02-16 09:30:27
1654,377,XgT5wl,https://opswise.net/cobalt/beacon/1654,Incident notes quartz,True,2025-03-27 13:16:18,2025-08-28 07:01:37
1655,146,P6YT4L,https://relay.cloud/forest/valley/1655,Quarterly brief delta,True,2025-12-08 10:21:42,2026-01-31 05:17:08
1656,210,BQlwyY,https://opswise.net/ivory/lagoon/1656,Launch deck anchor,True,2026-01-19 08:30:57,2026-02-12 17:05:44
1657,219,fPDDm0,https://example.com/clear/meadow/1657,Service guide quartz,True,2025-06-25 12:45:27,2026-02-12 05:53:45
1658,238,ZKSlLM,https://relay.cloud/cobalt/harvest/1658,Roadmap update garden,True,2025-04-15 02:25:41,2025-10-03 18:29:47
1659,266,MsEGwu,https://acme.dev/cobalt/river/1659,Campaign page garden,True,2025-05-28 20:55:49,2025-10-18 08:38:20
1660,3,8OfOAG,https://acme.dev/lively/yard/1660,Demo link harvest,True,2025-10-28 09:23:09,2026-02-15 05:16:31
1661,234,sq9Wo3,https://example.com/silver/pioneer/1661,Alert feed kernel,True,2025-12-20 00:04:39,2026-01-19 11:26:51
1662,84,uwBsDs,https://hackstack.io/tidy/network/1662,Status board lagoon,True,2025-02-06 04:58:38,2025-06-18 11:10:55
1663,3,2OzouD,https://relay.cloud/urban/pioneer/1663,Campaign page meadow,True,2025-11-08 12:59:24,2025-12-24 23:22:23
1664,292,RF26BW,https://acme.dev/young/engine/1664,Alert feed island,True,2025-09-23 11:26:33,2026-01-03 13:09:31
1665,338,X8z0r7,https://relay.cloud/forest/valley/1665,Incident notes zenith,True,2025-12-03 20:09:50,2026-01-08 01:18:13
1666,89,rCaazs,https://example.com/silver/uplink/1666,Service guide island,False,2026-02-15 00:44:56,2026-02-17 01:01:23
1667,311,n5wdZV,https://acme.dev/calm/meadow/1667,Roadmap update canyon,True,2026-01-04 18:45:25,2026-01-21 01:18:35
1668,9,3gGFZq,https://acme.dev/quiet/field/1668,Service guide network,True,2025-06-08 15:58:03,2025-09-10 21:42:41
1669,163,4PSXlA,https://opswise.net/urban/garden/1669,Roadmap update lagoon,True,2025-02-01 03:47:25,2025-10-10 09:51:21
1670,50,m7XhdI,https://hackstack.io/warm/yard/1670,Service guide harvest,True,2025-09-22 17:57:51,2026-01-15 11:58:10
1671,328,qdWJxd,https://relay.cloud/ivory/engine/1671,Alert feed anchor,True,2025-07-08 06:14:11,2025-10-14 03:54:44
1672,392,mC6hzU,https://seeded.app/ivory/lagoon/1672,Campaign page window,True,2025-07-01 22:42:34,2025-11-01 01:01:51
1673,223,q0RV0b,https://relay.cloud/calm/anchor/1673,Alert feed engine,True,2025-01-17 17:55:10,2025-10-21 18:31:52
1674,384,himxCB,https://acme.dev/cobalt/signal/1674,Ops review canyon,True,2025-12-12 21:52:44,2026-01-27 00:41:10
1675,143,hanv4p,https://hackstack.io/calm/beacon/1675,Service guide beacon,True,2025-04-11 23:06:41,2025-11-19 17:50:32
1676,188,5FDTug,https://hackstack.io/amber/meadow/1676,Campaign page uplink,True,2025-08-07 23:52:12,2025-09-16 09:56:23
1677,230,x6jjlE,https://hackstack.io/forest/engine/1677,Launch deck valley,True,2025-02-09 23:35:37,2025-05-15 18:52:36
1678,139,1l55eQ,https://seeded.app/dawn/harvest/1678,Quarterly brief beacon,True,2025-01-11 21:30:30,2025-02-16 04:53:54
1679,379,IrGQGO,https://example.com/amber/canyon/1679,Roadmap update harvest,True,2025-05-04 10:43:55,2026-02-04 23:29:31
1680,149,kAtud3,https://example.com/young/yard/1680,Ops review orbit,True,2025-11-17 21:59:22,2025-12-25 16:55:02
1681,239,oO9JUl,https://hackstack.io/amber/window/1681,Campaign page field,True,2026-02-11 13:35:51,2026-02-18 15:19:28
1682,105,MTBVPV,https://example.com/quiet/lagoon/1682,Incident notes anchor,True,2025-03-17 07:04:25,2025-03-20 18:18:20
1683,379,U6M8Xf,https://relay.cloud/tidy/signal/1683,Service guide quartz,False,2026-01-03 10:16:51,2026-02-07 02:22:20
1684,170,X7LB8U,https://opswise.net/proud/meadow/1684,Demo link island,True,2025-01-28 03:09:39,2025-11-06 04:44:48
1685,296,luFEDq,https://hackstack.io/rapid/signal/1685,Incident notes orbit,True,2025-07-18 03:21:20,2025-10-17 18:31:21
1686,393,7UNQ8S,https://hackstack.io/cobalt/lagoon/1686,Demo link valley,True,2025-10-17 15:26:23,2025-11-23 01:36:49
1687,146,b0KXUU,https://seeded.app/amber/window/1687,Launch deck engine,True,2025-08-10 18:13:23,2026-02-17 18:48:01
1688,94,7MMJ41,https://seeded.app/gold/yard/1688,Service guide uplink,True,2026-01-27 14:03:18,2026-01-27 22:31:02
1689,321,QrK6br,https://example.com/opal/beacon/1689,Alert feed harvest,True,2025-02-25 15:28:12,2025-06-22 22:35:09
1690,200,0WDpi2,https://relay.cloud/ivory/network/1690,Incident notes quartz,True,2025-10-18 17:54:18,2026-01-19 20:31:31
1691,389,gw6ePg,https://hackstack.io/quiet/anchor/1691,Alert feed valley,True,2026-01-15 19:09:24,2026-01-29 18:01:29
1692,333,sQI8tD,https://example.com/brisk/window/1692,Demo link canyon,True,2025-07-03 05:16:07,2026-01-04 05:29:59
1693,80,ukY6Rl,https://opswise.net/dawn/trail/1693,Service guide harvest,True,2025-01-14 15:44:38,2025-08-13 19:42:34
1694,51,9nuvyO,https://relay.cloud/keen/island/1694,Incident notes signal,True,2025-05-02 04:49:00,2025-08-04 08:59:55
1695,4,XeVQr7,https://acme.dev/ember/beacon/1695,Demo link uplink,True,2025-01-22 17:26:45,2025-12-14 01:44:51
1696,197,1PefWz,https://relay.cloud/dawn/garden/1696,Quarterly brief island,True,2026-01-22 06:19:11,2026-02-03 13:26:12
1697,168,LRQQpW,https://example.com/dawn/island/1697,Ops review uplink,True,2025-05-09 09:03:43,2025-12-22 22:12:40
1698,210,ZE1BQJ,https://example.com/forest/network/1698,Demo link kernel,True,2025-07-29 16:26:32,2025-11-23 00:28:44
1699,318,SuEe1R,https://hackstack.io/warm/river/1699,Ops review valley,True,2025-04-16 03:35:06,2025-11-08 18:39:49
1700,352,CqFzQI,https://acme.dev/brisk/trail/1700,Service guide anchor,False,2025-08-05 10:33:45,2025-08-24 20:21:06
1701,376,WPpYjc,https://hackstack.io/vivid/island/1701,Status board pioneer,True,2025-04-02 03:16:03,2025-09-29 12:13:46
1702,145,oV6z82,https://relay.cloud/clear/engine/1702,Status board anchor,True,2025-10-30 04:16:22,2025-11-30 17:33:53
1703,5,qDuLMk,https://acme.dev/gold/signal/1703,Quarterly brief window,True,2026-01-17 11:02:28,2026-01-23 12:59:27
1704,385,Tihw9c,https://example.com/amber/anchor/1704,Launch deck yard,True,2025-06-21 12:43:35,2026-01-20 05:41:26
1705,18,pKMj7Y,https://seeded.app/silver/uplink/1705,Alert feed delta,True,2025-04-01 13:06:58,2025-06-01 22:10:57
1706,177,xsG0uS,https://acme.dev/opal/island/1706,Service guide lagoon,True,2025-05-05 16:25:05,2025-10-19 01:11:11
1707,133,bfNN0K,https://example.com/silver/orbit/1707,Incident notes delta,True,2025-04-24 02:05:57,2026-02-05 14:40:52
1708,253,pVEHlR,https://acme.dev/quiet/river/1708,Roadmap update yard,True,2025-08-22 07:48:12,2025-12-05 06:04:22
1709,338,whl6GD,https://example.com/keen/valley/1709,Alert feed harvest,True,2026-01-05 10:06:47,2026-02-18 15:13:06
1710,257,WSRyRW,https://seeded.app/calm/field/1710,Demo link island,True,2026-01-19 17:37:20,2026-01-30 07:45:25
1711,25,QJhurJ,https://hackstack.io/dawn/zenith/1711,Quarterly brief quartz,True,2025-08-18 05:45:25,2025-11-19 16:57:04
1712,170,yF22TU,https://hackstack.io/opal/engine/1712,Demo link beacon,True,2025-07-30 15:13:30,2025-10-02 19:53:55
1713,387,qeqKsL,https://example.com/urban/lagoon/1713,Status board kernel,True,2025-03-07 07:02:48,2025-04-27 17:28:41
1714,173,f7Gk2T,https://relay.cloud/jade/lagoon/1714,Launch deck trail,True,2026-01-18 17:02:16,2026-02-04 21:40:10
1715,160,VQgIde,https://example.com/harbor/lagoon/1715,Launch deck orbit,True,2025-09-13 19:03:18,2026-01-01 15:12:05
1716,308,jGf22O,https://example.com/harbor/garden/1716,Ops review engine,True,2025-06-18 01:21:27,2026-02-01 15:33:24
1717,10,X5ydNE,https://relay.cloud/mellow/anchor/1717,Launch deck zenith,False,2025-01-23 07:32:23,2025-06-14 18:19:59
1718,211,9XNC3C,https://hackstack.io/forest/valley/1718,Service guide orbit,True,2025-05-03 04:25:46,2025-06-30 16:56:53
1719,70,QPUDvC,https://example.com/proud/zenith/1719,Service guide garden,True,2025-09-21 11:31:56,2025-12-18 20:12:03
1720,369,UK2rj7,https://seeded.app/navy/journey/1720,Roadmap update harvest,True,2025-02-07 10:02:36,2025-03-16 06:52:52
1721,285,6Sr3Mi,https://hackstack.io/young/journey/1721,Demo link yard,True,2025-05-19 19:54:39,2025-05-20 20:12:23
1722,151,wK6AFB,https://opswise.net/tidy/river/1722,Alert feed engine,True,2025-07-19 02:48:20,2025-08-15 00:05:07
1723,163,uurztX,https://relay.cloud/rapid/window/1723,Service guide yard,True,2025-03-07 21:44:52,2025-04-23 03:51:22
1724,66,SGnY9N,https://example.com/dawn/meadow/1724,Campaign page river,True,2025-12-08 18:03:46,2026-02-01 17:31:23
1725,259,tSempZ,https://opswise.net/forest/trail/1725,Campaign page journey,True,2025-11-07 13:35:57,2025-11-13 17:38:48
1726,330,PLTlcc,https://hackstack.io/proud/river/1726,Quarterly brief quartz,True,2026-02-07 01:52:26,2026-02-07 06:26:15
1727,308,NW0FVD,https://relay.cloud/gold/river/1727,Ops review journey,True,2025-07-02 01:55:40,2026-02-05 13:42:14
1728,165,dWgUnx,https://example.com/warm/orbit/1728,Quarterly brief pioneer,True,2025-03-15 21:07:49,2025-03-19 20:42:59
1729,219,7bM3tm,https://acme.dev/ember/river/1729,Campaign page quartz,True,2025-06-26 20:01:21,2025-07-24 14:43:22
1730,23,wcWpZf,https://hackstack.io/tidy/trail/1730,Status board field,True,2025-09-15 08:44:00,2025-10-27 17:30:44
1731,360,ex1FNK,https://example.com/lively/valley/1731,Ops review orbit,True,2025-03-05 09:27:14,2025-03-30 10:21:42
1732,153,y0dtze,https://acme.dev/tidy/island/1732,Roadmap update network,True,2025-03-01 12:58:48,2025-09-08 11:54:29
1733,281,oy6dBk,https://example.com/harbor/island/1733,Launch deck harvest,True,2025-03-08 12:53:41,2025-05-22 03:06:50
1734,382,c4dI9q,https://hackstack.io/forest/harvest/1734,Launch deck quartz,False,2026-01-11 08:35:06,2026-01-25 15:48:05
1735,327,HoiuGT,https://acme.dev/quiet/journey/1735,Demo link anchor,True,2025-04-02 05:58:31,2025-08-04 17:22:50
1736,294,NVBrZt,https://seeded.app/brisk/orbit/1736,Incident notes yard,True,2025-03-18 23:09:49,2025-09-25 00:42:52
1737,366,nMFpw9,https://acme.dev/young/anchor/1737,Status board lagoon,True,2025-06-25 14:32:28,2025-08-30 16:40:32
1738,286,h28VUg,https://opswise.net/tidy/river/1738,Roadmap update zenith,True,2025-07-27 20:16:42,2025-10-04 18:05:51
1739,379,DVRhXu,https://seeded.app/rapid/river/1739,Alert feed pioneer,True,2026-02-15 00:29:08,2026-02-17 12:38:23
1740,92,snfqa5,https://opswise.net/clear/engine/1740,Campaign page yard,True,2025-07-08 12:35:12,2025-09-14 14:27:44
1741,247,eDSqwA,https://opswise.net/warm/uplink/1741,Service guide meadow,True,2025-11-29 16:31:58,2025-12-04 15:08:59
1742,108,INEgVd,https://opswise.net/ivory/engine/1742,Incident notes zenith,True,2025-04-01 02:41:54,2025-09-03 23:02:48
1743,392,a50vpR,https://seeded.app/forest/island/1743,Ops review kernel,True,2025-04-26 00:21:38,2026-02-06 06:32:15
1744,393,cJFlfd,https://acme.dev/ember/orbit/1744,Roadmap update journey,True,2025-06-16 01:39:21,2025-08-09 00:47:29
1745,51,B4mMPZ,https://hackstack.io/urban/river/1745,Status board valley,True,2025-02-16 06:52:18,2025-08-13 17:18:33
1746,143,51Gn46,https://hackstack.io/brisk/meadow/1746,Ops review anchor,True,2025-01-08 15:11:11,2025-05-10 03:17:15
1747,183,LodG2v,https://seeded.app/dawn/trail/1747,Incident notes lagoon,True,2025-01-02 23:50:56,2025-03-09 19:16:25
1748,55,xJKThn,https://seeded.app/opal/orbit/1748,Ops review window,True,2025-07-05 18:07:40,2025-07-14 13:40:27
1749,252,rCpTzs,https://example.com/rapid/valley/1749,Quarterly brief orbit,True,2025-09-01 21:28:19,2025-11-12 23:17:07
1750,305,GZixqg,https://example.com/silver/pioneer/1750,Campaign page pioneer,True,2025-02-09 18:25:17,2025-04-14 14:01:04
1751,223,O8Esc0,https://hackstack.io/cobalt/river/1751,Alert feed uplink,False,2025-09-21 12:19:28,2026-02-12 08:40:50
1752,331,SPLfHu,https://relay.cloud/clear/trail/1752,Campaign page yard,True,2025-11-14 08:58:26,2026-01-10 00:24:10
1753,353,Ajx61f,https://example.com/rapid/trail/1753,Incident notes river,True,2026-02-01 12:15:05,2026-02-04 00:21:50
1754,28,kZXxEa,https://example.com/vivid/trail/1754,Ops review signal,True,2025-09-28 12:10:00,2025-12-18 06:25:15
1755,49,1r0sin,https://seeded.app/calm/meadow/1755,Roadmap update zenith,True,2025-03-02 00:10:56,2025-11-26 23:53:51
1756,390,3DP9aT,https://acme.dev/ember/journey/1756,Status board quartz,True,2025-03-16 19:13:25,2025-08-16 06:57:53
1757,239,5CIyjS,https://hackstack.io/clear/meadow/1757,Launch deck anchor,True,2025-03-10 08:51:07,2025-10-29 23:42:09
1758,80,FaPdGV,https://hackstack.io/ivory/trail/1758,Alert feed zenith,True,2025-11-29 01:56:43,2025-12-08 16:01:52
1759,395,nRL6J5,https://hackstack.io/warm/zenith/1759,Launch deck uplink,True,2025-11-22 02:08:15,2025-12-18 19:39:19
1760,254,MHvJAK,https://example.com/tidy/network/1760,Quarterly brief valley,True,2025-04-13 20:00:38,2026-02-08 10:01:17
1761,202,ipdcIF,https://acme.dev/silver/orbit/1761,Incident notes quartz,True,2025-02-05 08:59:19,2025-03-26 19:20:27
1762,93,kHFRoy,https://example.com/clear/island/1762,Status board trail,True,2025-12-17 22:10:42,2026-02-19 14:06:44
1763,344,Gn0UwC,https://hackstack.io/ember/kernel/1763,Launch deck window,True,2025-04-18 07:18:44,2025-05-31 14:16:11
1764,317,O5Y7og,https://opswise.net/jade/garden/1764,Incident notes signal,True,2025-12-28 20:57:28,2026-01-11 10:55:29
1765,180,PkC7aO,https://relay.cloud/quiet/meadow/1765,Ops review zenith,True,2025-04-26 13:29:04,2025-10-01 14:16:39
1766,161,bmDYlg,https://opswise.net/opal/trail/1766,Service guide zenith,True,2025-03-09 11:31:03,2025-12-07 09:44:29
1767,24,37VONh,https://example.com/jade/river/1767,Quarterly brief trail,True,2025-08-28 18:50:52,2026-02-03 23:21:52
1768,284,JPdb5v,https://seeded.app/navy/meadow/1768,Ops review beacon,False,2025-12-07 08:45:58,2026-01-30 18:51:48
1769,336,nc2r7i,https://seeded.app/gold/river/1769,Alert feed orbit,True,2025-03-14 10:12:56,2026-02-06 06:03:00
1770,339,igeWzt,https://opswise.net/lively/anchor/1770,Ops review quartz,True,2025-11-02 02:00:28,2025-11-03 20:58:56
1771,204,QiFgw3,https://acme.dev/mellow/island/1771,Campaign page uplink,True,2025-03-07 22:02:06,2026-02-18 09:17:45
1772,279,yNzlwW,https://seeded.app/navy/window/1772,Demo link canyon,True,2025-05-28 07:52:27,2025-09-11 02:56:54
1773,17,skMPQX,https://opswise.net/amber/signal/1773,Ops review trail,True,2025-01-12 20:12:05,2025-11-18 18:51:34
1774,180,wXWCjb,https://seeded.app/calm/field/1774,Alert feed journey,True,2025-12-30 09:33:12,2026-02-17 07:34:24
1775,68,1uy9jg,https://opswise.net/urban/uplink/1775,Alert feed delta,True,2025-01-20 11:30:52,2025-07-06 14:03:25
1776,331,PHxj2t,https://opswise.net/forest/trail/1776,Incident notes pioneer,True,2025-08-07 15:27:41,2025-09-13 23:20:19
1777,390,J2MgXy,https://hackstack.io/silver/orbit/1777,Roadmap update river,True,2025-11-09 02:59:45,2025-12-17 14:12:35
1778,374,7vxz2B,https://example.com/amber/canyon/1778,Incident notes engine,True,2025-03-24 12:01:39,2025-10-25 04:30:36
1779,394,NnV1H7,https://example.com/dawn/signal/1779,Service guide field,True,2025-02-05 03:51:37,2025-10-19 10:04:28
1780,35,6xbIyo,https://acme.dev/warm/field/1780,Roadmap update valley,True,2025-08-14 18:25:55,2025-12-29 23:22:48
1781,1,QN92wj,https://relay.cloud/harbor/journey/1781,Alert feed engine,True,2025-03-02 01:45:53,2025-03-09 04:29:34
1782,3,WGc42R,https://seeded.app/jade/meadow/1782,Quarterly brief signal,True,2025-08-14 23:02:31,2025-08-29 15:02:45
1783,316,ka0XgV,https://hackstack.io/harbor/kernel/1783,Launch deck yard,True,2025-03-15 19:37:25,2025-10-27 00:01:42
1784,173,KOZEaA,https://hackstack.io/young/yard/1784,Campaign page garden,True,2025-04-26 22:48:58,2025-05-05 12:41:33
1785,104,RQCc6Z,https://relay.cloud/mellow/orbit/1785,Demo link canyon,False,2026-02-02 10:36:22,2026-02-15 21:57:15
1786,200,LQRI8i,https://hackstack.io/clear/field/1786,Status board anchor,True,2025-05-16 17:43:40,2025-05-23 08:29:50
1787,108,5SkDpP,https://hackstack.io/forest/harvest/1787,Roadmap update kernel,True,2025-02-05 10:35:03,2025-04-01 07:16:29
1788,244,fv6I6d,https://relay.cloud/harbor/field/1788,Incident notes engine,True,2025-02-15 02:43:40,2025-10-15 20:02:57
1789,166,zlHIGZ,https://example.com/ember/signal/1789,Quarterly brief quartz,True,2025-02-18 00:04:57,2026-02-09 16:22:36
1790,283,SD7F5V,https://acme.dev/vivid/valley/1790,Launch deck trail,True,2025-10-28 13:36:55,2025-12-31 06:53:39
1791,211,yA5w8P,https://relay.cloud/brisk/journey/1791,Campaign page anchor,True,2025-11-24 22:48:41,2025-12-12 09:38:38
1792,400,4fo3r5,https://acme.dev/young/trail/1792,Status board canyon,True,2025-05-23 00:56:40,2025-10-13 22:05:16
1793,55,CQwhcA,https://hackstack.io/jade/journey/1793,Ops review uplink,True,2025-02-24 19:01:48,2026-01-21 08:53:13
1794,230,K2IkGt,https://acme.dev/forest/valley/1794,Demo link orbit,True,2026-01-17 10:34:08,2026-02-18 20:46:04
1795,115,ityRty,https://example.com/quiet/meadow/1795,Service guide engine,True,2025-10-10 14:28:46,2025-10-22 11:08:15
1796,329,Nphyv6,https://acme.dev/jade/pioneer/1796,Ops review network,True,2025-01-15 14:29:50,2025-06-26 00:04:41
1797,244,ZtXItU,https://example.com/dawn/pioneer/1797,Roadmap update network,True,2025-10-22 08:24:43,2025-12-06 23:00:52
1798,339,T7bRK2,https://hackstack.io/young/valley/1798,Incident notes signal,True,2025-01-06 07:32:34,2025-01-25 11:52:19
1799,109,pgAx40,https://hackstack.io/tidy/valley/1799,Roadmap update field,True,2025-02-17 02:13:38,2025-05-13 13:01:28
1800,396,Zza03M,https://seeded.app/keen/beacon/1800,Status board harvest,True,2025-11-08 06:31:22,2026-02-11 06:25:36
1801,323,GZwmxq,https://seeded.app/lively/island/1801,Alert feed island,True,2025-11-27 03:27:00,2026-01-19 17:10:01
1802,371,AQx3ym,https://acme.dev/jade/pioneer/1802,Demo link journey,False,2025-09-05 12:08:41,2025-12-23 12:21:37
1803,23,IfTQve,https://example.com/harbor/kernel/1803,Quarterly brief engine,True,2025-10-10 07:35:54,2025-12-09 12:25:26
1804,185,uMjMzg,https://relay.cloud/opal/pioneer/1804,Status board field,True,2025-10-20 20:35:32,2025-12-05 09:54:44
1805,297,kLhpSu,https://example.com/warm/window/1805,Demo link lagoon,True,2025-09-21 09:26:02,2026-02-03 12:20:21
1806,4,PTOsOv,https://example.com/forest/journey/1806,Status board quartz,True,2025-02-25 19:29:22,2025-09-16 09:56:40
1807,206,5Dy1ML,https://example.com/gold/yard/1807,Campaign page river,True,2025-03-21 00:40:52,2025-04-02 22:40:44
1808,17,3IRzHW,https://relay.cloud/calm/beacon/1808,Service guide field,True,2025-07-29 07:18:16,2025-12-19 20:46:29
1809,51,p16Okh,https://opswise.net/tidy/zenith/1809,Demo link valley,True,2025-09-30 21:55:48,2025-12-11 15:16:16
1810,138,DCFNzY,https://acme.dev/forest/pioneer/1810,Campaign page orbit,True,2025-02-25 18:18:04,2025-06-11 05:37:14
1811,386,48jVrF,https://hackstack.io/tidy/lagoon/1811,Status board yard,True,2025-02-16 16:24:10,2025-11-05 06:33:24
1812,88,Eh1bsG,https://relay.cloud/urban/field/1812,Campaign page anchor,True,2025-08-23 13:53:27,2025-11-07 23:36:44
1813,285,AhsKIC,https://seeded.app/gold/network/1813,Demo link anchor,True,2025-11-11 17:53:23,2026-01-26 03:14:42
1814,191,ku914I,https://acme.dev/rapid/harvest/1814,Roadmap update network,True,2025-08-17 21:55:23,2026-01-23 05:47:18
1815,169,mrw78C,https://opswise.net/ember/signal/1815,Launch deck harvest,True,2025-09-02 14:02:24,2026-01-01 07:18:45
1816,202,RVcDFM,https://seeded.app/quiet/anchor/1816,Launch deck anchor,True,2025-12-15 10:11:10,2026-01-24 15:19:44
1817,79,hYFFmf,https://example.com/gold/network/1817,Incident notes quartz,True,2026-01-08 16:46:32,2026-01-11 18:27:14
1818,2,PqiSBk,https://opswise.net/amber/anchor/1818,Demo link anchor,True,2025-07-30 05:00:22,2025-08-22 04:28:06
1819,365,RRGTeR,https://seeded.app/mellow/pioneer/1819,Service guide beacon,False,2025-12-07 09:41:53,2026-01-04 01:10:20
1820,399,JJquDY,https://relay.cloud/silver/beacon/1820,Ops review island,True,2025-11-12 11:02:58,2025-12-14 14:03:13
1821,359,2xvdGa,https://hackstack.io/lively/yard/1821,Service guide engine,True,2025-04-29 20:07:51,2025-10-23 11:27:53
1822,335,meppBk,https://seeded.app/keen/uplink/1822,Launch deck kernel,True,2025-02-17 11:18:16,2025-06-24 23:26:49
1823,338,Ymo2Vq,https://acme.dev/cobalt/journey/1823,Status board anchor,True,2025-05-22 00:33:53,2025-06-22 13:11:14
1824,341,og8oY6,https://hackstack.io/silver/journey/1824,Status board valley,True,2025-07-13 20:21:23,2026-01-22 05:30:01
1825,63,6CjJ03,https://seeded.app/lively/meadow/1825,Status board network,True,2025-01-30 11:20:34,2025-03-12 02:13:45
1826,137,1jlduN,https://relay.cloud/opal/kernel/1826,Campaign page engine,True,2025-03-21 07:51:35,2025-04-28 06:05:45
1827,77,bR5ojY,https://hackstack.io/gold/signal/1827,Launch deck network,True,2025-06-18 13:11:05,2025-07-31 18:07:22
1828,158,bCJd8D,https://relay.cloud/gold/pioneer/1828,Service guide beacon,True,2025-11-24 02:05:57,2025-12-09 00:51:23
1829,344,nYCos8,https://seeded.app/opal/orbit/1829,Ops review canyon,True,2025-03-16 22:57:16,2025-07-25 06:55:36
1830,386,74IrVt,https://opswise.net/navy/engine/1830,Demo link trail,True,2026-01-04 11:50:42,2026-01-12 02:01:31
1831,110,K6LDfd,https://relay.cloud/forest/garden/1831,Demo link island,True,2025-03-07 20:28:10,2025-03-18 00:26:44
1832,258,MITsfg,https://example.com/calm/signal/1832,Quarterly brief river,True,2025-03-25 21:40:57,2025-09-06 19:40:43
1833,82,0h9Gf9,https://hackstack.io/mellow/river/1833,Demo link window,True,2025-10-11 09:08:53,2025-12-01 09:43:05
1834,221,UHykPD,https://opswise.net/gold/kernel/1834,Service guide river,True,2025-12-26 06:24:06,2026-02-11 05:44:34
1835,140,Q5Tbfy,https://example.com/ivory/river/1835,Demo link field,True,2025-09-09 10:09:08,2025-11-10 03:01:28
1836,47,z8M08S,https://relay.cloud/jade/journey/1836,Incident notes meadow,False,2025-01-20 01:19:59,2025-12-24 11:09:15
1837,311,PiUeb1,https://relay.cloud/clear/uplink/1837,Alert feed quartz,True,2025-07-18 12:56:00,2025-11-10 10:56:24
1838,336,ViQzCe,https://example.com/silver/kernel/1838,Demo link garden,True,2025-09-11 17:12:05,2025-11-27 20:24:40
1839,45,1xIsDy,https://acme.dev/quiet/engine/1839,Status board delta,True,2026-02-12 08:35:03,2026-02-13 14:19:57
1840,350,vQTNui,https://opswise.net/quiet/zenith/1840,Campaign page lagoon,True,2025-12-12 22:51:42,2026-02-04 23:15:00
1841,254,IZTGCC,https://example.com/clear/island/1841,Alert feed harvest,True,2026-02-16 11:23:41,2026-02-17 12:17:13
1842,269,w1wpaR,https://acme.dev/opal/lagoon/1842,Alert feed orbit,True,2025-01-05 12:11:34,2025-04-15 11:12:13
1843,301,QVHD7B,https://acme.dev/rapid/journey/1843,Alert feed lagoon,True,2025-02-11 18:47:40,2025-06-16 15:35:04
1844,127,cLBDFm,https://acme.dev/vivid/meadow/1844,Campaign page signal,True,2025-02-06 11:23:28,2025-10-11 10:42:54
1845,301,AfDxAk,https://seeded.app/proud/valley/1845,Incident notes engine,True,2025-01-12 11:22:44,2025-10-03 04:33:17
1846,235,LYsJ5A,https://hackstack.io/ember/canyon/1846,Demo link harvest,True,2025-12-21 19:02:29,2026-02-09 22:09:39
1847,148,dQA2RQ,https://seeded.app/mellow/canyon/1847,Incident notes network,True,2026-02-14 03:58:37,2026-02-20 15:18:27
1848,133,XMvs66,https://example.com/rapid/orbit/1848,Campaign page engine,True,2025-10-14 17:51:24,2026-02-05 05:20:01
1849,287,B12eAM,https://example.com/warm/island/1849,Roadmap update uplink,True,2025-08-18 14:26:18,2025-10-12 00:56:14
1850,306,vPI0Em,https://example.com/gold/journey/1850,Status board canyon,True,2025-02-14 22:32:27,2025-05-26 00:07:32
1851,301,IRrSO3,https://hackstack.io/amber/garden/1851,Status board network,True,2025-11-18 05:42:57,2026-01-19 06:25:15
1852,223,gQmgdK,https://relay.cloud/warm/uplink/1852,Launch deck field,True,2025-07-25 17:25:30,2025-08-24 04:51:11
1853,32,UyerfZ,https://relay.cloud/calm/quartz/1853,Incident notes garden,False,2025-01-09 08:45:36,2025-07-29 18:38:33
1854,56,ALZ7z6,https://seeded.app/brisk/trail/1854,Roadmap update kernel,True,2025-02-11 06:46:27,2025-09-10 16:40:53
1855,317,YooPYv,https://example.com/harbor/pioneer/1855,Status board delta,True,2025-08-06 04:36:39,2025-10-02 13:25:21
1856,335,B0bVWj,https://relay.cloud/ivory/meadow/1856,Service guide quartz,True,2026-01-05 22:33:53,2026-01-16 09:12:42
1857,86,Tx2DZF,https://seeded.app/navy/pioneer/1857,Demo link window,True,2025-06-09 06:45:30,2025-08-13 12:38:13
1858,351,X6iOhx,https://seeded.app/rapid/harvest/1858,Service guide signal,True,2025-05-14 20:26:19,2026-02-11 04:18:16
1859,319,7pRgc8,https://example.com/ivory/island/1859,Roadmap update engine,True,2025-11-20 14:04:07,2025-12-14 16:10:54
1860,95,rcKs19,https://hackstack.io/quiet/network/1860,Status board island,True,2026-02-20 11:02:53,2026-02-20 11:39:48
1861,255,21gxh9,https://seeded.app/harbor/beacon/1861,Ops review network,True,2025-11-05 22:24:03,2026-01-19 14:09:40
1862,221,8pe5fr,https://relay.cloud/cobalt/kernel/1862,Quarterly brief delta,True,2026-01-13 07:21:03,2026-01-26 05:53:44
1863,162,ynDbIt,https://relay.cloud/cobalt/journey/1863,Demo link engine,True,2025-12-11 07:14:28,2025-12-24 15:33:29
1864,170,UsIHeG,https://opswise.net/tidy/island/1864,Incident notes canyon,True,2025-11-12 07:27:44,2026-01-10 08:09:43
1865,67,65iUEm,https://example.com/tidy/river/1865,Incident notes network,True,2025-11-23 05:24:10,2025-12-18 19:38:50
1866,79,wdAbNL,https://relay.cloud/young/garden/1866,Roadmap update signal,True,2025-05-14 07:49:42,2025-07-06 19:48:51
1867,151,XjkXRx,https://relay.cloud/gold/field/1867,Roadmap update orbit,True,2025-12-20 15:33:03,2026-01-20 19:28:03
1868,18,XL4Lng,https://example.com/calm/canyon/1868,Campaign page engine,True,2025-09-28 01:33:12,2025-11-22 03:53:54
1869,393,bwopfE,https://acme.dev/harbor/canyon/1869,Incident notes meadow,True,2025-01-24 03:25:20,2025-02-24 23:46:35
1870,225,jB2chO,https://hackstack.io/jade/lagoon/1870,Incident notes signal,False,2025-05-12 07:45:01,2025-08-30 16:33:25
1871,389,fDS56w,https://opswise.net/keen/kernel/1871,Ops review valley,True,2025-04-24 16:44:21,2025-08-06 10:16:10
1872,352,0zGmFv,https://seeded.app/ivory/kernel/1872,Status board canyon,True,2025-01-25 20:17:21,2025-05-29 06:17:15
1873,8,a5coTy,https://example.com/ember/kernel/1873,Ops review field,True,2025-03-30 15:05:19,2026-02-13 01:29:03
1874,223,mUo5ON,https://hackstack.io/harbor/orbit/1874,Quarterly brief yard,True,2025-01-11 08:40:08,2025-06-27 21:26:31
1875,265,IbxBYW,https://opswise.net/silver/anchor/1875,Alert feed harvest,True,2026-01-15 05:14:24,2026-01-29 06:41:50
1876,169,AKG7yX,https://opswise.net/dawn/island/1876,Incident notes river,True,2025-11-02 22:41:15,2025-11-08 12:49:31
1877,397,DlCyyu,https://relay.cloud/silver/quartz/1877,Campaign page engine,True,2026-01-26 09:32:24,2026-02-10 03:35:18
1878,118,pmE5Le,https://example.com/brisk/window/1878,Incident notes trail,True,2025-05-24 10:44:50,2025-10-15 01:33:58
1879,10,hVVtuX,https://relay.cloud/mellow/beacon/1879,Demo link beacon,True,2025-05-24 12:43:23,2025-09-05 08:25:01
1880,44,DTyLVG,https://opswise.net/keen/journey/1880,Roadmap update kernel,True,2025-03-08 08:14:42,2025-09-01 11:06:20
1881,30,bnh7qZ,https://relay.cloud/tidy/yard/1881,Demo link trail,True,2025-03-14 03:07:12,2025-08-03 06:34:33
1882,198,M0S210,https://hackstack.io/dawn/kernel/1882,Status board harvest,True,2026-01-09 12:02:02,2026-01-17 03:57:29
1883,24,KIdE0o,https://hackstack.io/ivory/river/1883,Incident notes garden,True,2025-12-25 22:22:13,2026-01-08 22:21:27
1884,138,mo5LVq,https://opswise.net/dawn/orbit/1884,Status board field,True,2025-07-08 08:11:29,2025-08-11 17:43:26
1885,219,Y4r3jc,https://relay.cloud/ember/kernel/1885,Service guide network,True,2025-11-07 22:25:02,2026-01-03 19:52:13
1886,353,exGc3T,https://opswise.net/ember/engine/1886,Demo link engine,True,2025-06-15 18:05:18,2025-08-12 15:28:13
1887,18,1dsoKx,https://example.com/amber/engine/1887,Launch deck engine,False,2025-04-13 23:34:26,2025-06-25 17:09:20
1888,141,dd1AaD,https://opswise.net/harbor/valley/1888,Ops review journey,True,2025-11-07 16:47:54,2026-01-17 00:03:03
1889,283,HsI8xQ,https://seeded.app/keen/kernel/1889,Status board harvest,True,2025-11-19 23:32:16,2025-12-30 22:46:15
1890,292,HhMure,https://relay.cloud/urban/zenith/1890,Ops review network,True,2025-11-12 13:52:23,2026-01-19 02:55:29
1891,40,VvQGzO,https://relay.cloud/mellow/signal/1891,Campaign page field,True,2026-01-03 07:06:47,2026-02-18 23:36:59
1892,341,Gfouvk,https://hackstack.io/forest/signal/1892,Incident notes engine,True,2025-02-05 03:21:44,2025-07-03 04:00:22
1893,396,cAXM45,https://hackstack.io/young/journey/1893,Alert feed field,True,2025-05-07 11:41:34,2025-10-01 19:33:45
1894,103,IALk2S,https://hackstack.io/harbor/garden/1894,Ops review window,True,2025-08-12 18:01:10,2026-01-01 11:27:03
1895,390,yObEeh,https://example.com/navy/zenith/1895,Ops review window,True,2025-01-13 11:49:36,2025-10-26 20:49:04
1896,177,YvLKKO,https://acme.dev/dawn/pioneer/1896,Status board pioneer,True,2025-06-07 11:30:19,2025-09-17 02:10:35
1897,322,xoNs8f,https://opswise.net/forest/beacon/1897,Quarterly brief orbit,True,2026-02-08 07:57:29,2026-02-13 07:37:06
1898,372,l3tAFf,https://seeded.app/quiet/island/1898,Incident notes signal,True,2025-01-22 16:33:32,2025-08-12 05:54:13
1899,135,VAHeKr,https://seeded.app/quiet/garden/1899,Ops review quartz,True,2025-01-02 08:30:19,2025-07-20 21:39:49
1900,221,9VqXVa,https://seeded.app/young/harvest/1900,Status board beacon,True,2025-03-15 04:41:49,2025-05-23 15:51:36
1901,86,vAXzQl,https://hackstack.io/dawn/kernel/1901,Status board meadow,True,2025-02-01 15:28:30,2025-07-26 04:29:29
1902,281,8Lx2m1,https://opswise.net/jade/valley/1902,Campaign page island,True,2025-07-15 01:57:22,2025-11-15 04:50:19
1903,160,kQeEWG,https://hackstack.io/keen/meadow/1903,Service guide window,True,2025-05-01 22:52:05,2025-06-12 19:43:59
1904,168,89XgXq,https://hackstack.io/ember/river/1904,Launch deck uplink,False,2025-08-16 21:37:41,2025-10-20 07:13:21
1905,144,Amo1G5,https://acme.dev/calm/orbit/1905,Demo link uplink,True,2025-03-04 22:20:17,2026-01-23 17:45:34
1906,63,qgLKuc,https://opswise.net/dawn/beacon/1906,Campaign page river,True,2025-06-04 01:56:37,2025-07-23 15:08:17
1907,398,3uF97T,https://example.com/urban/network/1907,Quarterly brief signal,True,2025-03-31 20:23:52,2025-08-07 20:42:12
1908,9,xdJqO1,https://acme.dev/silver/window/1908,Alert feed anchor,True,2025-01-17 04:12:53,2025-03-06 02:21:14
1909,197,fUSKzi,https://example.com/ivory/signal/1909,Quarterly brief signal,True,2025-01-09 08:34:21,2025-02-24 16:25:52
1910,93,xj6MhY,https://seeded.app/gold/yard/1910,Campaign page window,True,2026-01-19 14:01:03,2026-02-02 20:27:07
1911,57,ZJ1ux4,https://hackstack.io/young/window/1911,Status board field,True,2025-02-17 16:06:08,2025-09-14 01:48:56
1912,392,AFGdzO,https://relay.cloud/lively/kernel/1912,Alert feed harvest,True,2025-04-10 07:18:50,2026-01-12 05:05:15
1913,115,Itftf5,https://example.com/gold/quartz/1913,Alert feed journey,True,2026-01-26 00:43:47,2026-02-19 11:17:46
1914,301,yzkLwQ,https://seeded.app/rapid/field/1914,Status board meadow,True,2025-06-26 17:51:13,2025-10-19 23:44:30
1915,201,2uhibB,https://acme.dev/amber/pioneer/1915,Status board lagoon,True,2025-12-22 12:31:55,2025-12-29 07:16:07
1916,203,eW9Ccf,https://acme.dev/amber/island/1916,Ops review lagoon,True,2025-05-09 06:46:53,2026-01-28 07:48:12
1917,65,NMnULz,https://seeded.app/jade/canyon/1917,Service guide lagoon,True,2025-12-22 03:12:56,2025-12-26 00:25:44
1918,1,pAvQts,https://acme.dev/keen/journey/1918,Service guide island,True,2025-01-04 07:41:37,2025-08-14 10:18:53
1919,269,nFSZoB,https://acme.dev/amber/lagoon/1919,Launch deck window,True,2025-06-15 20:53:19,2026-01-08 08:29:00
1920,380,FQqWKu,https://acme.dev/cobalt/zenith/1920,Demo link uplink,True,2025-12-03 22:00:20,2026-01-14 07:26:28
1921,53,nsn8jg,https://opswise.net/forest/field/1921,Roadmap update lagoon,False,2025-05-13 04:10:58,2025-05-13 21:27:25
1922,147,uPyMJs,https://relay.cloud/proud/journey/1922,Campaign page yard,True,2025-06-26 19:38:26,2026-01-18 04:07:08
1923,325,ug5CMN,https://opswise.net/ember/kernel/1923,Campaign page trail,True,2026-01-06 08:38:42,2026-02-08 23:04:14
1924,157,CP6QIn,https://opswise.net/mellow/network/1924,Demo link beacon,True,2025-12-06 19:24:24,2026-01-11 01:02:48
1925,277,oGFIrD,https://hackstack.io/navy/zenith/1925,Service guide harvest,True,2025-04-27 08:48:35,2025-07-04 17:03:23
1926,165,qVsrlF,https://hackstack.io/quiet/harvest/1926,Service guide zenith,True,2025-03-12 05:19:07,2026-01-05 15:52:37
1927,105,h7oJIy,https://seeded.app/keen/pioneer/1927,Roadmap update harvest,True,2025-09-03 11:30:29,2025-11-04 20:23:15
1928,345,VF0k9Y,https://hackstack.io/ember/canyon/1928,Status board orbit,True,2025-01-09 07:52:44,2025-02-19 12:47:51
1929,302,L81Dcc,https://acme.dev/opal/field/1929,Status board yard,True,2025-11-02 23:46:41,2025-12-17 18:09:43
1930,376,njHd1Y,https://acme.dev/forest/delta/1930,Demo link zenith,True,2025-09-14 04:11:02,2025-10-15 18:59:39
1931,30,zfAjU4,https://example.com/clear/lagoon/1931,Ops review signal,True,2026-01-18 20:33:51,2026-01-31 17:10:51
1932,144,4YD9fU,https://opswise.net/opal/uplink/1932,Ops review lagoon,True,2025-03-14 07:03:29,2025-06-20 13:56:19
1933,23,M4Rdci,https://example.com/urban/pioneer/1933,Alert feed delta,True,2025-06-19 20:17:38,2025-09-11 07:51:36
1934,359,atrGXZ,https://seeded.app/vivid/uplink/1934,Incident notes trail,True,2025-03-14 05:02:52,2025-12-13 08:14:08
1935,210,cnYr9D,https://opswise.net/keen/river/1935,Campaign page window,True,2026-02-11 19:14:42,2026-02-20 15:19:14
1936,81,EzP4Ay,https://hackstack.io/cobalt/signal/1936,Ops review zenith,True,2025-01-15 13:57:33,2026-02-07 18:33:12
1937,235,sxVzpj,https://opswise.net/amber/quartz/1937,Ops review quartz,True,2025-07-11 17:43:44,2025-12-06 18:06:41
1938,205,xJFxRW,https://example.com/ember/harvest/1938,Ops review harvest,False,2025-03-30 05:59:59,2025-09-12 16:22:32
1939,358,za0Z7x,https://opswise.net/navy/harvest/1939,Roadmap update uplink,True,2025-05-08 04:44:39,2025-07-29 00:20:19
1940,238,9nLWPS,https://hackstack.io/mellow/pioneer/1940,Demo link valley,True,2025-03-06 21:20:18,2026-01-14 07:10:55
1941,309,58v495,https://acme.dev/opal/yard/1941,Demo link harvest,True,2025-05-27 14:43:13,2025-06-09 14:40:37
1942,186,79Mvz7,https://acme.dev/young/quartz/1942,Quarterly brief valley,True,2025-12-03 18:25:22,2026-01-18 04:37:22
1943,170,gVNjIv,https://hackstack.io/navy/anchor/1943,Roadmap update beacon,True,2025-06-05 09:26:20,2025-12-21 14:22:09
1944,136,y02PzT,https://relay.cloud/silver/river/1944,Demo link engine,True,2025-12-22 08:00:04,2025-12-25 05:14:08
1945,98,iNXUn7,https://acme.dev/urban/river/1945,Quarterly brief garden,True,2026-01-27 21:41:06,2026-02-02 07:45:16
1946,222,oX4jNM,https://seeded.app/opal/canyon/1946,Launch deck delta,True,2025-07-29 15:50:23,2025-09-25 05:35:22
1947,183,ghLRT1,https://opswise.net/calm/trail/1947,Quarterly brief meadow,True,2025-08-08 06:47:56,2025-10-01 19:58:44
1948,249,3ekXYZ,https://hackstack.io/ember/signal/1948,Alert feed window,True,2026-02-11 16:07:39,2026-02-14 05:26:16
1949,65,tezlMW,https://example.com/lively/engine/1949,Demo link network,True,2025-06-11 01:33:13,2025-09-07 02:02:33
1950,395,xAL5ja,https://hackstack.io/young/beacon/1950,Demo link engine,True,2025-03-10 07:46:38,2025-04-18 13:36:56
1951,20,rPFN2z,https://example.com/lively/orbit/1951,Ops review uplink,True,2025-12-07 11:48:37,2025-12-09 16:15:33
1952,58,ZYbnWv,https://acme.dev/ivory/uplink/1952,Launch deck lagoon,True,2025-04-07 02:57:17,2025-08-21 11:30:37
1953,280,6fuV1Q,https://relay.cloud/rapid/canyon/1953,Status board yard,True,2025-04-09 13:58:45,2025-11-11 11:53:55
1954,238,0powrh,https://hackstack.io/amber/zenith/1954,Campaign page engine,True,2025-06-06 01:28:28,2025-09-11 15:36:41
1955,20,qVv3Cw,https://opswise.net/urban/engine/1955,Status board harvest,False,2025-06-09 22:55:04,2025-07-27 17:53:49
1956,249,a0pqEA,https://acme.dev/forest/lagoon/1956,Service guide delta,True,2026-02-19 20:25:20,2026-02-20 06:05:37
1957,180,OxoAUj,https://example.com/clear/river/1957,Ops review quartz,True,2025-09-21 02:42:11,2026-01-10 23:25:23
1958,347,plbJwp,https://example.com/opal/anchor/1958,Quarterly brief delta,True,2025-07-29 10:16:30,2026-02-03 09:06:02
1959,90,TGh1CM,https://relay.cloud/silver/zenith/1959,Roadmap update window,True,2025-03-02 08:29:22,2026-01-17 10:35:26
1960,148,DHRj5r,https://opswise.net/tidy/orbit/1960,Ops review anchor,True,2025-07-18 09:59:07,2025-12-08 04:43:50
1961,203,fpYc4p,https://example.com/cobalt/delta/1961,Roadmap update garden,True,2025-03-29 01:50:51,2025-07-21 15:55:25
1962,148,XBTb0r,https://opswise.net/mellow/pioneer/1962,Incident notes lagoon,True,2025-07-05 20:47:14,2026-02-06 22:06:51
1963,143,KbFAMP,https://example.com/keen/engine/1963,Launch deck island,True,2025-11-21 05:44:19,2025-12-18 10:24:25
1964,44,8Zer9R,https://opswise.net/navy/journey/1964,Launch deck kernel,True,2025-04-29 14:24:27,2025-12-04 08:14:33
1965,336,WToPBn,https://hackstack.io/vivid/engine/1965,Service guide island,True,2025-04-08 11:19:48,2025-08-28 04:38:11
1966,321,0OVtk5,https://seeded.app/urban/signal/1966,Ops review uplink,True,2025-05-10 17:09:41,2025-12-17 02:26:58
1967,43,0TP0rl,https://seeded.app/young/trail/1967,Campaign page uplink,True,2025-12-23 14:44:02,2026-01-22 22:50:41
1968,303,b4dDZM,https://example.com/rapid/engine/1968,Service guide anchor,True,2025-03-18 13:54:48,2025-07-01 16:42:30
1969,274,rwy0P6,https://hackstack.io/vivid/quartz/1969,Ops review lagoon,True,2025-03-05 21:48:47,2025-12-06 04:09:14
1970,355,VJunw6,https://example.com/young/signal/1970,Service guide canyon,True,2025-04-30 01:13:42,2026-01-26 22:59:36
1971,379,hh0bne,https://example.com/calm/kernel/1971,Status board garden,True,2026-01-04 17:00:57,2026-01-05 07:33:31
1972,378,1S7hqR,https://seeded.app/dawn/meadow/1972,Incident notes valley,False,2025-01-15 01:49:26,2025-10-03 23:06:42
1973,138,sQSEP1,https://relay.cloud/lively/yard/1973,Campaign page field,True,2025-02-03 20:06:54,2026-01-07 00:30:55
1974,60,AU7nwb,https://seeded.app/calm/valley/1974,Roadmap update orbit,True,2025-05-24 20:25:07,2025-08-09 16:35:32
1975,229,6YiUlS,https://opswise.net/gold/uplink/1975,Roadmap update quartz,True,2025-10-21 01:27:55,2026-01-13 17:10:12
1976,37,kz8jnz,https://seeded.app/keen/engine/1976,Quarterly brief signal,True,2025-08-13 03:00:56,2025-09-04 07:25:58
1977,59,YVClmS,https://seeded.app/silver/meadow/1977,Demo link river,True,2025-04-15 11:24:25,2025-10-10 02:58:46
1978,112,t8sXw3,https://acme.dev/keen/river/1978,Status board quartz,True,2025-01-04 17:30:40,2025-02-08 09:03:05
1979,162,nhMAFs,https://relay.cloud/calm/orbit/1979,Ops review uplink,True,2025-08-08 07:39:39,2026-02-18 12:37:25
1980,296,VNhBeB,https://relay.cloud/gold/meadow/1980,Service guide zenith,True,2025-10-20 23:20:45,2025-10-26 19:13:44
1981,27,XJjdf7,https://seeded.app/silver/window/1981,Roadmap update trail,True,2025-09-17 08:37:17,2025-12-28 15:14:17
1982,63,70iR51,https://acme.dev/young/uplink/1982,Ops review field,True,2025-11-24 22:41:54,2026-01-24 05:03:45
1983,109,2jfXXf,https://seeded.app/opal/harvest/1983,Quarterly brief journey,True,2025-01-10 13:56:17,2025-10-10 05:57:34
1984,400,SwLhR4,https://acme.dev/tidy/pioneer/1984,Roadmap update quartz,True,2025-06-13 09:05:56,2025-10-08 06:11:59
1985,335,YcVUsd,https://opswise.net/tidy/trail/1985,Ops review canyon,True,2025-08-28 21:06:28,2025-11-07 13:55:07
1986,293,izyiFQ,https://opswise.net/opal/valley/1986,Launch deck anchor,True,2025-05-31 05:52:16,2025-12-15 06:40:07
1987,262,anSFUB,https://acme.dev/amber/beacon/1987,Incident notes trail,True,2025-05-09 00:54:48,2025-10-01 20:54:54
1988,359,VOcMYN,https://opswise.net/clear/harvest/1988,Service guide delta,True,2025-11-06 18:29:39,2025-12-31 11:42:16
1989,157,rsMLgM,https://example.com/ember/yard/1989,Alert feed quartz,False,2025-11-21 15:43:10,2026-02-12 20:35:22
1990,399,3YOw9X,https://hackstack.io/silver/beacon/1990,Status board orbit,True,2025-12-20 12:38:03,2026-02-11 13:49:15
1991,274,7UbLCn,https://relay.cloud/young/delta/1991,Alert feed island,True,2025-12-04 04:32:32,2026-01-30 21:52:37
1992,145,7my2X2,https://relay.cloud/harbor/trail/1992,Ops review quartz,True,2026-01-24 18:27:31,2026-02-01 16:34:29
1993,286,yRhUdm,https://hackstack.io/young/harvest/1993,Quarterly brief meadow,True,2025-10-23 14:18:42,2025-10-28 15:25:53
1994,357,YidegA,https://opswise.net/warm/harvest/1994,Alert feed anchor,True,2026-01-20 09:14:33,2026-01-20 09:48:42
1995,113,ek2nAi,https://example.com/young/harvest/1995,Incident notes anchor,True,2025-11-25 10:03:32,2026-02-17 04:56:47
1996,78,Kfslar,https://opswise.net/cobalt/harvest/1996,Campaign page yard,True,2025-12-14 14:50:22,2026-01-22 22:33:22
1997,397,SWrQFn,https://seeded.app/dawn/engine/1997,Launch deck orbit,True,2025-04-06 17:45:35,2025-05-09 18:14:15
1998,204,navmRk,https://seeded.app/gold/island/1998,Demo link zenith,True,2025-03-07 20:49:45,2025-10-27 18:08:32
1999,105,fmxfII,https://relay.cloud/calm/orbit/1999,Service guide canyon,True,2025-01-10 15:30:42,2025-09-25 20:52:23
2000,365,VcEgkK,https://opswise.net/navy/trail/2000,Launch deck network,True,2025-07-06 13:17:52,2025-12-25 07:21:01
